track_id,path,genre
BigRoom001__afrojack_amba_shepherd_ravitez_the_great_escape_feat_amba_shepherd_extended_mix,/scratch/mk9649/datasets/beatsdataset_yt/BigRoom/BigRoom001__afrojack_amba_shepherd_ravitez_the_great_escape_feat_amba_shepherd_extended_mix.mp3,BigRoom
BigRoom002__alesso_take_my_breath_away_extended_mix,/scratch/mk9649/datasets/beatsdataset_yt/BigRoom/BigRoom002__alesso_take_my_breath_away_extended_mix.mp3,BigRoom
BigRoom003__alvaro_the_partysquad_kingdom_original_mix,/scratch/mk9649/datasets/beatsdataset_yt/BigRoom/BigRoom003__alvaro_the_partysquad_kingdom_original_mix.mp3,BigRoom
BigRoom004__arman_aydin_arem_ozguc_mafia_original_mix,/scratch/mk9649/datasets/beatsdataset_yt/BigRoom/BigRoom004__arman_aydin_arem_ozguc_mafia_original_mix.mp3,BigRoom
BigRoom005__armin_van_buuren_angel_taylor_make_it_right_feat_angel_taylor_juicy_m_extended_remix,/scratch/mk9649/datasets/beatsdataset_yt/BigRoom/BigRoom005__armin_van_buuren_angel_taylor_make_it_right_feat_angel_taylor_juicy_m_extended_remix.mp3,BigRoom
BigRoom006__armin_van_buuren_angel_taylor_make_it_right_feat_angel_taylor_morgan_page_extended_remix,/scratch/mk9649/datasets/beatsdataset_yt/BigRoom/BigRoom006__armin_van_buuren_angel_taylor_make_it_right_feat_angel_taylor_morgan_page_extended_remix.mp3,BigRoom
BigRoom007__armin_van_buuren_human_resource_dominator_extended_mix,/scratch/mk9649/datasets/beatsdataset_yt/BigRoom/BigRoom007__armin_van_buuren_human_resource_dominator_extended_mix.mp3,BigRoom
BigRoom008__armin_van_buuren_human_resource_dominator_tom_staar_extended_remix,/scratch/mk9649/datasets/beatsdataset_yt/BigRoom/BigRoom008__armin_van_buuren_human_resource_dominator_tom_staar_extended_remix.mp3,BigRoom
BigRoom009__armin_van_buuren_human_resource_dominator_twiig_extended_remix,/scratch/mk9649/datasets/beatsdataset_yt/BigRoom/BigRoom009__armin_van_buuren_human_resource_dominator_twiig_extended_remix.mp3,BigRoom
BigRoom010__asco_mooseca_original_mix,/scratch/mk9649/datasets/beatsdataset_yt/BigRoom/BigRoom010__asco_mooseca_original_mix.mp3,BigRoom
BigRoom011__axwell_ingrosso_thinking_about_you_dubvision_extended_mix,/scratch/mk9649/datasets/beatsdataset_yt/BigRoom/BigRoom011__axwell_ingrosso_thinking_about_you_dubvision_extended_mix.mp3,BigRoom
BigRoom012__axwell_shapov_belong_axwell_years_remode,/scratch/mk9649/datasets/beatsdataset_yt/BigRoom/BigRoom012__axwell_shapov_belong_axwell_years_remode.mp3,BigRoom
BigRoom013__bastille_send_them_off_tiesto_remix,/scratch/mk9649/datasets/beatsdataset_yt/BigRoom/BigRoom013__bastille_send_them_off_tiesto_remix.mp3,BigRoom
BigRoom014__bingo_players_out_of_my_mind_zookeper_remix,/scratch/mk9649/datasets/beatsdataset_yt/BigRoom/BigRoom014__bingo_players_out_of_my_mind_zookeper_remix.mp3,BigRoom
BigRoom015__blasterjaxx_big_bird_extended_mix,/scratch/mk9649/datasets/beatsdataset_yt/BigRoom/BigRoom015__blasterjaxx_big_bird_extended_mix.mp3,BigRoom
BigRoom016__blasterjaxx_marnik_heart_starts_to_beat_extended_mix,/scratch/mk9649/datasets/beatsdataset_yt/BigRoom/BigRoom016__blasterjaxx_marnik_heart_starts_to_beat_extended_mix.mp3,BigRoom
BigRoom017__bounce_inc_faith_original_mix,/scratch/mk9649/datasets/beatsdataset_yt/BigRoom/BigRoom017__bounce_inc_faith_original_mix.mp3,BigRoom
BigRoom018__calvin_harris_disciples_how_deep_is_your_love_calvin_harris_r3hab_remix,/scratch/mk9649/datasets/beatsdataset_yt/BigRoom/BigRoom018__calvin_harris_disciples_how_deep_is_your_love_calvin_harris_r3hab_remix.mp3,BigRoom
BigRoom019__cedric_gervais_david_guetta_chris_willis_would_i_lie_to_you_extended,/scratch/mk9649/datasets/beatsdataset_yt/BigRoom/BigRoom019__cedric_gervais_david_guetta_chris_willis_would_i_lie_to_you_extended.mp3,BigRoom
BigRoom020__chardy_matt_watkins_kings_extended_mix,/scratch/mk9649/datasets/beatsdataset_yt/BigRoom/BigRoom020__chardy_matt_watkins_kings_extended_mix.mp3,BigRoom
BigRoom021__chicane_moya_brennan_saltwater_feat_moya_brennan_kryder_remix,/scratch/mk9649/datasets/beatsdataset_yt/BigRoom/BigRoom021__chicane_moya_brennan_saltwater_feat_moya_brennan_kryder_remix.mp3,BigRoom
BigRoom022__cuebrick_linney_apek_safe_didrick_remix,/scratch/mk9649/datasets/beatsdataset_yt/BigRoom/BigRoom022__cuebrick_linney_apek_safe_didrick_remix.mp3,BigRoom
BigRoom023__cuebrick_linney_apek_safe_jochen_miller_remix,/scratch/mk9649/datasets/beatsdataset_yt/BigRoom/BigRoom023__cuebrick_linney_apek_safe_jochen_miller_remix.mp3,BigRoom
BigRoom024__d_wayne_jack_mcmanus_love_again_feat_jack_mcmanus_kiida_remix,/scratch/mk9649/datasets/beatsdataset_yt/BigRoom/BigRoom024__d_wayne_jack_mcmanus_love_again_feat_jack_mcmanus_kiida_remix.mp3,BigRoom
BigRoom025__d_wayne_jack_mcmanus_love_again_feat_jack_mcmanus_regilio_trilanes_arena_remix,/scratch/mk9649/datasets/beatsdataset_yt/BigRoom/BigRoom025__d_wayne_jack_mcmanus_love_again_feat_jack_mcmanus_regilio_trilanes_arena_remix.mp3,BigRoom
BigRoom026__dan_domino_nasty_original_mix,/scratch/mk9649/datasets/beatsdataset_yt/BigRoom/BigRoom026__dan_domino_nasty_original_mix.mp3,BigRoom
BigRoom027__dimitri_vegas_like_mike_martin_garrix_tremor_original_mix,/scratch/mk9649/datasets/beatsdataset_yt/BigRoom/BigRoom027__dimitri_vegas_like_mike_martin_garrix_tremor_original_mix.mp3,BigRoom
BigRoom028__dnknn_artem_original_mix,/scratch/mk9649/datasets/beatsdataset_yt/BigRoom/BigRoom028__dnknn_artem_original_mix.mp3,BigRoom
BigRoom029__do_dash_berlin_heaven_feat_do_club_mix,/scratch/mk9649/datasets/beatsdataset_yt/BigRoom/BigRoom029__do_dash_berlin_heaven_feat_do_club_mix.mp3,BigRoom
BigRoom030__doublev_formal_one_capoeira_original_mix,/scratch/mk9649/datasets/beatsdataset_yt/BigRoom/BigRoom030__doublev_formal_one_capoeira_original_mix.mp3,BigRoom
BigRoom031__duane_harden_merk_kremont_dannic_music_feat_duane_harden_extended_mix,/scratch/mk9649/datasets/beatsdataset_yt/BigRoom/BigRoom031__duane_harden_merk_kremont_dannic_music_feat_duane_harden_extended_mix.mp3,BigRoom
BigRoom032__dubvision_justin_oh_under_the_stars_extended_mix,/scratch/mk9649/datasets/beatsdataset_yt/BigRoom/BigRoom032__dubvision_justin_oh_under_the_stars_extended_mix.mp3,BigRoom
BigRoom033__exodus_wallstreet_hawkboy_boom_feat_hawkboy_original_mix,/scratch/mk9649/datasets/beatsdataset_yt/BigRoom/BigRoom033__exodus_wallstreet_hawkboy_boom_feat_hawkboy_original_mix.mp3,BigRoom
BigRoom034__fully_charged_release_me_extended_mix,/scratch/mk9649/datasets/beatsdataset_yt/BigRoom/BigRoom034__fully_charged_release_me_extended_mix.mp3,BigRoom
BigRoom035__funk_machine_japaroll_japafunk_extended_mix,/scratch/mk9649/datasets/beatsdataset_yt/BigRoom/BigRoom035__funk_machine_japaroll_japafunk_extended_mix.mp3,BigRoom
BigRoom036__funky_craig_wakizashi_original_mix,/scratch/mk9649/datasets/beatsdataset_yt/BigRoom/BigRoom036__funky_craig_wakizashi_original_mix.mp3,BigRoom
BigRoom037__garmiani_walshy_fire_voodoo_feat_walshy_fire_original_mix,/scratch/mk9649/datasets/beatsdataset_yt/BigRoom/BigRoom037__garmiani_walshy_fire_voodoo_feat_walshy_fire_original_mix.mp3,BigRoom
BigRoom038__gate_21_galaxy_original_mix,/scratch/mk9649/datasets/beatsdataset_yt/BigRoom/BigRoom038__gate_21_galaxy_original_mix.mp3,BigRoom
BigRoom039__hardwell_blasterjaxx_going_crazy_extended_mix,/scratch/mk9649/datasets/beatsdataset_yt/BigRoom/BigRoom039__hardwell_blasterjaxx_going_crazy_extended_mix.mp3,BigRoom
BigRoom040__hardwell_ww_get_down_extended_mix,/scratch/mk9649/datasets/beatsdataset_yt/BigRoom/BigRoom040__hardwell_ww_get_down_extended_mix.mp3,BigRoom
BigRoom041__hook_n_sling_galantis_love_on_me_galantis_misha_k_vip_mix,/scratch/mk9649/datasets/beatsdataset_yt/BigRoom/BigRoom041__hook_n_sling_galantis_love_on_me_galantis_misha_k_vip_mix.mp3,BigRoom
Breaks001__aggresivnes_bass_is_kicking_original_mix,/scratch/mk9649/datasets/beatsdataset_yt/Breaks/Breaks001__aggresivnes_bass_is_kicking_original_mix.mp3,Breaks
Breaks002__ahee_next_level_original_mix,/scratch/mk9649/datasets/beatsdataset_yt/Breaks/Breaks002__ahee_next_level_original_mix.mp3,Breaks
Breaks003__andypop_take_you_back_b_phreak_remix,/scratch/mk9649/datasets/beatsdataset_yt/Breaks/Breaks003__andypop_take_you_back_b_phreak_remix.mp3,Breaks
Breaks004__baymont_bross_call_to_god_original_mix,/scratch/mk9649/datasets/beatsdataset_yt/Breaks/Breaks004__baymont_bross_call_to_god_original_mix.mp3,Breaks
Breaks005__bbk_dmoney_t_cube_projects_shadow_t_cube_projects_remix_t_cube_projects,/scratch/mk9649/datasets/beatsdataset_yt/Breaks/Breaks005__bbk_dmoney_t_cube_projects_shadow_t_cube_projects_remix_t_cube_projects.mp3,Breaks
Breaks006__bbk_ondamike_star_is_born_original_mix,/scratch/mk9649/datasets/beatsdataset_yt/Breaks/Breaks006__bbk_ondamike_star_is_born_original_mix.mp3,Breaks
Breaks007__bbk_shade_k_maria_original_mix,/scratch/mk9649/datasets/beatsdataset_yt/Breaks/Breaks007__bbk_shade_k_maria_original_mix.mp3,Breaks
Breaks008__bbk_shade_k_payn_da_billz,/scratch/mk9649/datasets/beatsdataset_yt/Breaks/Breaks008__bbk_shade_k_payn_da_billz.mp3,Breaks
Breaks009__bbk_shade_k_phone_call_original_mix,/scratch/mk9649/datasets/beatsdataset_yt/Breaks/Breaks009__bbk_shade_k_phone_call_original_mix.mp3,Breaks
Breaks010__bennystylez_bryan_white_drop_you_original_mix,/scratch/mk9649/datasets/beatsdataset_yt/Breaks/Breaks010__bennystylez_bryan_white_drop_you_original_mix.mp3,Breaks
Breaks011__better_kicks_phantazmo_original_mix,/scratch/mk9649/datasets/beatsdataset_yt/Breaks/Breaks011__better_kicks_phantazmo_original_mix.mp3,Breaks
Breaks012__born_dirty_check_your_bell_original_mix,/scratch/mk9649/datasets/beatsdataset_yt/Breaks/Breaks012__born_dirty_check_your_bell_original_mix.mp3,Breaks
Breaks013__boys_noize_rock_the_bells_original_mix,/scratch/mk9649/datasets/beatsdataset_yt/Breaks/Breaks013__boys_noize_rock_the_bells_original_mix.mp3,Breaks
Breaks014__breaksmafia_let_me_in_original_mix,/scratch/mk9649/datasets/beatsdataset_yt/Breaks/Breaks014__breaksmafia_let_me_in_original_mix.mp3,Breaks
Breaks015__breaksmafia_put_em_up_original_mix,/scratch/mk9649/datasets/beatsdataset_yt/Breaks/Breaks015__breaksmafia_put_em_up_original_mix.mp3,Breaks
Breaks016__bubble_couple_play_original_mix,/scratch/mk9649/datasets/beatsdataset_yt/Breaks/Breaks016__bubble_couple_play_original_mix.mp3,Breaks
Breaks017__colombo_fly_by_night_original_mix,/scratch/mk9649/datasets/beatsdataset_yt/Breaks/Breaks017__colombo_fly_by_night_original_mix.mp3,Breaks
Breaks018__colombo_forever_west_flavored_remixes_vol_5,/scratch/mk9649/datasets/beatsdataset_yt/Breaks/Breaks018__colombo_forever_west_flavored_remixes_vol_5.mp3,Breaks
Breaks019__common_underground_27_calibre_original_mix,/scratch/mk9649/datasets/beatsdataset_yt/Breaks/Breaks019__common_underground_27_calibre_original_mix.mp3,Breaks
Breaks020__crawford_life_original_mix,/scratch/mk9649/datasets/beatsdataset_yt/Breaks/Breaks020__crawford_life_original_mix.mp3,Breaks
Breaks021__daze_prism_react_original_mix,/scratch/mk9649/datasets/beatsdataset_yt/Breaks/Breaks021__daze_prism_react_original_mix.mp3,Breaks
Breaks022__diggabeatz_the_wind_up_original_mix,/scratch/mk9649/datasets/beatsdataset_yt/Breaks/Breaks022__diggabeatz_the_wind_up_original_mix.mp3,Breaks
Breaks023__dirty_kicks_wes_smith_shake_that_dj_fixx_remix,/scratch/mk9649/datasets/beatsdataset_yt/Breaks/Breaks023__dirty_kicks_wes_smith_shake_that_dj_fixx_remix.mp3,Breaks
Breaks024__disaster_beats_rock_the_party_yo_speed_remix,/scratch/mk9649/datasets/beatsdataset_yt/Breaks/Breaks024__disaster_beats_rock_the_party_yo_speed_remix.mp3,Breaks
Breaks025__disperto_certain_ragga_shudder_original_mix,/scratch/mk9649/datasets/beatsdataset_yt/Breaks/Breaks025__disperto_certain_ragga_shudder_original_mix.mp3,Breaks
Breaks026__dj_fixx_drizzle_original_mix,/scratch/mk9649/datasets/beatsdataset_yt/Breaks/Breaks026__dj_fixx_drizzle_original_mix.mp3,Breaks
Breaks027__dj_icey_everything_gonna_be_just_fine_original_mix,/scratch/mk9649/datasets/beatsdataset_yt/Breaks/Breaks027__dj_icey_everything_gonna_be_just_fine_original_mix.mp3,Breaks
Breaks028__dj_icey_raeann_how_long_feat_raeann_original_mix,/scratch/mk9649/datasets/beatsdataset_yt/Breaks/Breaks028__dj_icey_raeann_how_long_feat_raeann_original_mix.mp3,Breaks
Breaks029__dj_rashad_dj_paypal_nick_hook_us_nasty_nigel_3_feat_dj_rashad_dj_paypal_nasty_nigel_original_mix,/scratch/mk9649/datasets/beatsdataset_yt/Breaks/Breaks029__dj_rashad_dj_paypal_nick_hook_us_nasty_nigel_3_feat_dj_rashad_dj_paypal_nasty_nigel_original_mix.mp3,Breaks
Breaks030__dread_mc_young_h_strip_again_original_mix,/scratch/mk9649/datasets/beatsdataset_yt/Breaks/Breaks030__dread_mc_young_h_strip_again_original_mix.mp3,Breaks
Breaks031__evil_nine_your_girl_original_mix,/scratch/mk9649/datasets/beatsdataset_yt/Breaks/Breaks031__evil_nine_your_girl_original_mix.mp3,Breaks
Breaks032__eztereo_demons_original_mix,/scratch/mk9649/datasets/beatsdataset_yt/Breaks/Breaks032__eztereo_demons_original_mix.mp3,Breaks
Breaks033__eztereo_flow_you_original_mix,/scratch/mk9649/datasets/beatsdataset_yt/Breaks/Breaks033__eztereo_flow_you_original_mix.mp3,Breaks
Breaks035__firestar_soundsystem_dat_booy_tho_original_mix,/scratch/mk9649/datasets/beatsdataset_yt/Breaks/Breaks035__firestar_soundsystem_dat_booy_tho_original_mix.mp3,Breaks
Breaks036__fm_3_holla,/scratch/mk9649/datasets/beatsdataset_yt/Breaks/Breaks036__fm_3_holla.mp3,Breaks
Breaks037__freq_boutique_check_this,/scratch/mk9649/datasets/beatsdataset_yt/Breaks/Breaks037__freq_boutique_check_this.mp3,Breaks
Breaks038__freq_boutique_get_tipsy_original_mix,/scratch/mk9649/datasets/beatsdataset_yt/Breaks/Breaks038__freq_boutique_get_tipsy_original_mix.mp3,Breaks
Breaks039__guau_turn_original_mix,/scratch/mk9649/datasets/beatsdataset_yt/Breaks/Breaks039__guau_turn_original_mix.mp3,Breaks
Breaks040__hankook_drop_the_bass_original_mix,/scratch/mk9649/datasets/beatsdataset_yt/Breaks/Breaks040__hankook_drop_the_bass_original_mix.mp3,Breaks
Breaks041__hedflux_superluminal_sound_original_mix,/scratch/mk9649/datasets/beatsdataset_yt/Breaks/Breaks041__hedflux_superluminal_sound_original_mix.mp3,Breaks
Dance001__aeroplane_purple_disco_machine_sambal_extended_mix,/scratch/mk9649/datasets/beatsdataset_yt/Dance/Dance001__aeroplane_purple_disco_machine_sambal_extended_mix.mp3,Dance
Dance002__alan_walker_sing_me_to_sleep_marshmello_remix,/scratch/mk9649/datasets/beatsdataset_yt/Dance/Dance002__alan_walker_sing_me_to_sleep_marshmello_remix.mp3,Dance
Dance003__alex_guesta_mundian_to_bach_ke_alex_guesta_tribal_mix,/scratch/mk9649/datasets/beatsdataset_yt/Dance/Dance003__alex_guesta_mundian_to_bach_ke_alex_guesta_tribal_mix.mp3,Dance
Dance004__alok_bruno_martini_zeeba_hear_me_now_feat_zeeba_club_edit,/scratch/mk9649/datasets/beatsdataset_yt/Dance/Dance004__alok_bruno_martini_zeeba_hear_me_now_feat_zeeba_club_edit.mp3,Dance
Dance005__alvaro_the_partysquad_lights_out_club_mix,/scratch/mk9649/datasets/beatsdataset_yt/Dance/Dance005__alvaro_the_partysquad_lights_out_club_mix.mp3,Dance
Dance006__andrey_exx_the_man_with_the_red_face_ben_delay_remix,/scratch/mk9649/datasets/beatsdataset_yt/Dance/Dance006__andrey_exx_the_man_with_the_red_face_ben_delay_remix.mp3,Dance
Dance007__andrey_exx_elis_m_feeling_rapture_feat_mary_irene_andrey_exx_mix,/scratch/mk9649/datasets/beatsdataset_yt/Dance/Dance007__andrey_exx_elis_m_feeling_rapture_feat_mary_irene_andrey_exx_mix.mp3,Dance
Dance008__anjulie_boombox_cartel_quix_supernatural_feat_anjulie_original_mix,/scratch/mk9649/datasets/beatsdataset_yt/Dance/Dance008__anjulie_boombox_cartel_quix_supernatural_feat_anjulie_original_mix.mp3,Dance
Dance009__apres_take_over_original_mix,/scratch/mk9649/datasets/beatsdataset_yt/Dance/Dance009__apres_take_over_original_mix.mp3,Dance
Dance010__aquarian_dreams_love_tears_ben_delay_remix,/scratch/mk9649/datasets/beatsdataset_yt/Dance/Dance010__aquarian_dreams_love_tears_ben_delay_remix.mp3,Dance
Dance011__armand_van_helden_wings_extended_mix,/scratch/mk9649/datasets/beatsdataset_yt/Dance/Dance011__armand_van_helden_wings_extended_mix.mp3,Dance
Dance012__attlas_blood_work_extended_mix,/scratch/mk9649/datasets/beatsdataset_yt/Dance/Dance012__attlas_blood_work_extended_mix.mp3,Dance
Dance013__bassjackers_kshmr_sidnie_tipton_extreme_feat_sidnie_tipton_original_mix,/scratch/mk9649/datasets/beatsdataset_yt/Dance/Dance013__bassjackers_kshmr_sidnie_tipton_extreme_feat_sidnie_tipton_original_mix.mp3,Dance
Dance014__ben_delay_my_game_original_mix,/scratch/mk9649/datasets/beatsdataset_yt/Dance/Dance014__ben_delay_my_game_original_mix.mp3,Dance
Dance015__bob_marley_bolier_lvndscape_is_this_love_feat_lvndscape_feat_bolier_extended_mix,/scratch/mk9649/datasets/beatsdataset_yt/Dance/Dance015__bob_marley_bolier_lvndscape_is_this_love_feat_lvndscape_feat_bolier_extended_mix.mp3,Dance
Dance016__boombox_cartel_nghtmre_aftershock_boombox_cartel_vip,/scratch/mk9649/datasets/beatsdataset_yt/Dance/Dance016__boombox_cartel_nghtmre_aftershock_boombox_cartel_vip.mp3,Dance
Dance017__calvin_harris_disciples_how_deep_is_your_love_extended_mix,/scratch/mk9649/datasets/beatsdataset_yt/Dance/Dance017__calvin_harris_disciples_how_deep_is_your_love_extended_mix.mp3,Dance
Dance018__chicco_secci_cristian_marchi_remata_chicco_secci_tribe_extended_mix,/scratch/mk9649/datasets/beatsdataset_yt/Dance/Dance018__chicco_secci_cristian_marchi_remata_chicco_secci_tribe_extended_mix.mp3,Dance
Dance019__coldplay_seeb_hymn_for_the_weekend_seeb_remix,/scratch/mk9649/datasets/beatsdataset_yt/Dance/Dance019__coldplay_seeb_hymn_for_the_weekend_seeb_remix.mp3,Dance
Dance020__colin_carrell_party_jump_original_mix,/scratch/mk9649/datasets/beatsdataset_yt/Dance/Dance020__colin_carrell_party_jump_original_mix.mp3,Dance
Dance021__croatia_squad_lika_morgan_make_your_move_original_mix,/scratch/mk9649/datasets/beatsdataset_yt/Dance/Dance021__croatia_squad_lika_morgan_make_your_move_original_mix.mp3,Dance
Dance022__dante_klein_cheat_codes_let_me_hold_you_turn_me_on_extended_mix,/scratch/mk9649/datasets/beatsdataset_yt/Dance/Dance022__dante_klein_cheat_codes_let_me_hold_you_turn_me_on_extended_mix.mp3,Dance
Dance023__deorro_dycy_goin_up_feat_dycy_original_mix,/scratch/mk9649/datasets/beatsdataset_yt/Dance/Dance023__deorro_dycy_goin_up_feat_dycy_original_mix.mp3,Dance
Dance024__diplo_dimitri_vegas_like_mike_hey_baby_feat_debs_daughter_radio_edit,/scratch/mk9649/datasets/beatsdataset_yt/Dance/Dance024__diplo_dimitri_vegas_like_mike_hey_baby_feat_debs_daughter_radio_edit.mp3,Dance
Dance025__disciples_daylight_original_mix,/scratch/mk9649/datasets/beatsdataset_yt/Dance/Dance025__disciples_daylight_original_mix.mp3,Dance
Dance026__dj_snake_justin_bieber_let_me_love_you_original_mix,/scratch/mk9649/datasets/beatsdataset_yt/Dance/Dance026__dj_snake_justin_bieber_let_me_love_you_original_mix.mp3,Dance
Dance027__dom_dolla_you_extended_mix,/scratch/mk9649/datasets/beatsdataset_yt/Dance/Dance027__dom_dolla_you_extended_mix.mp3,Dance
Dance028__dombresky_utopia_original_mix,/scratch/mk9649/datasets/beatsdataset_yt/Dance/Dance028__dombresky_utopia_original_mix.mp3,Dance
Dance029__don_diablo_steve_aoki_lush_simon_bullysongs_what_we_started_feat_bullysongs_extended_mix,/scratch/mk9649/datasets/beatsdataset_yt/Dance/Dance029__don_diablo_steve_aoki_lush_simon_bullysongs_what_we_started_feat_bullysongs_extended_mix.mp3,Dance
Dance030__dustycloud_sometimes_original_mix,/scratch/mk9649/datasets/beatsdataset_yt/Dance/Dance030__dustycloud_sometimes_original_mix.mp3,Dance
Dance031__dvbbs_cmc_gia_koka_not_going_home_feat_gia_koka_original_mix,/scratch/mk9649/datasets/beatsdataset_yt/Dance/Dance031__dvbbs_cmc_gia_koka_not_going_home_feat_gia_koka_original_mix.mp3,Dance
Dance032__ephemerals_kungs_i_feel_so_bad_extended_mix,/scratch/mk9649/datasets/beatsdataset_yt/Dance/Dance032__ephemerals_kungs_i_feel_so_bad_extended_mix.mp3,Dance
Dance033__fatboy_slim_ninetoes_finder_hope_extended_mix,/scratch/mk9649/datasets/beatsdataset_yt/Dance/Dance033__fatboy_slim_ninetoes_finder_hope_extended_mix.mp3,Dance
Dance034__fedde_le_grand_rhythm_of_the_night_original_extended_mix,/scratch/mk9649/datasets/beatsdataset_yt/Dance/Dance034__fedde_le_grand_rhythm_of_the_night_original_extended_mix.mp3,Dance
Dance035__felix_leiter_be_free_extended_mix,/scratch/mk9649/datasets/beatsdataset_yt/Dance/Dance035__felix_leiter_be_free_extended_mix.mp3,Dance
Dance036__frey_good_times_original_mix,/scratch/mk9649/datasets/beatsdataset_yt/Dance/Dance036__frey_good_times_original_mix.mp3,Dance
Dance037__frey_waxy_club_crusher_original_mix,/scratch/mk9649/datasets/beatsdataset_yt/Dance/Dance037__frey_waxy_club_crusher_original_mix.mp3,Dance
Dance038__gabriel_angel_stu_g_sealed_wet_lips_feat_gabriel_angel_me_my_toothbrush_remix,/scratch/mk9649/datasets/beatsdataset_yt/Dance/Dance038__gabriel_angel_stu_g_sealed_wet_lips_feat_gabriel_angel_me_my_toothbrush_remix.mp3,Dance
Dance039__galantis_no_money_extended_mix,/scratch/mk9649/datasets/beatsdataset_yt/Dance/Dance039__galantis_no_money_extended_mix.mp3,Dance
Dance040__giacca_flores_last_night_a_dj_saved_my_life_original_mix,/scratch/mk9649/datasets/beatsdataset_yt/Dance/Dance040__giacca_flores_last_night_a_dj_saved_my_life_original_mix.mp3,Dance
DeepHouse001__me_cape_coast_original_mix,/scratch/mk9649/datasets/beatsdataset_yt/DeepHouse/DeepHouse001__me_cape_coast_original_mix.mp3,DeepHouse
DeepHouse002__adriatique_quadrivia_original_mix,/scratch/mk9649/datasets/beatsdataset_yt/DeepHouse/DeepHouse002__adriatique_quadrivia_original_mix.mp3,DeepHouse
DeepHouse003__alex_kennon_last_call_karmon_remix,/scratch/mk9649/datasets/beatsdataset_yt/DeepHouse/DeepHouse003__alex_kennon_last_call_karmon_remix.mp3,DeepHouse
DeepHouse004__ante_perry_paji_diagonal_einmusik_remix,/scratch/mk9649/datasets/beatsdataset_yt/DeepHouse/DeepHouse004__ante_perry_paji_diagonal_einmusik_remix.mp3,DeepHouse
DeepHouse005__archie_hamilton_the_universe_original_mix,/scratch/mk9649/datasets/beatsdataset_yt/DeepHouse/DeepHouse005__archie_hamilton_the_universe_original_mix.mp3,DeepHouse
DeepHouse006__armen_miran_heavenly_life_original_mix,/scratch/mk9649/datasets/beatsdataset_yt/DeepHouse/DeepHouse006__armen_miran_heavenly_life_original_mix.mp3,DeepHouse
DeepHouse007__bas_roos_midnight_people_original_mix,/scratch/mk9649/datasets/beatsdataset_yt/DeepHouse/DeepHouse007__bas_roos_midnight_people_original_mix.mp3,DeepHouse
DeepHouse009__boxed_in_forget_george_fitzgerald_remix_original_mix,/scratch/mk9649/datasets/beatsdataset_yt/DeepHouse/DeepHouse009__boxed_in_forget_george_fitzgerald_remix_original_mix.mp3,DeepHouse
DeepHouse010__christian_prommer_johannes_brecht_voix_grave_johannes_brecht_version,/scratch/mk9649/datasets/beatsdataset_yt/DeepHouse/DeepHouse010__christian_prommer_johannes_brecht_voix_grave_johannes_brecht_version.mp3,DeepHouse
DeepHouse011__compuphonic_my_love_original_mix,/scratch/mk9649/datasets/beatsdataset_yt/DeepHouse/DeepHouse011__compuphonic_my_love_original_mix.mp3,DeepHouse
DeepHouse012__cubicolor_fictionalise_lindstrom_prins_thomas_remix,/scratch/mk9649/datasets/beatsdataset_yt/DeepHouse/DeepHouse012__cubicolor_fictionalise_lindstrom_prins_thomas_remix.mp3,DeepHouse
DeepHouse013__dya_do_it_original_mix,/scratch/mk9649/datasets/beatsdataset_yt/DeepHouse/DeepHouse013__dya_do_it_original_mix.mp3,DeepHouse
DeepHouse014__david_hohme_fear_less_hraach_remix,/scratch/mk9649/datasets/beatsdataset_yt/DeepHouse/DeepHouse014__david_hohme_fear_less_hraach_remix.mp3,DeepHouse
DeepHouse015__dayne_s_blind_original_mix,/scratch/mk9649/datasets/beatsdataset_yt/DeepHouse/DeepHouse015__dayne_s_blind_original_mix.mp3,DeepHouse
DeepHouse016__dennis_ferrer_maniac_3000_original_mix,/scratch/mk9649/datasets/beatsdataset_yt/DeepHouse/DeepHouse016__dennis_ferrer_maniac_3000_original_mix.mp3,DeepHouse
DeepHouse017__dilby_hubba_hideout_original_mix,/scratch/mk9649/datasets/beatsdataset_yt/DeepHouse/DeepHouse017__dilby_hubba_hideout_original_mix.mp3,DeepHouse
DeepHouse018__dinky_casa_axel_boman_dub_mix,/scratch/mk9649/datasets/beatsdataset_yt/DeepHouse/DeepHouse018__dinky_casa_axel_boman_dub_mix.mp3,DeepHouse
DeepHouse019__dino_lenny_doorly_the_magic_room_luke_solomons_live_forever_remix,/scratch/mk9649/datasets/beatsdataset_yt/DeepHouse/DeepHouse019__dino_lenny_doorly_the_magic_room_luke_solomons_live_forever_remix.mp3,DeepHouse
DeepHouse020__dj_vivona_le_noir_ed_ed_sasse_dark_remix,/scratch/mk9649/datasets/beatsdataset_yt/DeepHouse/DeepHouse020__dj_vivona_le_noir_ed_ed_sasse_dark_remix.mp3,DeepHouse
DeepHouse021__dusky_solomon_grey_long_wait_feat_solomon_grey_patrice_baumel_instrumental,/scratch/mk9649/datasets/beatsdataset_yt/DeepHouse/DeepHouse021__dusky_solomon_grey_long_wait_feat_solomon_grey_patrice_baumel_instrumental.mp3,DeepHouse
DeepHouse022__dusky_solomon_grey_long_wait_feat_solomon_grey_patrice_baumel_remix,/scratch/mk9649/datasets/beatsdataset_yt/DeepHouse/DeepHouse022__dusky_solomon_grey_long_wait_feat_solomon_grey_patrice_baumel_remix.mp3,DeepHouse
DeepHouse023__dusky_solomon_grey_long_wait_feat_solomon_grey_yotto_remix,/scratch/mk9649/datasets/beatsdataset_yt/DeepHouse/DeepHouse023__dusky_solomon_grey_long_wait_feat_solomon_grey_yotto_remix.mp3,DeepHouse
DeepHouse024__eating_snow_this_emptiness_is_mine_andhim_remix,/scratch/mk9649/datasets/beatsdataset_yt/DeepHouse/DeepHouse024__eating_snow_this_emptiness_is_mine_andhim_remix.mp3,DeepHouse
DeepHouse025__eric_d_clark_stefan_braatz_mon_amour_original_mix,/scratch/mk9649/datasets/beatsdataset_yt/DeepHouse/DeepHouse025__eric_d_clark_stefan_braatz_mon_amour_original_mix.mp3,DeepHouse
DeepHouse026__florian_kruse_hendrik_burkhard_the_ground_joris_voorn_remix,/scratch/mk9649/datasets/beatsdataset_yt/DeepHouse/DeepHouse026__florian_kruse_hendrik_burkhard_the_ground_joris_voorn_remix.mp3,DeepHouse
DeepHouse027__fort_romeau_away_original_mix,/scratch/mk9649/datasets/beatsdataset_yt/DeepHouse/DeepHouse027__fort_romeau_away_original_mix.mp3,DeepHouse
DeepHouse028__fusion_groove_orchestra_steve_lucas_if_only_i_could_feat_steve_lucas_liem_remix,/scratch/mk9649/datasets/beatsdataset_yt/DeepHouse/DeepHouse028__fusion_groove_orchestra_steve_lucas_if_only_i_could_feat_steve_lucas_liem_remix.mp3,DeepHouse
DeepHouse029__gheist_blue_petrel_original_mix,/scratch/mk9649/datasets/beatsdataset_yt/DeepHouse/DeepHouse029__gheist_blue_petrel_original_mix.mp3,DeepHouse
DeepHouse030__giorgia_angiuli_everything_changes_original_mix,/scratch/mk9649/datasets/beatsdataset_yt/DeepHouse/DeepHouse030__giorgia_angiuli_everything_changes_original_mix.mp3,DeepHouse
DeepHouse031__guy_gerber_full_circle_original_mix,/scratch/mk9649/datasets/beatsdataset_yt/DeepHouse/DeepHouse031__guy_gerber_full_circle_original_mix.mp3,DeepHouse
DeepHouse032__guy_j_algorithm_henry_saiz_remix,/scratch/mk9649/datasets/beatsdataset_yt/DeepHouse/DeepHouse032__guy_j_algorithm_henry_saiz_remix.mp3,DeepHouse
DeepHouse033__henry_saiz_lucero_del_alba_kris_davis_remix,/scratch/mk9649/datasets/beatsdataset_yt/DeepHouse/DeepHouse033__henry_saiz_lucero_del_alba_kris_davis_remix.mp3,DeepHouse
DeepHouse034__henry_saiz_eloy_for_days_and_nights_feat_eloy_boiler_room_version,/scratch/mk9649/datasets/beatsdataset_yt/DeepHouse/DeepHouse034__henry_saiz_eloy_for_days_and_nights_feat_eloy_boiler_room_version.mp3,DeepHouse
DeepHouse035__henry_saiz_eloy_for_days_and_nights_feat_eloy_dawn_version,/scratch/mk9649/datasets/beatsdataset_yt/DeepHouse/DeepHouse035__henry_saiz_eloy_for_days_and_nights_feat_eloy_dawn_version.mp3,DeepHouse
DeepHouse036__hosini_lucid_dreams_ghiz_retouch_original_mix,/scratch/mk9649/datasets/beatsdataset_yt/DeepHouse/DeepHouse036__hosini_lucid_dreams_ghiz_retouch_original_mix.mp3,DeepHouse
DeepHouse037__hraach_burned_the_strings_original_mix,/scratch/mk9649/datasets/beatsdataset_yt/DeepHouse/DeepHouse037__hraach_burned_the_strings_original_mix.mp3,DeepHouse
DeepHouse038__hraach_armen_miran_aldebaran_original,/scratch/mk9649/datasets/beatsdataset_yt/DeepHouse/DeepHouse038__hraach_armen_miran_aldebaran_original.mp3,DeepHouse
DeepHouse039__hraach_armen_miran_lullaby_original,/scratch/mk9649/datasets/beatsdataset_yt/DeepHouse/DeepHouse039__hraach_armen_miran_lullaby_original.mp3,DeepHouse
DeepHouse040__human_machine_africa_original_mix,/scratch/mk9649/datasets/beatsdataset_yt/DeepHouse/DeepHouse040__human_machine_africa_original_mix.mp3,DeepHouse
DeepHouse041__ingrid_lukas_we_are_manuel_tur_remix_3,/scratch/mk9649/datasets/beatsdataset_yt/DeepHouse/DeepHouse041__ingrid_lukas_we_are_manuel_tur_remix_3.mp3,DeepHouse
DrumAndBass001__1991_dim_sum_original_mix,/scratch/mk9649/datasets/beatsdataset_yt/DrumAndBass/DrumAndBass001__1991_dim_sum_original_mix.mp3,DrumAndBass
DrumAndBass002__1991_jungle_cats_original_mix,/scratch/mk9649/datasets/beatsdataset_yt/DrumAndBass/DrumAndBass002__1991_jungle_cats_original_mix.mp3,DrumAndBass
DrumAndBass003__akov_ydott_twisted_feat_ydott_original_mix,/scratch/mk9649/datasets/beatsdataset_yt/DrumAndBass/DrumAndBass003__akov_ydott_twisted_feat_ydott_original_mix.mp3,DrumAndBass
DrumAndBass004__alix_perez_drifting_original_mix,/scratch/mk9649/datasets/beatsdataset_yt/DrumAndBass/DrumAndBass004__alix_perez_drifting_original_mix.mp3,DrumAndBass
DrumAndBass005__alix_perez_inside_your_love_original_mix,/scratch/mk9649/datasets/beatsdataset_yt/DrumAndBass/DrumAndBass005__alix_perez_inside_your_love_original_mix.mp3,DrumAndBass
DrumAndBass006__alix_perez_numbers_feat_benabu_original_mix,/scratch/mk9649/datasets/beatsdataset_yt/DrumAndBass/DrumAndBass006__alix_perez_numbers_feat_benabu_original_mix.mp3,DrumAndBass
DrumAndBass007__alix_perez_the_raven_original_mix,/scratch/mk9649/datasets/beatsdataset_yt/DrumAndBass/DrumAndBass007__alix_perez_the_raven_original_mix.mp3,DrumAndBass
DrumAndBass008__alix_perez_zero_t_the_ladders_original_mix,/scratch/mk9649/datasets/beatsdataset_yt/DrumAndBass/DrumAndBass008__alix_perez_zero_t_the_ladders_original_mix.mp3,DrumAndBass
DrumAndBass009__amoss_yuzu_original_mix,/scratch/mk9649/datasets/beatsdataset_yt/DrumAndBass/DrumAndBass009__amoss_yuzu_original_mix.mp3,DrumAndBass
DrumAndBass010__bachelors_of_science_backfoot_dub_feat_emcee_child_bladerunner_remix,/scratch/mk9649/datasets/beatsdataset_yt/DrumAndBass/DrumAndBass010__bachelors_of_science_backfoot_dub_feat_emcee_child_bladerunner_remix.mp3,DrumAndBass
DrumAndBass011__bad_company_uk_equilibrium_original_mix,/scratch/mk9649/datasets/beatsdataset_yt/DrumAndBass/DrumAndBass011__bad_company_uk_equilibrium_original_mix.mp3,DrumAndBass
DrumAndBass012__bad_company_uk_nomad_original_mix,/scratch/mk9649/datasets/beatsdataset_yt/DrumAndBass/DrumAndBass012__bad_company_uk_nomad_original_mix.mp3,DrumAndBass
DrumAndBass013__break_aint_no_turnin_back_original_mix,/scratch/mk9649/datasets/beatsdataset_yt/DrumAndBass/DrumAndBass013__break_aint_no_turnin_back_original_mix.mp3,DrumAndBass
DrumAndBass014__break_free_your_mind_feat_singing_fats_break_remix,/scratch/mk9649/datasets/beatsdataset_yt/DrumAndBass/DrumAndBass014__break_free_your_mind_feat_singing_fats_break_remix.mp3,DrumAndBass
DrumAndBass015__break_headway_original_mix,/scratch/mk9649/datasets/beatsdataset_yt/DrumAndBass/DrumAndBass015__break_headway_original_mix.mp3,DrumAndBass
DrumAndBass016__break_not_forgotten_original_mix,/scratch/mk9649/datasets/beatsdataset_yt/DrumAndBass/DrumAndBass016__break_not_forgotten_original_mix.mp3,DrumAndBass
DrumAndBass017__break_the_rush_original_mix,/scratch/mk9649/datasets/beatsdataset_yt/DrumAndBass/DrumAndBass017__break_the_rush_original_mix.mp3,DrumAndBass
DrumAndBass018__break_who_got_da_funk_original_mix,/scratch/mk9649/datasets/beatsdataset_yt/DrumAndBass/DrumAndBass018__break_who_got_da_funk_original_mix.mp3,DrumAndBass
DrumAndBass019__calibre_iron_balls_original_mix,/scratch/mk9649/datasets/beatsdataset_yt/DrumAndBass/DrumAndBass019__calibre_iron_balls_original_mix.mp3,DrumAndBass
DrumAndBass020__camo_krooked_ember_original_mix,/scratch/mk9649/datasets/beatsdataset_yt/DrumAndBass/DrumAndBass020__camo_krooked_ember_original_mix.mp3,DrumAndBass
DrumAndBass021__camo_krooked_joe_killington_if_i_could_original_mix,/scratch/mk9649/datasets/beatsdataset_yt/DrumAndBass/DrumAndBass021__camo_krooked_joe_killington_if_i_could_original_mix.mp3,DrumAndBass
DrumAndBass022__chimpo_war_tanker_original_mix,/scratch/mk9649/datasets/beatsdataset_yt/DrumAndBass/DrumAndBass022__chimpo_war_tanker_original_mix.mp3,DrumAndBass
DrumAndBass023__command_strange_satl_turn_me_on_feat_command_strange_original_mix,/scratch/mk9649/datasets/beatsdataset_yt/DrumAndBass/DrumAndBass023__command_strange_satl_turn_me_on_feat_command_strange_original_mix.mp3,DrumAndBass
DrumAndBass024__computerartist_qo_get_down_original_mix,/scratch/mk9649/datasets/beatsdataset_yt/DrumAndBass/DrumAndBass024__computerartist_qo_get_down_original_mix.mp3,DrumAndBass
DrumAndBass025__concord_dawn_need_for_mirrors_surrender_all_original_mix,/scratch/mk9649/datasets/beatsdataset_yt/DrumAndBass/DrumAndBass025__concord_dawn_need_for_mirrors_surrender_all_original_mix.mp3,DrumAndBass
DrumAndBass026__current_value_lockjaw_lockjaw_current_value_countdown_original_mix,/scratch/mk9649/datasets/beatsdataset_yt/DrumAndBass/DrumAndBass026__current_value_lockjaw_lockjaw_current_value_countdown_original_mix.mp3,DrumAndBass
DrumAndBass027__dc_breaks_arcade_original_mix,/scratch/mk9649/datasets/beatsdataset_yt/DrumAndBass/DrumAndBass027__dc_breaks_arcade_original_mix.mp3,DrumAndBass
DrumAndBass028__dc_breaks_creeper_vip_original_mix,/scratch/mk9649/datasets/beatsdataset_yt/DrumAndBass/DrumAndBass028__dc_breaks_creeper_vip_original_mix.mp3,DrumAndBass
DrumAndBass029__delta_heavy_kill_room_original_mix,/scratch/mk9649/datasets/beatsdataset_yt/DrumAndBass/DrumAndBass029__delta_heavy_kill_room_original_mix.mp3,DrumAndBass
DrumAndBass030__dillon_francis_will_heard_anywhere_fred_v_grafix_remix,/scratch/mk9649/datasets/beatsdataset_yt/DrumAndBass/DrumAndBass030__dillon_francis_will_heard_anywhere_fred_v_grafix_remix.mp3,DrumAndBass
DrumAndBass031__disphonia_kryptomedic_back_to_the_old_school_original_mix,/scratch/mk9649/datasets/beatsdataset_yt/DrumAndBass/DrumAndBass031__disphonia_kryptomedic_back_to_the_old_school_original_mix.mp3,DrumAndBass
DrumAndBass032__dlr_pyoyb_original_mix,/scratch/mk9649/datasets/beatsdataset_yt/DrumAndBass/DrumAndBass032__dlr_pyoyb_original_mix.mp3,DrumAndBass
DrumAndBass033__document_one_get_da_funk_original_mix,/scratch/mk9649/datasets/beatsdataset_yt/DrumAndBass/DrumAndBass033__document_one_get_da_funk_original_mix.mp3,DrumAndBass
DrumAndBass034__drumsound_bassline_smith_shutdown_original_mix,/scratch/mk9649/datasets/beatsdataset_yt/DrumAndBass/DrumAndBass034__drumsound_bassline_smith_shutdown_original_mix.mp3,DrumAndBass
DrumAndBass035__ed_solo_mc_spyda_soundsystem_entertainer_original_mix,/scratch/mk9649/datasets/beatsdataset_yt/DrumAndBass/DrumAndBass035__ed_solo_mc_spyda_soundsystem_entertainer_original_mix.mp3,DrumAndBass
DrumAndBass036__emperor_smpl_mefjus_remix,/scratch/mk9649/datasets/beatsdataset_yt/DrumAndBass/DrumAndBass036__emperor_smpl_mefjus_remix.mp3,DrumAndBass
DrumAndBass037__emperor_mefjus_flashizm_original_mix,/scratch/mk9649/datasets/beatsdataset_yt/DrumAndBass/DrumAndBass037__emperor_mefjus_flashizm_original_mix.mp3,DrumAndBass
DrumAndBass038__emperor_mefjus_sanity_check_original_mix,/scratch/mk9649/datasets/beatsdataset_yt/DrumAndBass/DrumAndBass038__emperor_mefjus_sanity_check_original_mix.mp3,DrumAndBass
DrumAndBass039__enei_charli_brix_homeworld_feat_charli_brix_break_remix,/scratch/mk9649/datasets/beatsdataset_yt/DrumAndBass/DrumAndBass039__enei_charli_brix_homeworld_feat_charli_brix_break_remix.mp3,DrumAndBass
DrumAndBass040__fierce_zero_t_always_something_original_mix,/scratch/mk9649/datasets/beatsdataset_yt/DrumAndBass/DrumAndBass040__fierce_zero_t_always_something_original_mix.mp3,DrumAndBass
Dubstep001__12th_hour_neon_smoke_original_mix,/scratch/mk9649/datasets/beatsdataset_yt/Dubstep/Dubstep001__12th_hour_neon_smoke_original_mix.mp3,Dubstep
Dubstep002__3deepmusic_aint_bout_that_life_original_mix,/scratch/mk9649/datasets/beatsdataset_yt/Dubstep/Dubstep002__3deepmusic_aint_bout_that_life_original_mix.mp3,Dubstep
Dubstep003__akira_dwellers_original_mix,/scratch/mk9649/datasets/beatsdataset_yt/Dubstep/Dubstep003__akira_dwellers_original_mix.mp3,Dubstep
Dubstep004__antent_avenax_alone_feat_avenax_original_mix,/scratch/mk9649/datasets/beatsdataset_yt/Dubstep/Dubstep004__antent_avenax_alone_feat_avenax_original_mix.mp3,Dubstep
Dubstep005__avicii_levels_skrillex_remix,/scratch/mk9649/datasets/beatsdataset_yt/Dubstep/Dubstep005__avicii_levels_skrillex_remix.mp3,Dubstep
Dubstep006__badklaat_fizzy_strings_original_mix,/scratch/mk9649/datasets/beatsdataset_yt/Dubstep/Dubstep006__badklaat_fizzy_strings_original_mix.mp3,Dubstep
Dubstep007__badklaat_run_up_original_mix,/scratch/mk9649/datasets/beatsdataset_yt/Dubstep/Dubstep007__badklaat_run_up_original_mix.mp3,Dubstep
Dubstep008__badklaat_uk_cheese_original_mix,/scratch/mk9649/datasets/beatsdataset_yt/Dubstep/Dubstep008__badklaat_uk_cheese_original_mix.mp3,Dubstep
Dubstep009__banvox_watch_me_original_mix,/scratch/mk9649/datasets/beatsdataset_yt/Dubstep/Dubstep009__banvox_watch_me_original_mix.mp3,Dubstep
Dubstep010__benny_benassi_gary_go_cinema_skrillex_remix_feat_gary_go_luca_lush_flip,/scratch/mk9649/datasets/beatsdataset_yt/Dubstep/Dubstep010__benny_benassi_gary_go_cinema_skrillex_remix_feat_gary_go_luca_lush_flip.mp3,Dubstep
Dubstep011__blaynoise_down_from_the_sky_original_mix,/scratch/mk9649/datasets/beatsdataset_yt/Dubstep/Dubstep011__blaynoise_down_from_the_sky_original_mix.mp3,Dubstep
Dubstep012__bukez_finezt_dumb_shit_original_mix,/scratch/mk9649/datasets/beatsdataset_yt/Dubstep/Dubstep012__bukez_finezt_dumb_shit_original_mix.mp3,Dubstep
Dubstep013__bukez_finezt_graveyard_shift_feat_virtual_riot_original_mix,/scratch/mk9649/datasets/beatsdataset_yt/Dubstep/Dubstep013__bukez_finezt_graveyard_shift_feat_virtual_riot_original_mix.mp3,Dubstep
Dubstep014__caspa_rusko_whiplash_original_mix,/scratch/mk9649/datasets/beatsdataset_yt/Dubstep/Dubstep014__caspa_rusko_whiplash_original_mix.mp3,Dubstep
Dubstep015__cookie_monsta_beast_mode_original_mix,/scratch/mk9649/datasets/beatsdataset_yt/Dubstep/Dubstep015__cookie_monsta_beast_mode_original_mix.mp3,Dubstep
Dubstep016__cookie_monsta_them_original_mix,/scratch/mk9649/datasets/beatsdataset_yt/Dubstep/Dubstep016__cookie_monsta_them_original_mix.mp3,Dubstep
Dubstep017__da_force_decadence_original_mix,/scratch/mk9649/datasets/beatsdataset_yt/Dubstep/Dubstep017__da_force_decadence_original_mix.mp3,Dubstep
Dubstep018__da_force_return_of_the_sith_original_mix,/scratch/mk9649/datasets/beatsdataset_yt/Dubstep/Dubstep018__da_force_return_of_the_sith_original_mix.mp3,Dubstep
Dubstep019__deorro_butt_naked_original_mix,/scratch/mk9649/datasets/beatsdataset_yt/Dubstep/Dubstep019__deorro_butt_naked_original_mix.mp3,Dubstep
Dubstep020__diplo_skrillex_2_chainz_febreze_feat_2_chainz_original_mix,/scratch/mk9649/datasets/beatsdataset_yt/Dubstep/Dubstep020__diplo_skrillex_2_chainz_febreze_feat_2_chainz_original_mix.mp3,Dubstep
Dubstep021__dirtyloud_fly_away_spag_heddy_remix,/scratch/mk9649/datasets/beatsdataset_yt/Dubstep/Dubstep021__dirtyloud_fly_away_spag_heddy_remix.mp3,Dubstep
Dubstep022__doctor_p_rekt_together_every_single_night_original_mix,/scratch/mk9649/datasets/beatsdataset_yt/Dubstep/Dubstep022__doctor_p_rekt_together_every_single_night_original_mix.mp3,Dubstep
Dubstep023__doctor_p_snakes_ladders_original_mix,/scratch/mk9649/datasets/beatsdataset_yt/Dubstep/Dubstep023__doctor_p_snakes_ladders_original_mix.mp3,Dubstep
Dubstep024__dodge_fuski_your_love_original_mix,/scratch/mk9649/datasets/beatsdataset_yt/Dubstep/Dubstep024__dodge_fuski_your_love_original_mix.mp3,Dubstep
Dubstep025__downlink_mosh_pit_original_mix,/scratch/mk9649/datasets/beatsdataset_yt/Dubstep/Dubstep025__downlink_mosh_pit_original_mix.mp3,Dubstep
Dubstep026__eliminate_snake_bite_vip,/scratch/mk9649/datasets/beatsdataset_yt/Dubstep/Dubstep026__eliminate_snake_bite_vip.mp3,Dubstep
Dubstep027__ephixa_stephen_walking_matches_slips_slurs_remix_feat_aaron_richards_original_mix,/scratch/mk9649/datasets/beatsdataset_yt/Dubstep/Dubstep027__ephixa_stephen_walking_matches_slips_slurs_remix_feat_aaron_richards_original_mix.mp3,Dubstep
Dubstep028__evilwave_code_pandorum_nyctophobia_original_mix,/scratch/mk9649/datasets/beatsdataset_yt/Dubstep/Dubstep028__evilwave_code_pandorum_nyctophobia_original_mix.mp3,Dubstep
Dubstep029__excision_the_paradox_original_mix,/scratch/mk9649/datasets/beatsdataset_yt/Dubstep/Dubstep029__excision_the_paradox_original_mix.mp3,Dubstep
Dubstep030__excision_the_paradox_original_mix,/scratch/mk9649/datasets/beatsdataset_yt/Dubstep/Dubstep030__excision_the_paradox_original_mix.mp3,Dubstep
Dubstep031__excision_virus_original_mix,/scratch/mk9649/datasets/beatsdataset_yt/Dubstep/Dubstep031__excision_virus_original_mix.mp3,Dubstep
Dubstep032__excision_datsik_dion_timmer_harambe_original_mix,/scratch/mk9649/datasets/beatsdataset_yt/Dubstep/Dubstep032__excision_datsik_dion_timmer_harambe_original_mix.mp3,Dubstep
Dubstep033__excision_messinian_neck_brace_feat_messinian_original_mix,/scratch/mk9649/datasets/beatsdataset_yt/Dubstep/Dubstep033__excision_messinian_neck_brace_feat_messinian_original_mix.mp3,Dubstep
Dubstep034__excision_space_laces_throwin_elbows_original_mix,/scratch/mk9649/datasets/beatsdataset_yt/Dubstep/Dubstep034__excision_space_laces_throwin_elbows_original_mix.mp3,Dubstep
Dubstep035__f3tch_phaseone_aus_area_51_feat_f3tch_original_mix,/scratch/mk9649/datasets/beatsdataset_yt/Dubstep/Dubstep035__f3tch_phaseone_aus_area_51_feat_f3tch_original_mix.mp3,Dubstep
Dubstep036__fed_up_stomp_original_mix,/scratch/mk9649/datasets/beatsdataset_yt/Dubstep/Dubstep036__fed_up_stomp_original_mix.mp3,Dubstep
Dubstep037__flux_pavilion_international_anthem_feat_doctor_original_mix,/scratch/mk9649/datasets/beatsdataset_yt/Dubstep/Dubstep037__flux_pavilion_international_anthem_feat_doctor_original_mix.mp3,Dubstep
Dubstep038__flux_pavilion_lets_get_it_original_mix,/scratch/mk9649/datasets/beatsdataset_yt/Dubstep/Dubstep038__flux_pavilion_lets_get_it_original_mix.mp3,Dubstep
Dubstep039__flux_pavilion_diskord_locked_in_feat_flowdan_original_mix,/scratch/mk9649/datasets/beatsdataset_yt/Dubstep/Dubstep039__flux_pavilion_diskord_locked_in_feat_flowdan_original_mix.mp3,Dubstep
Dubstep040__flux_pavilion_matthew_koma_emotional_virtual_riot_remix,/scratch/mk9649/datasets/beatsdataset_yt/Dubstep/Dubstep040__flux_pavilion_matthew_koma_emotional_virtual_riot_remix.mp3,Dubstep
ElectroHouse001__aaron_jackson_billy_kenny_right_here_extended_mix,/scratch/mk9649/datasets/beatsdataset_yt/ElectroHouse/ElectroHouse001__aaron_jackson_billy_kenny_right_here_extended_mix.mp3,ElectroHouse
ElectroHouse002__abel_ramos_albert_neve_party_extended_mix,/scratch/mk9649/datasets/beatsdataset_yt/ElectroHouse/ElectroHouse002__abel_ramos_albert_neve_party_extended_mix.mp3,ElectroHouse
ElectroHouse003__afrojack_rock_the_house_sag_chasner_extended_remix,/scratch/mk9649/datasets/beatsdataset_yt/ElectroHouse/ElectroHouse003__afrojack_rock_the_house_sag_chasner_extended_remix.mp3,ElectroHouse
ElectroHouse004__alan_walker_faded_dash_berlin_remix,/scratch/mk9649/datasets/beatsdataset_yt/ElectroHouse/ElectroHouse004__alan_walker_faded_dash_berlin_remix.mp3,ElectroHouse
ElectroHouse005__albin_myers_whats_the_time_extended_mix,/scratch/mk9649/datasets/beatsdataset_yt/ElectroHouse/ElectroHouse005__albin_myers_whats_the_time_extended_mix.mp3,ElectroHouse
ElectroHouse006__ale_mora_crossnaders_mc_gunner_that_freak_feat_mc_gunner_original_mix,/scratch/mk9649/datasets/beatsdataset_yt/ElectroHouse/ElectroHouse006__ale_mora_crossnaders_mc_gunner_that_freak_feat_mc_gunner_original_mix.mp3,ElectroHouse
ElectroHouse007__armin_van_buuren_hardwell_off_the_hook_mark_sixma_extended_remix,/scratch/mk9649/datasets/beatsdataset_yt/ElectroHouse/ElectroHouse007__armin_van_buuren_hardwell_off_the_hook_mark_sixma_extended_remix.mp3,ElectroHouse
ElectroHouse008__autoerotique_reverse_original_mix,/scratch/mk9649/datasets/beatsdataset_yt/ElectroHouse/ElectroHouse008__autoerotique_reverse_original_mix.mp3,ElectroHouse
ElectroHouse009__autoerotique_run_for_cover_original_mix,/scratch/mk9649/datasets/beatsdataset_yt/ElectroHouse/ElectroHouse009__autoerotique_run_for_cover_original_mix.mp3,ElectroHouse
ElectroHouse010__autoerotique_run_for_cover_original_mix,/scratch/mk9649/datasets/beatsdataset_yt/ElectroHouse/ElectroHouse010__autoerotique_run_for_cover_original_mix.mp3,ElectroHouse
ElectroHouse012__autoerotique_hunter_siegel_otf_original_mix,/scratch/mk9649/datasets/beatsdataset_yt/ElectroHouse/ElectroHouse012__autoerotique_hunter_siegel_otf_original_mix.mp3,ElectroHouse
ElectroHouse013__axwell_barricade_club_mix,/scratch/mk9649/datasets/beatsdataset_yt/ElectroHouse/ElectroHouse013__axwell_barricade_club_mix.mp3,ElectroHouse
ElectroHouse014__axwell_shapov_belong_dod_remix,/scratch/mk9649/datasets/beatsdataset_yt/ElectroHouse/ElectroHouse014__axwell_shapov_belong_dod_remix.mp3,ElectroHouse
ElectroHouse015__becky_hill_matoma_false_alarm_hook_n_sling_remix,/scratch/mk9649/datasets/beatsdataset_yt/ElectroHouse/ElectroHouse015__becky_hill_matoma_false_alarm_hook_n_sling_remix.mp3,ElectroHouse
ElectroHouse016__botnek_snails_ur_2_cool_original_mix,/scratch/mk9649/datasets/beatsdataset_yt/ElectroHouse/ElectroHouse016__botnek_snails_ur_2_cool_original_mix.mp3,ElectroHouse
ElectroHouse017__bounce_inc_husstle_anthem_original_mix,/scratch/mk9649/datasets/beatsdataset_yt/ElectroHouse/ElectroHouse017__bounce_inc_husstle_anthem_original_mix.mp3,ElectroHouse
ElectroHouse018__chuckie_party_starter_original_mix,/scratch/mk9649/datasets/beatsdataset_yt/ElectroHouse/ElectroHouse018__chuckie_party_starter_original_mix.mp3,ElectroHouse
ElectroHouse019__cielo_diss_you_original_mix,/scratch/mk9649/datasets/beatsdataset_yt/ElectroHouse/ElectroHouse019__cielo_diss_you_original_mix.mp3,ElectroHouse
ElectroHouse020__curbi_triple_six_original_mix,/scratch/mk9649/datasets/beatsdataset_yt/ElectroHouse/ElectroHouse020__curbi_triple_six_original_mix.mp3,ElectroHouse
ElectroHouse021__dmk_losing_my_mind_original_mix,/scratch/mk9649/datasets/beatsdataset_yt/ElectroHouse/ElectroHouse021__dmk_losing_my_mind_original_mix.mp3,ElectroHouse
ElectroHouse022__dod_taking_you_back_afrojack_edit_extended_mix,/scratch/mk9649/datasets/beatsdataset_yt/ElectroHouse/ElectroHouse022__dod_taking_you_back_afrojack_edit_extended_mix.mp3,ElectroHouse
ElectroHouse023__dod_zipper_extended_mix,/scratch/mk9649/datasets/beatsdataset_yt/ElectroHouse/ElectroHouse023__dod_zipper_extended_mix.mp3,ElectroHouse
ElectroHouse024__dallask_powertrip_extended_mix,/scratch/mk9649/datasets/beatsdataset_yt/ElectroHouse/ElectroHouse024__dallask_powertrip_extended_mix.mp3,ElectroHouse
ElectroHouse025__damien_n_drix_stacks_original_mix,/scratch/mk9649/datasets/beatsdataset_yt/ElectroHouse/ElectroHouse025__damien_n_drix_stacks_original_mix.mp3,ElectroHouse
ElectroHouse026__david_guetta_zara_larsson_this_ones_for_you_feat_zara_larsson_stefan_dabruck_remix,/scratch/mk9649/datasets/beatsdataset_yt/ElectroHouse/ElectroHouse026__david_guetta_zara_larsson_this_ones_for_you_feat_zara_larsson_stefan_dabruck_remix.mp3,ElectroHouse
ElectroHouse027__deadmau5_strobe_feed_me_remix,/scratch/mk9649/datasets/beatsdataset_yt/ElectroHouse/ElectroHouse027__deadmau5_strobe_feed_me_remix.mp3,ElectroHouse
ElectroHouse028__deorro_elvis_crespo_bailar_feat_elvis_crespo_original_mix,/scratch/mk9649/datasets/beatsdataset_yt/ElectroHouse/ElectroHouse028__deorro_elvis_crespo_bailar_feat_elvis_crespo_original_mix.mp3,ElectroHouse
ElectroHouse029__desembra_get_flo_will_tim_remix,/scratch/mk9649/datasets/beatsdataset_yt/ElectroHouse/ElectroHouse029__desembra_get_flo_will_tim_remix.mp3,ElectroHouse
ElectroHouse030__diplo_bunji_garlin_skrillex_jungle_bae_feat_bunji_garlin_original_mix,/scratch/mk9649/datasets/beatsdataset_yt/ElectroHouse/ElectroHouse030__diplo_bunji_garlin_skrillex_jungle_bae_feat_bunji_garlin_original_mix.mp3,ElectroHouse
ElectroHouse031__dzeko_torres_delaney_jane_lamour_toujours_feat_delaney_jane_tiesto_edit,/scratch/mk9649/datasets/beatsdataset_yt/ElectroHouse/ElectroHouse031__dzeko_torres_delaney_jane_lamour_toujours_feat_delaney_jane_tiesto_edit.mp3,ElectroHouse
ElectroHouse032__edson_pride_into_my_mind_original_mix,/scratch/mk9649/datasets/beatsdataset_yt/ElectroHouse/ElectroHouse032__edson_pride_into_my_mind_original_mix.mp3,ElectroHouse
ElectroHouse033__ember_aus_keep_up_feat_smokahontas_jordan_burns_remix,/scratch/mk9649/datasets/beatsdataset_yt/ElectroHouse/ElectroHouse033__ember_aus_keep_up_feat_smokahontas_jordan_burns_remix.mp3,ElectroHouse
ElectroHouse034__eptic_jauz_get_down_extended_mix,/scratch/mk9649/datasets/beatsdataset_yt/ElectroHouse/ElectroHouse034__eptic_jauz_get_down_extended_mix.mp3,ElectroHouse
ElectroHouse035__eric_mendosa_zerocool_accelerate_original_mix,/scratch/mk9649/datasets/beatsdataset_yt/ElectroHouse/ElectroHouse035__eric_mendosa_zerocool_accelerate_original_mix.mp3,ElectroHouse
ElectroHouse036__excision_dion_timmer_mirror_original_mix,/scratch/mk9649/datasets/beatsdataset_yt/ElectroHouse/ElectroHouse036__excision_dion_timmer_mirror_original_mix.mp3,ElectroHouse
ElectroHouse037__galantis_no_money_dillon_francis_remix,/scratch/mk9649/datasets/beatsdataset_yt/ElectroHouse/ElectroHouse037__galantis_no_money_dillon_francis_remix.mp3,ElectroHouse
ElectroHouse038__galantis_no_money_moti_remix,/scratch/mk9649/datasets/beatsdataset_yt/ElectroHouse/ElectroHouse038__galantis_no_money_moti_remix.mp3,ElectroHouse
ElectroHouse039__garmiani_bomb_a_drop_original_mix,/scratch/mk9649/datasets/beatsdataset_yt/ElectroHouse/ElectroHouse039__garmiani_bomb_a_drop_original_mix.mp3,ElectroHouse
ElectroHouse040__ghastly_jameston_thieves_fuk_watchu_think_feat_jameston_thieves_original_mix,/scratch/mk9649/datasets/beatsdataset_yt/ElectroHouse/ElectroHouse040__ghastly_jameston_thieves_fuk_watchu_think_feat_jameston_thieves_original_mix.mp3,ElectroHouse
ElectroHouse041__glowinthedark_mc_gee_numba_one_feat_mc_gee_original_mix,/scratch/mk9649/datasets/beatsdataset_yt/ElectroHouse/ElectroHouse041__glowinthedark_mc_gee_numba_one_feat_mc_gee_original_mix.mp3,ElectroHouse
ElectronicaDowntempo001__btraits_north_shore_original_mix,/scratch/mk9649/datasets/beatsdataset_yt/ElectronicaDowntempo/ElectronicaDowntempo001__btraits_north_shore_original_mix.mp3,ElectronicaDowntempo
ElectronicaDowntempo002__bedouin_mogram_original_mix,/scratch/mk9649/datasets/beatsdataset_yt/ElectronicaDowntempo/ElectronicaDowntempo002__bedouin_mogram_original_mix.mp3,ElectronicaDowntempo
ElectronicaDowntempo003__bicep_just_original_mix,/scratch/mk9649/datasets/beatsdataset_yt/ElectronicaDowntempo/ElectronicaDowntempo003__bicep_just_original_mix.mp3,ElectronicaDowntempo
ElectronicaDowntempo004__bjarki_ae_original_mix,/scratch/mk9649/datasets/beatsdataset_yt/ElectronicaDowntempo/ElectronicaDowntempo004__bjarki_ae_original_mix.mp3,ElectronicaDowntempo
ElectronicaDowntempo005__bonobo_kerala_original_mix,/scratch/mk9649/datasets/beatsdataset_yt/ElectronicaDowntempo/ElectronicaDowntempo005__bonobo_kerala_original_mix.mp3,ElectronicaDowntempo
ElectronicaDowntempo006__boot_tax_baia_del_ritmo_original_mix,/scratch/mk9649/datasets/beatsdataset_yt/ElectronicaDowntempo/ElectronicaDowntempo006__boot_tax_baia_del_ritmo_original_mix.mp3,ElectronicaDowntempo
ElectronicaDowntempo007__boot_tax_sintessi_bassa_original_mix,/scratch/mk9649/datasets/beatsdataset_yt/ElectronicaDowntempo/ElectronicaDowntempo007__boot_tax_sintessi_bassa_original_mix.mp3,ElectronicaDowntempo
ElectronicaDowntempo008__boys_noize_midnight_addison_groove_remix,/scratch/mk9649/datasets/beatsdataset_yt/ElectronicaDowntempo/ElectronicaDowntempo008__boys_noize_midnight_addison_groove_remix.mp3,ElectronicaDowntempo
ElectronicaDowntempo009__chinaski_ghost_rider_original_mix,/scratch/mk9649/datasets/beatsdataset_yt/ElectronicaDowntempo/ElectronicaDowntempo009__chinaski_ghost_rider_original_mix.mp3,ElectronicaDowntempo
ElectronicaDowntempo010__chinaski_something_i_learned_today_original_mix,/scratch/mk9649/datasets/beatsdataset_yt/ElectronicaDowntempo/ElectronicaDowntempo010__chinaski_something_i_learned_today_original_mix.mp3,ElectronicaDowntempo
ElectronicaDowntempo011__christian_prommer_johannes_brecht_voix_grave_original_version,/scratch/mk9649/datasets/beatsdataset_yt/ElectronicaDowntempo/ElectronicaDowntempo011__christian_prommer_johannes_brecht_voix_grave_original_version.mp3,ElectronicaDowntempo
ElectronicaDowntempo012__christian_smith_destination_unknown_original_mix,/scratch/mk9649/datasets/beatsdataset_yt/ElectronicaDowntempo/ElectronicaDowntempo012__christian_smith_destination_unknown_original_mix.mp3,ElectronicaDowntempo
ElectronicaDowntempo013__clarian_acid_moon_original_mix,/scratch/mk9649/datasets/beatsdataset_yt/ElectronicaDowntempo/ElectronicaDowntempo013__clarian_acid_moon_original_mix.mp3,ElectronicaDowntempo
ElectronicaDowntempo014__clarian_derail_the_reptile_revolution_original_mix,/scratch/mk9649/datasets/beatsdataset_yt/ElectronicaDowntempo/ElectronicaDowntempo014__clarian_derail_the_reptile_revolution_original_mix.mp3,ElectronicaDowntempo
ElectronicaDowntempo015__cubicolor_brainsugar_original_mix,/scratch/mk9649/datasets/beatsdataset_yt/ElectronicaDowntempo/ElectronicaDowntempo015__cubicolor_brainsugar_original_mix.mp3,ElectronicaDowntempo
ElectronicaDowntempo016__david_august_nelia_kit_a_golden_rush_original_mix,/scratch/mk9649/datasets/beatsdataset_yt/ElectronicaDowntempo/ElectronicaDowntempo016__david_august_nelia_kit_a_golden_rush_original_mix.mp3,ElectronicaDowntempo
ElectronicaDowntempo017__deadmau5_snowcone_original_mix,/scratch/mk9649/datasets/beatsdataset_yt/ElectronicaDowntempo/ElectronicaDowntempo017__deadmau5_snowcone_original_mix.mp3,ElectronicaDowntempo
ElectronicaDowntempo018__denis_horvat_transparent_marvin_guy_remix,/scratch/mk9649/datasets/beatsdataset_yt/ElectronicaDowntempo/ElectronicaDowntempo018__denis_horvat_transparent_marvin_guy_remix.mp3,ElectronicaDowntempo
ElectronicaDowntempo019__derrick_carter_ame_henrik_schwarz_dixon_where_we_at_pt_2_feat_derrick_carter_original_mix,/scratch/mk9649/datasets/beatsdataset_yt/ElectronicaDowntempo/ElectronicaDowntempo019__derrick_carter_ame_henrik_schwarz_dixon_where_we_at_pt_2_feat_derrick_carter_original_mix.mp3,ElectronicaDowntempo
ElectronicaDowntempo020__djedjotronic_defekt_lace_original_mix,/scratch/mk9649/datasets/beatsdataset_yt/ElectronicaDowntempo/ElectronicaDowntempo020__djedjotronic_defekt_lace_original_mix.mp3,ElectronicaDowntempo
ElectronicaDowntempo021__donato_dozzy_anna_caragnano_parola_original_mix,/scratch/mk9649/datasets/beatsdataset_yt/ElectronicaDowntempo/ElectronicaDowntempo021__donato_dozzy_anna_caragnano_parola_original_mix.mp3,ElectronicaDowntempo
ElectronicaDowntempo022__dubspeeka_k304v2_walk_with_me_original_mix,/scratch/mk9649/datasets/beatsdataset_yt/ElectronicaDowntempo/ElectronicaDowntempo022__dubspeeka_k304v2_walk_with_me_original_mix.mp3,ElectronicaDowntempo
ElectronicaDowntempo023__dusky_ingrid_is_a_hybrid_original_mix,/scratch/mk9649/datasets/beatsdataset_yt/ElectronicaDowntempo/ElectronicaDowntempo023__dusky_ingrid_is_a_hybrid_original_mix.mp3,ElectronicaDowntempo
ElectronicaDowntempo024__extrawelt_breaking_bricks_ulrich_schnauss_remix,/scratch/mk9649/datasets/beatsdataset_yt/ElectronicaDowntempo/ElectronicaDowntempo024__extrawelt_breaking_bricks_ulrich_schnauss_remix.mp3,ElectronicaDowntempo
ElectronicaDowntempo025__fatima_yamaha_whats_a_girl_to_do_original_mix,/scratch/mk9649/datasets/beatsdataset_yt/ElectronicaDowntempo/ElectronicaDowntempo025__fatima_yamaha_whats_a_girl_to_do_original_mix.mp3,ElectronicaDowntempo
ElectronicaDowntempo026__graze_vast_original_mix,/scratch/mk9649/datasets/beatsdataset_yt/ElectronicaDowntempo/ElectronicaDowntempo026__graze_vast_original_mix.mp3,ElectronicaDowntempo
ElectronicaDowntempo027__graziano_avitabile_lass_mich_los_version_1,/scratch/mk9649/datasets/beatsdataset_yt/ElectronicaDowntempo/ElectronicaDowntempo027__graziano_avitabile_lass_mich_los_version_1.mp3,ElectronicaDowntempo
ElectronicaDowntempo029__herb_alpert_rise_tuff_city_kids_mix,/scratch/mk9649/datasets/beatsdataset_yt/ElectronicaDowntempo/ElectronicaDowntempo029__herb_alpert_rise_tuff_city_kids_mix.mp3,ElectronicaDowntempo
ElectronicaDowntempo030__herbert_downgrade_original_mix,/scratch/mk9649/datasets/beatsdataset_yt/ElectronicaDowntempo/ElectronicaDowntempo030__herbert_downgrade_original_mix.mp3,ElectronicaDowntempo
ElectronicaDowntempo031__human_movement_right_thang_feat_eliot_porter_original_mix,/scratch/mk9649/datasets/beatsdataset_yt/ElectronicaDowntempo/ElectronicaDowntempo031__human_movement_right_thang_feat_eliot_porter_original_mix.mp3,ElectronicaDowntempo
ElectronicaDowntempo032__ipek_ipekcioglu_petra_nachtmanova_uyan_uyan_original_mix,/scratch/mk9649/datasets/beatsdataset_yt/ElectronicaDowntempo/ElectronicaDowntempo032__ipek_ipekcioglu_petra_nachtmanova_uyan_uyan_original_mix.mp3,ElectronicaDowntempo
ElectronicaDowntempo033__izecold_molly_ann_close_brooks_remix,/scratch/mk9649/datasets/beatsdataset_yt/ElectronicaDowntempo/ElectronicaDowntempo033__izecold_molly_ann_close_brooks_remix.mp3,ElectronicaDowntempo
ElectronicaDowntempo034__jace_mek_biscuit_original_mix,/scratch/mk9649/datasets/beatsdataset_yt/ElectronicaDowntempo/ElectronicaDowntempo034__jace_mek_biscuit_original_mix.mp3,ElectronicaDowntempo
ElectronicaDowntempo035__jamie_xx_far_nearer_original_mix,/scratch/mk9649/datasets/beatsdataset_yt/ElectronicaDowntempo/ElectronicaDowntempo035__jamie_xx_far_nearer_original_mix.mp3,ElectronicaDowntempo
ElectronicaDowntempo036__jos_eli_walking_on_water_feat_paula_os_original_mix,/scratch/mk9649/datasets/beatsdataset_yt/ElectronicaDowntempo/ElectronicaDowntempo036__jos_eli_walking_on_water_feat_paula_os_original_mix.mp3,ElectronicaDowntempo
ElectronicaDowntempo037__kartell_5_am_original_mix,/scratch/mk9649/datasets/beatsdataset_yt/ElectronicaDowntempo/ElectronicaDowntempo037__kartell_5_am_original_mix.mp3,ElectronicaDowntempo
ElectronicaDowntempo038__keita_sano_blue_original_mix,/scratch/mk9649/datasets/beatsdataset_yt/ElectronicaDowntempo/ElectronicaDowntempo038__keita_sano_blue_original_mix.mp3,ElectronicaDowntempo
ElectronicaDowntempo039__kiasmos_looped_original_mix,/scratch/mk9649/datasets/beatsdataset_yt/ElectronicaDowntempo/ElectronicaDowntempo039__kiasmos_looped_original_mix.mp3,ElectronicaDowntempo
ElectronicaDowntempo040__kidnap_kid_brokenhearted_original_mix,/scratch/mk9649/datasets/beatsdataset_yt/ElectronicaDowntempo/ElectronicaDowntempo040__kidnap_kid_brokenhearted_original_mix.mp3,ElectronicaDowntempo
ElectronicaDowntempo041__klaudia_gawlas_papillon_clubmix,/scratch/mk9649/datasets/beatsdataset_yt/ElectronicaDowntempo/ElectronicaDowntempo041__klaudia_gawlas_papillon_clubmix.mp3,ElectronicaDowntempo
FunkRAndB001__2copy_stayin_copy_original_mix,/scratch/mk9649/datasets/beatsdataset_yt/FunkRAndB/FunkRAndB001__2copy_stayin_copy_original_mix.mp3,FunkRAndB
FunkRAndB002__alfa_flite_framed_original_mix,/scratch/mk9649/datasets/beatsdataset_yt/FunkRAndB/FunkRAndB002__alfa_flite_framed_original_mix.mp3,FunkRAndB
FunkRAndB003__alicia_keys_in_common_black_coffee_remix,/scratch/mk9649/datasets/beatsdataset_yt/FunkRAndB/FunkRAndB003__alicia_keys_in_common_black_coffee_remix.mp3,FunkRAndB
FunkRAndB004__alicia_keys_aap_rocky_blended_family_what_you_do_for_love_original_mix,/scratch/mk9649/datasets/beatsdataset_yt/FunkRAndB/FunkRAndB004__alicia_keys_aap_rocky_blended_family_what_you_do_for_love_original_mix.mp3,FunkRAndB
FunkRAndB005__angie_stone_wish_i_didnt_miss_you_pound_boys_stoneface_bootleg_mix,/scratch/mk9649/datasets/beatsdataset_yt/FunkRAndB/FunkRAndB005__angie_stone_wish_i_didnt_miss_you_pound_boys_stoneface_bootleg_mix.mp3,FunkRAndB
FunkRAndB006__aretha_franklin_im_every_woman_respect_eric_kupper_club_mix,/scratch/mk9649/datasets/beatsdataset_yt/FunkRAndB/FunkRAndB006__aretha_franklin_im_every_woman_respect_eric_kupper_club_mix.mp3,FunkRAndB
FunkRAndB007__babert_boogie_oogie_original_mix,/scratch/mk9649/datasets/beatsdataset_yt/FunkRAndB/FunkRAndB007__babert_boogie_oogie_original_mix.mp3,FunkRAndB
FunkRAndB008__bart_gori_funky_gravity_original_mix,/scratch/mk9649/datasets/beatsdataset_yt/FunkRAndB/FunkRAndB008__bart_gori_funky_gravity_original_mix.mp3,FunkRAndB
FunkRAndB009__basement_freaks_going_out_tonight_original_mix,/scratch/mk9649/datasets/beatsdataset_yt/FunkRAndB/FunkRAndB009__basement_freaks_going_out_tonight_original_mix.mp3,FunkRAndB
FunkRAndB010__beatvandals_askillz_funky_sounds_original_mix,/scratch/mk9649/datasets/beatsdataset_yt/FunkRAndB/FunkRAndB010__beatvandals_askillz_funky_sounds_original_mix.mp3,FunkRAndB
FunkRAndB011__boogie_freaks_bring_the_old_skool_back_original_mix,/scratch/mk9649/datasets/beatsdataset_yt/FunkRAndB/FunkRAndB011__boogie_freaks_bring_the_old_skool_back_original_mix.mp3,FunkRAndB
FunkRAndB012__boogie_freaks_go_go_disco_original_mix,/scratch/mk9649/datasets/beatsdataset_yt/FunkRAndB/FunkRAndB012__boogie_freaks_go_go_disco_original_mix.mp3,FunkRAndB
FunkRAndB013__club_squisito_soundcheck_original_mix,/scratch/mk9649/datasets/beatsdataset_yt/FunkRAndB/FunkRAndB013__club_squisito_soundcheck_original_mix.mp3,FunkRAndB
FunkRAndB014__cookin_on_3_burners_kylie_auldist_this_girl_feat_kylie_auldist_original_mix,/scratch/mk9649/datasets/beatsdataset_yt/FunkRAndB/FunkRAndB014__cookin_on_3_burners_kylie_auldist_this_girl_feat_kylie_auldist_original_mix.mp3,FunkRAndB
FunkRAndB015__cornell_cc_carter_sunshine_dj_spen_gary_hudgins_love_da_feel_dub,/scratch/mk9649/datasets/beatsdataset_yt/FunkRAndB/FunkRAndB015__cornell_cc_carter_sunshine_dj_spen_gary_hudgins_love_da_feel_dub.mp3,FunkRAndB
FunkRAndB016__d_funk_get_up_jam_original_mix,/scratch/mk9649/datasets/beatsdataset_yt/FunkRAndB/FunkRAndB016__d_funk_get_up_jam_original_mix.mp3,FunkRAndB
FunkRAndB017__dave_gerrard_drop_the_pieces_original_mix,/scratch/mk9649/datasets/beatsdataset_yt/FunkRAndB/FunkRAndB017__dave_gerrard_drop_the_pieces_original_mix.mp3,FunkRAndB
FunkRAndB018__deelicious_lonely_town_lonely_street_original_mix,/scratch/mk9649/datasets/beatsdataset_yt/FunkRAndB/FunkRAndB018__deelicious_lonely_town_lonely_street_original_mix.mp3,FunkRAndB
FunkRAndB019__deepdisco_feel_the_rhythm_original_mix,/scratch/mk9649/datasets/beatsdataset_yt/FunkRAndB/FunkRAndB019__deepdisco_feel_the_rhythm_original_mix.mp3,FunkRAndB
FunkRAndB020__discotron_bang_bang_original_mix,/scratch/mk9649/datasets/beatsdataset_yt/FunkRAndB/FunkRAndB020__discotron_bang_bang_original_mix.mp3,FunkRAndB
FunkRAndB021__discotron_calis_party_original_mix,/scratch/mk9649/datasets/beatsdataset_yt/FunkRAndB/FunkRAndB021__discotron_calis_party_original_mix.mp3,FunkRAndB
FunkRAndB022__discotron_disco_ballin_original_mix,/scratch/mk9649/datasets/beatsdataset_yt/FunkRAndB/FunkRAndB022__discotron_disco_ballin_original_mix.mp3,FunkRAndB
FunkRAndB023__discotron_doin_their_own_thang_original_mix,/scratch/mk9649/datasets/beatsdataset_yt/FunkRAndB/FunkRAndB023__discotron_doin_their_own_thang_original_mix.mp3,FunkRAndB
FunkRAndB024__discotron_ghetto_funk_original_mix,/scratch/mk9649/datasets/beatsdataset_yt/FunkRAndB/FunkRAndB024__discotron_ghetto_funk_original_mix.mp3,FunkRAndB
FunkRAndB025__discotron_gon_dance_to_it_original_mix,/scratch/mk9649/datasets/beatsdataset_yt/FunkRAndB/FunkRAndB025__discotron_gon_dance_to_it_original_mix.mp3,FunkRAndB
FunkRAndB026__discotron_let_it_show_original_mix,/scratch/mk9649/datasets/beatsdataset_yt/FunkRAndB/FunkRAndB026__discotron_let_it_show_original_mix.mp3,FunkRAndB
FunkRAndB027__discotron_mr_worldwide_original_mix,/scratch/mk9649/datasets/beatsdataset_yt/FunkRAndB/FunkRAndB027__discotron_mr_worldwide_original_mix.mp3,FunkRAndB
FunkRAndB028__discotron_my_nu_joint_original_mix,/scratch/mk9649/datasets/beatsdataset_yt/FunkRAndB/FunkRAndB028__discotron_my_nu_joint_original_mix.mp3,FunkRAndB
FunkRAndB029__discotron_say_u_luv_me_original_mix,/scratch/mk9649/datasets/beatsdataset_yt/FunkRAndB/FunkRAndB029__discotron_say_u_luv_me_original_mix.mp3,FunkRAndB
FunkRAndB030__discotron_slicker_than_your_average_original_mix,/scratch/mk9649/datasets/beatsdataset_yt/FunkRAndB/FunkRAndB030__discotron_slicker_than_your_average_original_mix.mp3,FunkRAndB
FunkRAndB031__discotron_wat_u_sayin_original_mix,/scratch/mk9649/datasets/beatsdataset_yt/FunkRAndB/FunkRAndB031__discotron_wat_u_sayin_original_mix.mp3,FunkRAndB
FunkRAndB032__dj_s_g_thang_vocal_mix,/scratch/mk9649/datasets/beatsdataset_yt/FunkRAndB/FunkRAndB032__dj_s_g_thang_vocal_mix.mp3,FunkRAndB
FunkRAndB033__donna_summer_i_feel_love_original_mix,/scratch/mk9649/datasets/beatsdataset_yt/FunkRAndB/FunkRAndB033__donna_summer_i_feel_love_original_mix.mp3,FunkRAndB
FunkRAndB034__dr_packer_all_night_boogie_original_mix,/scratch/mk9649/datasets/beatsdataset_yt/FunkRAndB/FunkRAndB034__dr_packer_all_night_boogie_original_mix.mp3,FunkRAndB
FunkRAndB035__dr_packer_call_the_doctor_original_mix,/scratch/mk9649/datasets/beatsdataset_yt/FunkRAndB/FunkRAndB035__dr_packer_call_the_doctor_original_mix.mp3,FunkRAndB
FunkRAndB036__dr_packer_everlasting_original_mix,/scratch/mk9649/datasets/beatsdataset_yt/FunkRAndB/FunkRAndB036__dr_packer_everlasting_original_mix.mp3,FunkRAndB
FunkRAndB037__ed_wizard_disco_double_dee_bitter_sweet_original_mix,/scratch/mk9649/datasets/beatsdataset_yt/FunkRAndB/FunkRAndB037__ed_wizard_disco_double_dee_bitter_sweet_original_mix.mp3,FunkRAndB
FunkRAndB038__ed_wizard_disco_double_dee_dance_voyage_original_mix,/scratch/mk9649/datasets/beatsdataset_yt/FunkRAndB/FunkRAndB038__ed_wizard_disco_double_dee_dance_voyage_original_mix.mp3,FunkRAndB
FunkRAndB039__ed_wizard_disco_double_dee_flute_cocktail_original_mix,/scratch/mk9649/datasets/beatsdataset_yt/FunkRAndB/FunkRAndB039__ed_wizard_disco_double_dee_flute_cocktail_original_mix.mp3,FunkRAndB
FunkRAndB040__ed_wizard_disco_double_dee_house_shaker_original_mix,/scratch/mk9649/datasets/beatsdataset_yt/FunkRAndB/FunkRAndB040__ed_wizard_disco_double_dee_house_shaker_original_mix.mp3,FunkRAndB
FutureHouse001__ac_slater_taiki_nulight_my_peoples_original_mix,/scratch/mk9649/datasets/beatsdataset_yt/FutureHouse/FutureHouse001__ac_slater_taiki_nulight_my_peoples_original_mix.mp3,FutureHouse
FutureHouse002__ac_slater_taiki_nulight_psycho_original_mix,/scratch/mk9649/datasets/beatsdataset_yt/FutureHouse/FutureHouse002__ac_slater_taiki_nulight_psycho_original_mix.mp3,FutureHouse
FutureHouse003__alma_felix_jaehn_bonfire_chris_lake_remix_extended_mix,/scratch/mk9649/datasets/beatsdataset_yt/FutureHouse/FutureHouse003__alma_felix_jaehn_bonfire_chris_lake_remix_extended_mix.mp3,FutureHouse
FutureHouse004__andy_bianchini_rivas_br_disconap_original_mix,/scratch/mk9649/datasets/beatsdataset_yt/FutureHouse/FutureHouse004__andy_bianchini_rivas_br_disconap_original_mix.mp3,FutureHouse
FutureHouse005__bakermat_alex_clare_living_extended_mix,/scratch/mk9649/datasets/beatsdataset_yt/FutureHouse/FutureHouse005__bakermat_alex_clare_living_extended_mix.mp3,FutureHouse
FutureHouse006__bali_bandits_kaboom_extended_mix,/scratch/mk9649/datasets/beatsdataset_yt/FutureHouse/FutureHouse006__bali_bandits_kaboom_extended_mix.mp3,FutureHouse
FutureHouse007__bali_bandits_smack_extended_mix,/scratch/mk9649/datasets/beatsdataset_yt/FutureHouse/FutureHouse007__bali_bandits_smack_extended_mix.mp3,FutureHouse
FutureHouse008__bastille_good_grief_don_diablo_remix,/scratch/mk9649/datasets/beatsdataset_yt/FutureHouse/FutureHouse008__bastille_good_grief_don_diablo_remix.mp3,FutureHouse
FutureHouse009__bingo_players_a_trak_phantoms_cry_just_a_little_feat_a_trak_feat_phantoms_a_trak_and_phant,/scratch/mk9649/datasets/beatsdataset_yt/FutureHouse/FutureHouse009__bingo_players_a_trak_phantoms_cry_just_a_little_feat_a_trak_feat_phantoms_a_trak_and_phant.mp3,FutureHouse
FutureHouse010__birdy_keeping_your_head_up_extended,/scratch/mk9649/datasets/beatsdataset_yt/FutureHouse/FutureHouse010__birdy_keeping_your_head_up_extended.mp3,FutureHouse
FutureHouse011__bojac_dstrqt_formula_extended_mix,/scratch/mk9649/datasets/beatsdataset_yt/FutureHouse/FutureHouse011__bojac_dstrqt_formula_extended_mix.mp3,FutureHouse
FutureHouse012__brooks_jonas_aden_take_me_away_extended_mix,/scratch/mk9649/datasets/beatsdataset_yt/FutureHouse/FutureHouse012__brooks_jonas_aden_take_me_away_extended_mix.mp3,FutureHouse
FutureHouse013__cedric_gervais_david_guetta_chris_willis_would_i_lie_to_you_cash_cash_remix,/scratch/mk9649/datasets/beatsdataset_yt/FutureHouse/FutureHouse013__cedric_gervais_david_guetta_chris_willis_would_i_lie_to_you_cash_cash_remix.mp3,FutureHouse
FutureHouse014__chocolate_puma_hi_lo_steam_train_extended_mix,/scratch/mk9649/datasets/beatsdataset_yt/FutureHouse/FutureHouse014__chocolate_puma_hi_lo_steam_train_extended_mix.mp3,FutureHouse
FutureHouse015__chocolate_puma_sander_van_doorn_raise_your_hands_up_extended_mix,/scratch/mk9649/datasets/beatsdataset_yt/FutureHouse/FutureHouse015__chocolate_puma_sander_van_doorn_raise_your_hands_up_extended_mix.mp3,FutureHouse
FutureHouse016__chris_lorenzo_come_down_original_mix,/scratch/mk9649/datasets/beatsdataset_yt/FutureHouse/FutureHouse016__chris_lorenzo_come_down_original_mix.mp3,FutureHouse
FutureHouse017__cookin_on_3_burners_kungs_this_girl_kungs_vs_cookin_on_3_burners_extended,/scratch/mk9649/datasets/beatsdataset_yt/FutureHouse/FutureHouse017__cookin_on_3_burners_kungs_this_girl_kungs_vs_cookin_on_3_burners_extended.mp3,FutureHouse
FutureHouse018__cookin_on_3_burners_kungs_this_girl_kungs_vs_cookin_on_3_burners_fabich_remix,/scratch/mk9649/datasets/beatsdataset_yt/FutureHouse/FutureHouse018__cookin_on_3_burners_kungs_this_girl_kungs_vs_cookin_on_3_burners_fabich_remix.mp3,FutureHouse
FutureHouse019__croatia_squad_we_dont_need_no_sleep_original_club_mix,/scratch/mk9649/datasets/beatsdataset_yt/FutureHouse/FutureHouse019__croatia_squad_we_dont_need_no_sleep_original_club_mix.mp3,FutureHouse
FutureHouse020__dod_blip_extended_mix,/scratch/mk9649/datasets/beatsdataset_yt/FutureHouse/FutureHouse020__dod_blip_extended_mix.mp3,FutureHouse
FutureHouse021__dante_klein_cheat_codes_let_me_hold_you_turn_me_on_curbi_remix,/scratch/mk9649/datasets/beatsdataset_yt/FutureHouse/FutureHouse021__dante_klein_cheat_codes_let_me_hold_you_turn_me_on_curbi_remix.mp3,FutureHouse
FutureHouse022__dirtyloud_animal_original_mix,/scratch/mk9649/datasets/beatsdataset_yt/FutureHouse/FutureHouse022__dirtyloud_animal_original_mix.mp3,FutureHouse
FutureHouse023__doc_bobby_nourmand_goodmorning_d_e_e_p_in_n_y_feat_doc_feat_goodmorning_extended_mix,/scratch/mk9649/datasets/beatsdataset_yt/FutureHouse/FutureHouse023__doc_bobby_nourmand_goodmorning_d_e_e_p_in_n_y_feat_doc_feat_goodmorning_extended_mix.mp3,FutureHouse
FutureHouse024__don_diablo_cutting_shapes_extended_mix,/scratch/mk9649/datasets/beatsdataset_yt/FutureHouse/FutureHouse024__don_diablo_cutting_shapes_extended_mix.mp3,FutureHouse
FutureHouse025__don_diablo_khrebto_got_the_love_extended_mix,/scratch/mk9649/datasets/beatsdataset_yt/FutureHouse/FutureHouse025__don_diablo_khrebto_got_the_love_extended_mix.mp3,FutureHouse
FutureHouse026__dragonette_mike_mago_secret_stash_extended_mix,/scratch/mk9649/datasets/beatsdataset_yt/FutureHouse/FutureHouse026__dragonette_mike_mago_secret_stash_extended_mix.mp3,FutureHouse
FutureHouse027__duane_harden_ryan_blyth_back_to_you_extended_mix,/scratch/mk9649/datasets/beatsdataset_yt/FutureHouse/FutureHouse027__duane_harden_ryan_blyth_back_to_you_extended_mix.mp3,FutureHouse
FutureHouse028__earth_wind_fire_throttle_september_original_mix,/scratch/mk9649/datasets/beatsdataset_yt/FutureHouse/FutureHouse028__earth_wind_fire_throttle_september_original_mix.mp3,FutureHouse
FutureHouse029__edx_high_on_you_original_mix,/scratch/mk9649/datasets/beatsdataset_yt/FutureHouse/FutureHouse029__edx_high_on_you_original_mix.mp3,FutureHouse
FutureHouse030__edx_my_friend_extended_mix,/scratch/mk9649/datasets/beatsdataset_yt/FutureHouse/FutureHouse030__edx_my_friend_extended_mix.mp3,FutureHouse
FutureHouse031__edx_roadkill_edxs_ibiza_sunrise_remix,/scratch/mk9649/datasets/beatsdataset_yt/FutureHouse/FutureHouse031__edx_roadkill_edxs_ibiza_sunrise_remix.mp3,FutureHouse
FutureHouse032__edx_mingue_missing_feat_mingue_extended_mix,/scratch/mk9649/datasets/beatsdataset_yt/FutureHouse/FutureHouse032__edx_mingue_missing_feat_mingue_extended_mix.mp3,FutureHouse
FutureHouse033__ephwurd_vibrations_extended_mix,/scratch/mk9649/datasets/beatsdataset_yt/FutureHouse/FutureHouse033__ephwurd_vibrations_extended_mix.mp3,FutureHouse
FutureHouse034__erick_morillo_eddie_thoneick_angel_taylor_lost_in_you_feat_angel_taylor_extended_mix,/scratch/mk9649/datasets/beatsdataset_yt/FutureHouse/FutureHouse034__erick_morillo_eddie_thoneick_angel_taylor_lost_in_you_feat_angel_taylor_extended_mix.mp3,FutureHouse
FutureHouse035__fawks_medicienne_say_you_like_it_feat_medicienne_original_mix,/scratch/mk9649/datasets/beatsdataset_yt/FutureHouse/FutureHouse035__fawks_medicienne_say_you_like_it_feat_medicienne_original_mix.mp3,FutureHouse
FutureHouse036__federico_scavo_meme_poseidon_feat_meme_original_mix,/scratch/mk9649/datasets/beatsdataset_yt/FutureHouse/FutureHouse036__federico_scavo_meme_poseidon_feat_meme_original_mix.mp3,FutureHouse
FutureHouse037__ferreck_dawn_mad_love_extended_mix,/scratch/mk9649/datasets/beatsdataset_yt/FutureHouse/FutureHouse037__ferreck_dawn_mad_love_extended_mix.mp3,FutureHouse
FutureHouse038__ferreck_dawn_joe_stone_sublime_extended_mix,/scratch/mk9649/datasets/beatsdataset_yt/FutureHouse/FutureHouse038__ferreck_dawn_joe_stone_sublime_extended_mix.mp3,FutureHouse
FutureHouse039__hi_lo_renegade_mastah_original_mix,/scratch/mk9649/datasets/beatsdataset_yt/FutureHouse/FutureHouse039__hi_lo_renegade_mastah_original_mix.mp3,FutureHouse
FutureHouse040__hook_n_sling_galantis_love_on_me_cid_extended_mix,/scratch/mk9649/datasets/beatsdataset_yt/FutureHouse/FutureHouse040__hook_n_sling_galantis_love_on_me_cid_extended_mix.mp3,FutureHouse
GlitchHop001__askillz_7_day_weekend_original_mix,/scratch/mk9649/datasets/beatsdataset_yt/GlitchHop/GlitchHop001__askillz_7_day_weekend_original_mix.mp3,GlitchHop
GlitchHop002__aaren_san_kailash_demoe_beats_remix,/scratch/mk9649/datasets/beatsdataset_yt/GlitchHop/GlitchHop002__aaren_san_kailash_demoe_beats_remix.mp3,GlitchHop
GlitchHop003__adln_me_my_dog_swing_glitch_mix,/scratch/mk9649/datasets/beatsdataset_yt/GlitchHop/GlitchHop003__adln_me_my_dog_swing_glitch_mix.mp3,GlitchHop
GlitchHop004__arteo_dubra_bring_that_beat_back_original_mix,/scratch/mk9649/datasets/beatsdataset_yt/GlitchHop/GlitchHop004__arteo_dubra_bring_that_beat_back_original_mix.mp3,GlitchHop
GlitchHop005__arteo_dubra_here_we_come_original_mix,/scratch/mk9649/datasets/beatsdataset_yt/GlitchHop/GlitchHop005__arteo_dubra_here_we_come_original_mix.mp3,GlitchHop
GlitchHop006__b_side_again_again_original_mix,/scratch/mk9649/datasets/beatsdataset_yt/GlitchHop/GlitchHop006__b_side_again_again_original_mix.mp3,GlitchHop
GlitchHop007__barely_alive_rough_and_rugged_far_too_loud_remix,/scratch/mk9649/datasets/beatsdataset_yt/GlitchHop/GlitchHop007__barely_alive_rough_and_rugged_far_too_loud_remix.mp3,GlitchHop
GlitchHop008__basement_freaks_ny_bounce_original_mix,/scratch/mk9649/datasets/beatsdataset_yt/GlitchHop/GlitchHop008__basement_freaks_ny_bounce_original_mix.mp3,GlitchHop
GlitchHop009__bbk_royal_blood_we_aint_gotta_stop_original_mix,/scratch/mk9649/datasets/beatsdataset_yt/GlitchHop/GlitchHop009__bbk_royal_blood_we_aint_gotta_stop_original_mix.mp3,GlitchHop
GlitchHop010__beat_fatigue_boojum_original_mix,/scratch/mk9649/datasets/beatsdataset_yt/GlitchHop/GlitchHop010__beat_fatigue_boojum_original_mix.mp3,GlitchHop
GlitchHop011__beatvandals_askillz_blowin_up_original_mix,/scratch/mk9649/datasets/beatsdataset_yt/GlitchHop/GlitchHop011__beatvandals_askillz_blowin_up_original_mix.mp3,GlitchHop
GlitchHop013__bubaleh_most_uplifting_original_mix,/scratch/mk9649/datasets/beatsdataset_yt/GlitchHop/GlitchHop013__bubaleh_most_uplifting_original_mix.mp3,GlitchHop
GlitchHop014__chali_2na_defunk_the_funk_hunters_get_involved_feat_defunk_original_mix,/scratch/mk9649/datasets/beatsdataset_yt/GlitchHop/GlitchHop014__chali_2na_defunk_the_funk_hunters_get_involved_feat_defunk_original_mix.mp3,GlitchHop
GlitchHop015__chali_2na_the_funk_hunters_funk_back_original_mix,/scratch/mk9649/datasets/beatsdataset_yt/GlitchHop/GlitchHop015__chali_2na_the_funk_hunters_funk_back_original_mix.mp3,GlitchHop
GlitchHop016__chamberlain_the_cheeky_munt_original_mix,/scratch/mk9649/datasets/beatsdataset_yt/GlitchHop/GlitchHop016__chamberlain_the_cheeky_munt_original_mix.mp3,GlitchHop
GlitchHop017__cheshire_slynk_best_in_the_world_feat_cheshire_original_mix,/scratch/mk9649/datasets/beatsdataset_yt/GlitchHop/GlitchHop017__cheshire_slynk_best_in_the_world_feat_cheshire_original_mix.mp3,GlitchHop
GlitchHop018__cheshire_slynk_snatching_it_back_original_mix,/scratch/mk9649/datasets/beatsdataset_yt/GlitchHop/GlitchHop018__cheshire_slynk_snatching_it_back_original_mix.mp3,GlitchHop
GlitchHop019__corporate_mickey_shiloh_speak_feat_mickey_shiloh_original_mix,/scratch/mk9649/datasets/beatsdataset_yt/GlitchHop/GlitchHop019__corporate_mickey_shiloh_speak_feat_mickey_shiloh_original_mix.mp3,GlitchHop
GlitchHop020__cover_blank_buy_sun_original_mix,/scratch/mk9649/datasets/beatsdataset_yt/GlitchHop/GlitchHop020__cover_blank_buy_sun_original_mix.mp3,GlitchHop
GlitchHop021__cryptex_infinite_jest_original_mix,/scratch/mk9649/datasets/beatsdataset_yt/GlitchHop/GlitchHop021__cryptex_infinite_jest_original_mix.mp3,GlitchHop
GlitchHop022__culprate_nightmares_in_reality_feat_maksim_original_mix,/scratch/mk9649/datasets/beatsdataset_yt/GlitchHop/GlitchHop022__culprate_nightmares_in_reality_feat_maksim_original_mix.mp3,GlitchHop
GlitchHop023__dedrecordz_attack_of_the_evil_gnomes_original_mix,/scratch/mk9649/datasets/beatsdataset_yt/GlitchHop/GlitchHop023__dedrecordz_attack_of_the_evil_gnomes_original_mix.mp3,GlitchHop
GlitchHop024__deya_dova_grandmother_tree_the_feathered_serpent_kalya_scintilla_remix,/scratch/mk9649/datasets/beatsdataset_yt/GlitchHop/GlitchHop024__deya_dova_grandmother_tree_the_feathered_serpent_kalya_scintilla_remix.mp3,GlitchHop
GlitchHop025__different_heaven_turn_it_off_original_mix,/scratch/mk9649/datasets/beatsdataset_yt/GlitchHop/GlitchHop025__different_heaven_turn_it_off_original_mix.mp3,GlitchHop
GlitchHop026__dirty_audio_clipped_original_mix,/scratch/mk9649/datasets/beatsdataset_yt/GlitchHop/GlitchHop026__dirty_audio_clipped_original_mix.mp3,GlitchHop
GlitchHop027__diseased_angels_mischievous_meteorites_original_mix,/scratch/mk9649/datasets/beatsdataset_yt/GlitchHop/GlitchHop027__diseased_angels_mischievous_meteorites_original_mix.mp3,GlitchHop
GlitchHop028__dj_ekl_bbk_grid_division_on_the_top_of_the_world_original_mix,/scratch/mk9649/datasets/beatsdataset_yt/GlitchHop/GlitchHop028__dj_ekl_bbk_grid_division_on_the_top_of_the_world_original_mix.mp3,GlitchHop
GlitchHop029__dubra_arteo_fat_ass_beat_original_mix,/scratch/mk9649/datasets/beatsdataset_yt/GlitchHop/GlitchHop029__dubra_arteo_fat_ass_beat_original_mix.mp3,GlitchHop
GlitchHop030__dubra_arteo_kill_a_man_original_mix,/scratch/mk9649/datasets/beatsdataset_yt/GlitchHop/GlitchHop030__dubra_arteo_kill_a_man_original_mix.mp3,GlitchHop
GlitchHop031__dubra_arteo_the_funk_phenomenon_original_mix,/scratch/mk9649/datasets/beatsdataset_yt/GlitchHop/GlitchHop031__dubra_arteo_the_funk_phenomenon_original_mix.mp3,GlitchHop
GlitchHop032__empresarios_morena_lack_jemmon_remix,/scratch/mk9649/datasets/beatsdataset_yt/GlitchHop/GlitchHop032__empresarios_morena_lack_jemmon_remix.mp3,GlitchHop
GlitchHop033__excision_live_wire_original_mix,/scratch/mk9649/datasets/beatsdataset_yt/GlitchHop/GlitchHop033__excision_live_wire_original_mix.mp3,GlitchHop
GlitchHop034__fort_knox_five_cinco_to_the_brinco_feat_empresarios_basement_freaks_remix,/scratch/mk9649/datasets/beatsdataset_yt/GlitchHop/GlitchHop034__fort_knox_five_cinco_to_the_brinco_feat_empresarios_basement_freaks_remix.mp3,GlitchHop
GlitchHop035__funkanomics_call_me_dirty_original_mix,/scratch/mk9649/datasets/beatsdataset_yt/GlitchHop/GlitchHop035__funkanomics_call_me_dirty_original_mix.mp3,GlitchHop
GlitchHop037__hedflux_hyperslap_original_mix,/scratch/mk9649/datasets/beatsdataset_yt/GlitchHop/GlitchHop037__hedflux_hyperslap_original_mix.mp3,GlitchHop
GlitchHop038__hedflux_sacralicious_original_mix,/scratch/mk9649/datasets/beatsdataset_yt/GlitchHop/GlitchHop038__hedflux_sacralicious_original_mix.mp3,GlitchHop
GlitchHop039__hedflux_sananga_serenade_original_mix,/scratch/mk9649/datasets/beatsdataset_yt/GlitchHop/GlitchHop039__hedflux_sananga_serenade_original_mix.mp3,GlitchHop
GlitchHop040__hedflux_wanderlust_original_mix,/scratch/mk9649/datasets/beatsdataset_yt/GlitchHop/GlitchHop040__hedflux_wanderlust_original_mix.mp3,GlitchHop
GlitchHop041__hermitude_the_buzz_feat_mataya_young_tapz_sweater_beats_remix,/scratch/mk9649/datasets/beatsdataset_yt/GlitchHop/GlitchHop041__hermitude_the_buzz_feat_mataya_young_tapz_sweater_beats_remix.mp3,GlitchHop
GlitchHop042__icona_pop_louis_the_child_weekend_snbrn_remix,/scratch/mk9649/datasets/beatsdataset_yt/GlitchHop/GlitchHop042__icona_pop_louis_the_child_weekend_snbrn_remix.mp3,GlitchHop
HardDance001__50_hz_by_your_side_original_mix,/scratch/mk9649/datasets/beatsdataset_yt/HardDance/HardDance001__50_hz_by_your_side_original_mix.mp3,HardDance
HardDance002__activator_let_the_bodies_hit_the_floor_bodies_francesco_zeta_remix,/scratch/mk9649/datasets/beatsdataset_yt/HardDance/HardDance002__activator_let_the_bodies_hit_the_floor_bodies_francesco_zeta_remix.mp3,HardDance
HardDance003__adrenalize_robot_love_original_mix,/scratch/mk9649/datasets/beatsdataset_yt/HardDance/HardDance003__adrenalize_robot_love_original_mix.mp3,HardDance
HardDance004__alex_kidd_bitches_original_mix,/scratch/mk9649/datasets/beatsdataset_yt/HardDance/HardDance004__alex_kidd_bitches_original_mix.mp3,HardDance
HardDance005__allan_e_masters_of_bass_original_mix,/scratch/mk9649/datasets/beatsdataset_yt/HardDance/HardDance005__allan_e_masters_of_bass_original_mix.mp3,HardDance
HardDance006__anderex_psykotic_original_mix,/scratch/mk9649/datasets/beatsdataset_yt/HardDance/HardDance006__anderex_psykotic_original_mix.mp3,HardDance
HardDance007__andy_svge_gravity_pro_mix,/scratch/mk9649/datasets/beatsdataset_yt/HardDance/HardDance007__andy_svge_gravity_pro_mix.mp3,HardDance
HardDance008__angelz_atbwfm_original_mix,/scratch/mk9649/datasets/beatsdataset_yt/HardDance/HardDance008__angelz_atbwfm_original_mix.mp3,HardDance
HardDance009__anubasu_anubasu_unbelievable_original_mix,/scratch/mk9649/datasets/beatsdataset_yt/HardDance/HardDance009__anubasu_anubasu_unbelievable_original_mix.mp3,HardDance
HardDance010__armin_van_buuren_human_resource_dominator_bass_modulators_extended_remix,/scratch/mk9649/datasets/beatsdataset_yt/HardDance/HardDance010__armin_van_buuren_human_resource_dominator_bass_modulators_extended_remix.mp3,HardDance
HardDance011__atmozfears_audiotricz_raise_your_hands_original_mix,/scratch/mk9649/datasets/beatsdataset_yt/HardDance/HardDance011__atmozfears_audiotricz_raise_your_hands_original_mix.mp3,HardDance
HardDance012__atmozfears_audiotricz_what_about_us_original_mix,/scratch/mk9649/datasets/beatsdataset_yt/HardDance/HardDance012__atmozfears_audiotricz_what_about_us_original_mix.mp3,HardDance
HardDance013__atmozfears_david_spekter_release_feat_david_spekter_original_mix,/scratch/mk9649/datasets/beatsdataset_yt/HardDance/HardDance013__atmozfears_david_spekter_release_feat_david_spekter_original_mix.mp3,HardDance
HardDance014__audiotricz_inception_pro_mix,/scratch/mk9649/datasets/beatsdataset_yt/HardDance/HardDance014__audiotricz_inception_pro_mix.mp3,HardDance
HardDance015__avi8_the_forgotten_star_macks_wolf_clarkey_remix,/scratch/mk9649/datasets/beatsdataset_yt/HardDance/HardDance015__avi8_the_forgotten_star_macks_wolf_clarkey_remix.mp3,HardDance
HardDance016__brk_dance_to_the_house_cally_remix,/scratch/mk9649/datasets/beatsdataset_yt/HardDance/HardDance016__brk_dance_to_the_house_cally_remix.mp3,HardDance
HardDance017__bass_modulators_let_it_move_ya_extended_mix,/scratch/mk9649/datasets/beatsdataset_yt/HardDance/HardDance017__bass_modulators_let_it_move_ya_extended_mix.mp3,HardDance
HardDance018__brohug_in_the_morning_original_mix,/scratch/mk9649/datasets/beatsdataset_yt/HardDance/HardDance018__brohug_in_the_morning_original_mix.mp3,HardDance
HardDance019__clive_king_freestyle_maniacs_love_you_more_original_mix,/scratch/mk9649/datasets/beatsdataset_yt/HardDance/HardDance019__clive_king_freestyle_maniacs_love_you_more_original_mix.mp3,HardDance
HardDance020__clowny_bezza_gert_lush_original_mix,/scratch/mk9649/datasets/beatsdataset_yt/HardDance/HardDance020__clowny_bezza_gert_lush_original_mix.mp3,HardDance
HardDance021__coone_love_for_the_game_extended_mix,/scratch/mk9649/datasets/beatsdataset_yt/HardDance/HardDance021__coone_love_for_the_game_extended_mix.mp3,HardDance
HardDance022__coone_rise_of_the_celestials_qlimax_anthem_2016_pro_mix,/scratch/mk9649/datasets/beatsdataset_yt/HardDance/HardDance022__coone_rise_of_the_celestials_qlimax_anthem_2016_pro_mix.mp3,HardDance
HardDance023__crisis_era_mosh_pit_original_mix,/scratch/mk9649/datasets/beatsdataset_yt/HardDance/HardDance023__crisis_era_mosh_pit_original_mix.mp3,HardDance
HardDance024__cyber_perception_pro_mix,/scratch/mk9649/datasets/beatsdataset_yt/HardDance/HardDance024__cyber_perception_pro_mix.mp3,HardDance
HardDance025__da_tweekaz_hewwego_darren_styles_remix,/scratch/mk9649/datasets/beatsdataset_yt/HardDance/HardDance025__da_tweekaz_hewwego_darren_styles_remix.mp3,HardDance
HardDance026__da_tweekaz_tequila_original_mix,/scratch/mk9649/datasets/beatsdataset_yt/HardDance/HardDance026__da_tweekaz_tequila_original_mix.mp3,HardDance
HardDance027__dailucia_beneath_the_rising_sun_hard_remix,/scratch/mk9649/datasets/beatsdataset_yt/HardDance/HardDance027__dailucia_beneath_the_rising_sun_hard_remix.mp3,HardDance
HardDance028__dailucia_beneath_the_rising_sun_original_mix,/scratch/mk9649/datasets/beatsdataset_yt/HardDance/HardDance028__dailucia_beneath_the_rising_sun_original_mix.mp3,HardDance
HardDance029__dario_synth_anto_without_you_the_un4given_remix,/scratch/mk9649/datasets/beatsdataset_yt/HardDance/HardDance029__dario_synth_anto_without_you_the_un4given_remix.mp3,HardDance
HardDance030__dave_castellano_djfatsteve_ak_47_original_mix,/scratch/mk9649/datasets/beatsdataset_yt/HardDance/HardDance030__dave_castellano_djfatsteve_ak_47_original_mix.mp3,HardDance
HardDance031__deako_run_2_you_original_mix,/scratch/mk9649/datasets/beatsdataset_yt/HardDance/HardDance031__deako_run_2_you_original_mix.mp3,HardDance
HardDance032__deetox_rebelion_within_me_original_mix,/scratch/mk9649/datasets/beatsdataset_yt/HardDance/HardDance032__deetox_rebelion_within_me_original_mix.mp3,HardDance
HardDance033__dimitri_vegas_like_mike_stay_a_while_ummet_ozcan_remix,/scratch/mk9649/datasets/beatsdataset_yt/HardDance/HardDance033__dimitri_vegas_like_mike_stay_a_while_ummet_ozcan_remix.mp3,HardDance
HardDance034__dustycloud_blind_original_mix,/scratch/mk9649/datasets/beatsdataset_yt/HardDance/HardDance034__dustycloud_blind_original_mix.mp3,HardDance
HardDance035__energy_syndicate_gonna_fly_rvrs_bass_mix,/scratch/mk9649/datasets/beatsdataset_yt/HardDance/HardDance035__energy_syndicate_gonna_fly_rvrs_bass_mix.mp3,HardDance
HardDance036__eufeion_frikshon_concrete_jungle_original_mix,/scratch/mk9649/datasets/beatsdataset_yt/HardDance/HardDance036__eufeion_frikshon_concrete_jungle_original_mix.mp3,HardDance
HardDance037__ezenia_we_will_never_die_original_mix,/scratch/mk9649/datasets/beatsdataset_yt/HardDance/HardDance037__ezenia_we_will_never_die_original_mix.mp3,HardDance
HardDance038__fmnt_elite_remastered_original_mix,/scratch/mk9649/datasets/beatsdataset_yt/HardDance/HardDance038__fmnt_elite_remastered_original_mix.mp3,HardDance
HardDance039__gammer_dougal_shoulder_lock_original_mix,/scratch/mk9649/datasets/beatsdataset_yt/HardDance/HardDance039__gammer_dougal_shoulder_lock_original_mix.mp3,HardDance
HardDance040__groove_control_protect_your_mind_original_mix,/scratch/mk9649/datasets/beatsdataset_yt/HardDance/HardDance040__groove_control_protect_your_mind_original_mix.mp3,HardDance
HardcoreHardTechno001__2nd_phase_agenda_21_dualitik_pedro_delgardo_remix,/scratch/mk9649/datasets/beatsdataset_yt/HardcoreHardTechno/HardcoreHardTechno001__2nd_phase_agenda_21_dualitik_pedro_delgardo_remix.mp3,HardcoreHardTechno
HardcoreHardTechno002__2nd_phase_dark_matter_original_mix,/scratch/mk9649/datasets/beatsdataset_yt/HardcoreHardTechno/HardcoreHardTechno002__2nd_phase_dark_matter_original_mix.mp3,HardcoreHardTechno
HardcoreHardTechno003__2nd_phase_protocol_darmec_remix,/scratch/mk9649/datasets/beatsdataset_yt/HardcoreHardTechno/HardcoreHardTechno003__2nd_phase_protocol_darmec_remix.mp3,HardcoreHardTechno
HardcoreHardTechno004__2nd_phase_protocol_original_mix,/scratch/mk9649/datasets/beatsdataset_yt/HardcoreHardTechno/HardcoreHardTechno004__2nd_phase_protocol_original_mix.mp3,HardcoreHardTechno
HardcoreHardTechno006__apaul_bizzarre_remnants_matt_mus_remix,/scratch/mk9649/datasets/beatsdataset_yt/HardcoreHardTechno/HardcoreHardTechno006__apaul_bizzarre_remnants_matt_mus_remix.mp3,HardcoreHardTechno
HardcoreHardTechno007__apaul_stepback_the_advent_industrialyzer_remix,/scratch/mk9649/datasets/beatsdataset_yt/HardcoreHardTechno/HardcoreHardTechno007__apaul_stepback_the_advent_industrialyzer_remix.mp3,HardcoreHardTechno
HardcoreHardTechno008__apaul_dolby_d_atmosphere_jan_fleck_remix,/scratch/mk9649/datasets/beatsdataset_yt/HardcoreHardTechno/HardcoreHardTechno008__apaul_dolby_d_atmosphere_jan_fleck_remix.mp3,HardcoreHardTechno
HardcoreHardTechno009__apaul_matt_mus_covenant_original_mix,/scratch/mk9649/datasets/beatsdataset_yt/HardcoreHardTechno/HardcoreHardTechno009__apaul_matt_mus_covenant_original_mix.mp3,HardcoreHardTechno
HardcoreHardTechno010__acki_acutech_charged_original_mix,/scratch/mk9649/datasets/beatsdataset_yt/HardcoreHardTechno/HardcoreHardTechno010__acki_acutech_charged_original_mix.mp3,HardcoreHardTechno
HardcoreHardTechno011__angy_kore_power_steering_diatek_remix,/scratch/mk9649/datasets/beatsdataset_yt/HardcoreHardTechno/HardcoreHardTechno011__angy_kore_power_steering_diatek_remix.mp3,HardcoreHardTechno
HardcoreHardTechno012__angy_kore_you_cant_stop_it_david_temessi_remix,/scratch/mk9649/datasets/beatsdataset_yt/HardcoreHardTechno/HardcoreHardTechno012__angy_kore_you_cant_stop_it_david_temessi_remix.mp3,HardcoreHardTechno
HardcoreHardTechno013__asparuh_von_damonen_besessen_strobetech_remix,/scratch/mk9649/datasets/beatsdataset_yt/HardcoreHardTechno/HardcoreHardTechno013__asparuh_von_damonen_besessen_strobetech_remix.mp3,HardcoreHardTechno
HardcoreHardTechno014__atze_ton_schepper_original_mix,/scratch/mk9649/datasets/beatsdataset_yt/HardcoreHardTechno/HardcoreHardTechno014__atze_ton_schepper_original_mix.mp3,HardcoreHardTechno
HardcoreHardTechno015__bagagee_viphex13_drura_original_mix,/scratch/mk9649/datasets/beatsdataset_yt/HardcoreHardTechno/HardcoreHardTechno015__bagagee_viphex13_drura_original_mix.mp3,HardcoreHardTechno
HardcoreHardTechno016__beat_therapy_scramble_apaul_remix,/scratch/mk9649/datasets/beatsdataset_yt/HardcoreHardTechno/HardcoreHardTechno016__beat_therapy_scramble_apaul_remix.mp3,HardcoreHardTechno
HardcoreHardTechno017__ben_dust_homeless_original_mix,/scratch/mk9649/datasets/beatsdataset_yt/HardcoreHardTechno/HardcoreHardTechno017__ben_dust_homeless_original_mix.mp3,HardcoreHardTechno
HardcoreHardTechno018__ben_dust_homeless_sebastian_groth_power_edit,/scratch/mk9649/datasets/beatsdataset_yt/HardcoreHardTechno/HardcoreHardTechno018__ben_dust_homeless_sebastian_groth_power_edit.mp3,HardcoreHardTechno
HardcoreHardTechno019__ben_keen_phutek_paradox_dario_sorano_remix,/scratch/mk9649/datasets/beatsdataset_yt/HardcoreHardTechno/HardcoreHardTechno019__ben_keen_phutek_paradox_dario_sorano_remix.mp3,HardcoreHardTechno
HardcoreHardTechno020__bjorn_zimmermann_basstrommelfeuerwerker_original_mix,/scratch/mk9649/datasets/beatsdataset_yt/HardcoreHardTechno/HardcoreHardTechno020__bjorn_zimmermann_basstrommelfeuerwerker_original_mix.mp3,HardcoreHardTechno
HardcoreHardTechno021__boriqua_tribez_lights_out_apaul_dkult_remix,/scratch/mk9649/datasets/beatsdataset_yt/HardcoreHardTechno/HardcoreHardTechno021__boriqua_tribez_lights_out_apaul_dkult_remix.mp3,HardcoreHardTechno
HardcoreHardTechno022__caden_melting_original_mix,/scratch/mk9649/datasets/beatsdataset_yt/HardcoreHardTechno/HardcoreHardTechno022__caden_melting_original_mix.mp3,HardcoreHardTechno
HardcoreHardTechno023__dns_bb_tan_original_mix,/scratch/mk9649/datasets/beatsdataset_yt/HardcoreHardTechno/HardcoreHardTechno023__dns_bb_tan_original_mix.mp3,HardcoreHardTechno
HardcoreHardTechno024__dns_delta_original_mix,/scratch/mk9649/datasets/beatsdataset_yt/HardcoreHardTechno/HardcoreHardTechno024__dns_delta_original_mix.mp3,HardcoreHardTechno
HardcoreHardTechno025__dns_surrender_original_mix,/scratch/mk9649/datasets/beatsdataset_yt/HardcoreHardTechno/HardcoreHardTechno025__dns_surrender_original_mix.mp3,HardcoreHardTechno
HardcoreHardTechno026__dandi_ugo_strings_matt_mus_remix,/scratch/mk9649/datasets/beatsdataset_yt/HardcoreHardTechno/HardcoreHardTechno026__dandi_ugo_strings_matt_mus_remix.mp3,HardcoreHardTechno
HardcoreHardTechno027__dandi_ugo_gene_karz_proton_darmec_remix,/scratch/mk9649/datasets/beatsdataset_yt/HardcoreHardTechno/HardcoreHardTechno027__dandi_ugo_gene_karz_proton_darmec_remix.mp3,HardcoreHardTechno
HardcoreHardTechno028__dandi_ugo_gene_karz_proton_darmec_remix,/scratch/mk9649/datasets/beatsdataset_yt/HardcoreHardTechno/HardcoreHardTechno028__dandi_ugo_gene_karz_proton_darmec_remix.mp3,HardcoreHardTechno
HardcoreHardTechno029__darmec_neutrinos_original_mix,/scratch/mk9649/datasets/beatsdataset_yt/HardcoreHardTechno/HardcoreHardTechno029__darmec_neutrinos_original_mix.mp3,HardcoreHardTechno
HardcoreHardTechno030__darmec_oxygenic_original_mix,/scratch/mk9649/datasets/beatsdataset_yt/HardcoreHardTechno/HardcoreHardTechno030__darmec_oxygenic_original_mix.mp3,HardcoreHardTechno
HardcoreHardTechno031__darmec_reflections_original_mix,/scratch/mk9649/datasets/beatsdataset_yt/HardcoreHardTechno/HardcoreHardTechno031__darmec_reflections_original_mix.mp3,HardcoreHardTechno
HardcoreHardTechno032__darmec_retrograde_steve_shaden_remix,/scratch/mk9649/datasets/beatsdataset_yt/HardcoreHardTechno/HardcoreHardTechno032__darmec_retrograde_steve_shaden_remix.mp3,HardcoreHardTechno
HardcoreHardTechno033__david_temessi_berghain_2k16_rework,/scratch/mk9649/datasets/beatsdataset_yt/HardcoreHardTechno/HardcoreHardTechno033__david_temessi_berghain_2k16_rework.mp3,HardcoreHardTechno
HardcoreHardTechno036__dolby_d_re_animator_original_mix,/scratch/mk9649/datasets/beatsdataset_yt/HardcoreHardTechno/HardcoreHardTechno036__dolby_d_re_animator_original_mix.mp3,HardcoreHardTechno
HardcoreHardTechno037__dual_fuel_linda_sclerotik_japanese_nightmare_wex_10_remix,/scratch/mk9649/datasets/beatsdataset_yt/HardcoreHardTechno/HardcoreHardTechno037__dual_fuel_linda_sclerotik_japanese_nightmare_wex_10_remix.mp3,HardcoreHardTechno
HardcoreHardTechno038__dual_fuel_linda_sclerotik_japanese_nightmare_steve_shaden_remix,/scratch/mk9649/datasets/beatsdataset_yt/HardcoreHardTechno/HardcoreHardTechno038__dual_fuel_linda_sclerotik_japanese_nightmare_steve_shaden_remix.mp3,HardcoreHardTechno
HardcoreHardTechno039__dualitik_brain_controller_steve_shaden_remix,/scratch/mk9649/datasets/beatsdataset_yt/HardcoreHardTechno/HardcoreHardTechno039__dualitik_brain_controller_steve_shaden_remix.mp3,HardcoreHardTechno
HardcoreHardTechno040__gene_karz_abstract_jan_fleck_remix,/scratch/mk9649/datasets/beatsdataset_yt/HardcoreHardTechno/HardcoreHardTechno040__gene_karz_abstract_jan_fleck_remix.mp3,HardcoreHardTechno
HardcoreHardTechno041__gene_karz_lesia_karz_love_original_mix,/scratch/mk9649/datasets/beatsdataset_yt/HardcoreHardTechno/HardcoreHardTechno041__gene_karz_lesia_karz_love_original_mix.mp3,HardcoreHardTechno
HardcoreHardTechno042__halvy_fentanyl_phutek_remix,/scratch/mk9649/datasets/beatsdataset_yt/HardcoreHardTechno/HardcoreHardTechno042__halvy_fentanyl_phutek_remix.mp3,HardcoreHardTechno
HardcoreHardTechno043__hausarzt_abyss_original_mix,/scratch/mk9649/datasets/beatsdataset_yt/HardcoreHardTechno/HardcoreHardTechno043__hausarzt_abyss_original_mix.mp3,HardcoreHardTechno
HipHop001__2_all_out_original_mix,/scratch/mk9649/datasets/beatsdataset_yt/HipHop/HipHop001__2_all_out_original_mix.mp3,HipHop
HipHop002__a_tribe_called_quest_the_space_program_original_mix,/scratch/mk9649/datasets/beatsdataset_yt/HipHop/HipHop002__a_tribe_called_quest_the_space_program_original_mix.mp3,HipHop
HipHop003__a_tribe_called_quest_we_the_people_original_mix,/scratch/mk9649/datasets/beatsdataset_yt/HipHop/HipHop003__a_tribe_called_quest_we_the_people_original_mix.mp3,HipHop
HipHop004__afrojack_ty_dolla_sign_gone_feat_ty_dolla_sign_original_mix,/scratch/mk9649/datasets/beatsdataset_yt/HipHop/HipHop004__afrojack_ty_dolla_sign_gone_feat_ty_dolla_sign_original_mix.mp3,HipHop
HipHop005__alvaro_fight_clvb_wildlife_original_mix,/scratch/mk9649/datasets/beatsdataset_yt/HipHop/HipHop005__alvaro_fight_clvb_wildlife_original_mix.mp3,HipHop
HipHop006__asap_rocky_mura_masa_lovesick_original_mix,/scratch/mk9649/datasets/beatsdataset_yt/HipHop/HipHop006__asap_rocky_mura_masa_lovesick_original_mix.mp3,HipHop
HipHop007__baauer_paauer_original_mix,/scratch/mk9649/datasets/beatsdataset_yt/HipHop/HipHop007__baauer_paauer_original_mix.mp3,HipHop
HipHop008__baauer_cz_how_can_you_tell_when_its_done_original_mix,/scratch/mk9649/datasets/beatsdataset_yt/HipHop/HipHop008__baauer_cz_how_can_you_tell_when_its_done_original_mix.mp3,HipHop
HipHop009__badklaat_bus_dem_sound_original_mix,/scratch/mk9649/datasets/beatsdataset_yt/HipHop/HipHop009__badklaat_bus_dem_sound_original_mix.mp3,HipHop
HipHop011__benny_benassi_the_biz_satisfaction_rl_grime_remix,/scratch/mk9649/datasets/beatsdataset_yt/HipHop/HipHop011__benny_benassi_the_biz_satisfaction_rl_grime_remix.mp3,HipHop
HipHop012__braindead_the_kemist_incredible_original_mix,/scratch/mk9649/datasets/beatsdataset_yt/HipHop/HipHop012__braindead_the_kemist_incredible_original_mix.mp3,HipHop
HipHop013__calvin_harris_disciples_how_deep_is_your_love_dj_snake_remix,/scratch/mk9649/datasets/beatsdataset_yt/HipHop/HipHop013__calvin_harris_disciples_how_deep_is_your_love_dj_snake_remix.mp3,HipHop
HipHop014__candylx_get_my_gun_original_mix,/scratch/mk9649/datasets/beatsdataset_yt/HipHop/HipHop014__candylx_get_my_gun_original_mix.mp3,HipHop
HipHop015__cazzette_aronchupa_the_high_she_wants_me_dead_feat_the_high_extended_mix,/scratch/mk9649/datasets/beatsdataset_yt/HipHop/HipHop015__cazzette_aronchupa_the_high_she_wants_me_dead_feat_the_high_extended_mix.mp3,HipHop
HipHop016__d_john_bailo_versace_original_mix,/scratch/mk9649/datasets/beatsdataset_yt/HipHop/HipHop016__d_john_bailo_versace_original_mix.mp3,HipHop
HipHop017__d_wayne_jack_mcmanus_love_again_feat_jack_mcmanus_roger_melo_valentine_remix,/scratch/mk9649/datasets/beatsdataset_yt/HipHop/HipHop017__d_wayne_jack_mcmanus_love_again_feat_jack_mcmanus_roger_melo_valentine_remix.mp3,HipHop
HipHop018__david_guetta_fat_joe_glowinthedark_remy_ma_all_the_way_up_remix_feat_french_montana_infared_original_mi,/scratch/mk9649/datasets/beatsdataset_yt/HipHop/HipHop018__david_guetta_fat_joe_glowinthedark_remy_ma_all_the_way_up_remix_feat_french_montana_infared_original_mi.mp3,HipHop
HipHop019__dead_exit_fright_night_original_mix,/scratch/mk9649/datasets/beatsdataset_yt/HipHop/HipHop019__dead_exit_fright_night_original_mix.mp3,HipHop
HipHop020__diplo_skrillex_justin_bieber_jack_u_where_are_u_now_with_justin_bieber_marshmello_remix,/scratch/mk9649/datasets/beatsdataset_yt/HipHop/HipHop020__diplo_skrillex_justin_bieber_jack_u_where_are_u_now_with_justin_bieber_marshmello_remix.mp3,HipHop
HipHop021__dirty_audio_gorilla_glue_original_mix,/scratch/mk9649/datasets/beatsdataset_yt/HipHop/HipHop021__dirty_audio_gorilla_glue_original_mix.mp3,HipHop
HipHop023__distance_badman_feat_killa_p_original_mix,/scratch/mk9649/datasets/beatsdataset_yt/HipHop/HipHop023__distance_badman_feat_killa_p_original_mix.mp3,HipHop
HipHop024__dj_snake_propaganda_original_mix,/scratch/mk9649/datasets/beatsdataset_yt/HipHop/HipHop024__dj_snake_propaganda_original_mix.mp3,HipHop
HipHop025__dj_snake_lil_jon_turn_down_for_what_original_mix,/scratch/mk9649/datasets/beatsdataset_yt/HipHop/HipHop025__dj_snake_lil_jon_turn_down_for_what_original_mix.mp3,HipHop
HipHop026__dj_snake_skrillex_sahara_original_mix,/scratch/mk9649/datasets/beatsdataset_yt/HipHop/HipHop026__dj_snake_skrillex_sahara_original_mix.mp3,HipHop
HipHop027__emme_erotic_cafe_need_u_original_mix,/scratch/mk9649/datasets/beatsdataset_yt/HipHop/HipHop027__emme_erotic_cafe_need_u_original_mix.mp3,HipHop
HipHop028__eptic_what_have_you_done_original_mix,/scratch/mk9649/datasets/beatsdataset_yt/HipHop/HipHop028__eptic_what_have_you_done_original_mix.mp3,HipHop
HipHop029__fabian_mazur_make_it_bounce_original_mix,/scratch/mk9649/datasets/beatsdataset_yt/HipHop/HipHop029__fabian_mazur_make_it_bounce_original_mix.mp3,HipHop
HipHop030__fergie_milf_slushii_remix,/scratch/mk9649/datasets/beatsdataset_yt/HipHop/HipHop030__fergie_milf_slushii_remix.mp3,HipHop
HipHop031__fixate_rickety_cricket_original_mix,/scratch/mk9649/datasets/beatsdataset_yt/HipHop/HipHop031__fixate_rickety_cricket_original_mix.mp3,HipHop
HipHop032__flirta_d_scrufizzer_stormin_harry_shotta_show_back_in_the_room_feat_scrufizzer_stormin_flirta_d_original_m,/scratch/mk9649/datasets/beatsdataset_yt/HipHop/HipHop032__flirta_d_scrufizzer_stormin_harry_shotta_show_back_in_the_room_feat_scrufizzer_stormin_flirta_d_original_m.mp3,HipHop
HipHop033__flosstradamus_nghtmre_lighters_up_original_mix,/scratch/mk9649/datasets/beatsdataset_yt/HipHop/HipHop033__flosstradamus_nghtmre_lighters_up_original_mix.mp3,HipHop
HipHop034__flosstradamus_troyboi_soundclash_original_mix,/scratch/mk9649/datasets/beatsdataset_yt/HipHop/HipHop034__flosstradamus_troyboi_soundclash_original_mix.mp3,HipHop
HipHop035__fresh_til_death_make_up_your_mind_feat_rachel_costanzo_original_mix,/scratch/mk9649/datasets/beatsdataset_yt/HipHop/HipHop035__fresh_til_death_make_up_your_mind_feat_rachel_costanzo_original_mix.mp3,HipHop
HipHop036__gayvarovsky_poison_original_mix,/scratch/mk9649/datasets/beatsdataset_yt/HipHop/HipHop036__gayvarovsky_poison_original_mix.mp3,HipHop
HipHop037__getter_cool_as_frick_original_mix,/scratch/mk9649/datasets/beatsdataset_yt/HipHop/HipHop037__getter_cool_as_frick_original_mix.mp3,HipHop
HipHop038__getter_rip_n_dip_kill_the_noise_remix,/scratch/mk9649/datasets/beatsdataset_yt/HipHop/HipHop038__getter_rip_n_dip_kill_the_noise_remix.mp3,HipHop
HipHop039__getter_adair_georgia_ku_blood_feat_georgia_ku_original_mix,/scratch/mk9649/datasets/beatsdataset_yt/HipHop/HipHop039__getter_adair_georgia_ku_blood_feat_georgia_ku_original_mix.mp3,HipHop
HipHop040__gitchii_owm_soslo_remix,/scratch/mk9649/datasets/beatsdataset_yt/HipHop/HipHop040__gitchii_owm_soslo_remix.mp3,HipHop
HipHop041__gladiator_tommy_trash_come_get_it_original_mix,/scratch/mk9649/datasets/beatsdataset_yt/HipHop/HipHop041__gladiator_tommy_trash_come_get_it_original_mix.mp3,HipHop
HipHop042__gta_iamsu_contract_feat_iamsu_original_mix,/scratch/mk9649/datasets/beatsdataset_yt/HipHop/HipHop042__gta_iamsu_contract_feat_iamsu_original_mix.mp3,HipHop
House001__alaia_gallo_kevin_haden_who_is_he_feat_kevin_haden_claptone_remix,/scratch/mk9649/datasets/beatsdataset_yt/House/House001__alaia_gallo_kevin_haden_who_is_he_feat_kevin_haden_claptone_remix.mp3,House
House002__alex_guesta_i_will_survive_how_important_is_the_ganja,/scratch/mk9649/datasets/beatsdataset_yt/House/House002__alex_guesta_i_will_survive_how_important_is_the_ganja.mp3,House
House003__alex_kenji_no_party_original_mix,/scratch/mk9649/datasets/beatsdataset_yt/House/House003__alex_kenji_no_party_original_mix.mp3,House
House004__alex_kenji_yeah_yeah_yeah_original_club_mix,/scratch/mk9649/datasets/beatsdataset_yt/House/House004__alex_kenji_yeah_yeah_yeah_original_club_mix.mp3,House
House005__anabel_englund_london_headache_crookers_remix,/scratch/mk9649/datasets/beatsdataset_yt/House/House005__anabel_englund_london_headache_crookers_remix.mp3,House
House006__anabel_englund_london_headache_original_mix,/scratch/mk9649/datasets/beatsdataset_yt/House/House006__anabel_englund_london_headache_original_mix.mp3,House
House007__andydy_kiss_original_mix,/scratch/mk9649/datasets/beatsdataset_yt/House/House007__andydy_kiss_original_mix.mp3,House
House008__antoine_clamaran_agua_sin_gas_comin_original_mix,/scratch/mk9649/datasets/beatsdataset_yt/House/House008__antoine_clamaran_agua_sin_gas_comin_original_mix.mp3,House
House009__antoine_clamaran_nacho_chapado_bitch_drums_mix,/scratch/mk9649/datasets/beatsdataset_yt/House/House009__antoine_clamaran_nacho_chapado_bitch_drums_mix.mp3,House
House010__babert_sex_machine_ivan_jack_remix,/scratch/mk9649/datasets/beatsdataset_yt/House/House010__babert_sex_machine_ivan_jack_remix.mp3,House
House011__blaze_lovelee_dae_bicep_remix,/scratch/mk9649/datasets/beatsdataset_yt/House/House011__blaze_lovelee_dae_bicep_remix.mp3,House
House012__bob_sinclar_daddys_groove_burning_extended_mix,/scratch/mk9649/datasets/beatsdataset_yt/House/House012__bob_sinclar_daddys_groove_burning_extended_mix.mp3,House
House013__boris_dlugosch_purple_disco_machine_set_it_out_original_mix,/scratch/mk9649/datasets/beatsdataset_yt/House/House013__boris_dlugosch_purple_disco_machine_set_it_out_original_mix.mp3,House
House014__catz_n_dogz_its_happening_original_mix,/scratch/mk9649/datasets/beatsdataset_yt/House/House014__catz_n_dogz_its_happening_original_mix.mp3,House
House015__charles_j_do_you_want_original_mix,/scratch/mk9649/datasets/beatsdataset_yt/House/House015__charles_j_do_you_want_original_mix.mp3,House
House016__cookie_crumbles_where_are_you_now_extended_mix,/scratch/mk9649/datasets/beatsdataset_yt/House/House016__cookie_crumbles_where_are_you_now_extended_mix.mp3,House
House017__crazibiza_coco_loco_2k16_jude_frank_remix,/scratch/mk9649/datasets/beatsdataset_yt/House/House017__crazibiza_coco_loco_2k16_jude_frank_remix.mp3,House
House018__crazibiza_jazzy_x_saxomatic_original_mix,/scratch/mk9649/datasets/beatsdataset_yt/House/House018__crazibiza_jazzy_x_saxomatic_original_mix.mp3,House
House019__crazibiza_terry_lex_paradize_groove_flawless_2k16_original_mix,/scratch/mk9649/datasets/beatsdataset_yt/House/House019__crazibiza_terry_lex_paradize_groove_flawless_2k16_original_mix.mp3,House
House020__dajae_riva_starr_the_loft_emanuel_satie_remix,/scratch/mk9649/datasets/beatsdataset_yt/House/House020__dajae_riva_starr_the_loft_emanuel_satie_remix.mp3,House
House021__dele_sosimi_afrobeat_orchestra_too_much_information_laolu_remix_edit,/scratch/mk9649/datasets/beatsdataset_yt/House/House021__dele_sosimi_afrobeat_orchestra_too_much_information_laolu_remix_edit.mp3,House
House022__dennis_ferrer_sagine_bubbletop_feat_sagine_dfs_bubble_wrapped_mix,/scratch/mk9649/datasets/beatsdataset_yt/House/House022__dennis_ferrer_sagine_bubbletop_feat_sagine_dfs_bubble_wrapped_mix.mp3,House
House023__dino_lenny_doorly_the_magic_room_dino_lenny_seth_troxler_re_edit,/scratch/mk9649/datasets/beatsdataset_yt/House/House023__dino_lenny_doorly_the_magic_room_dino_lenny_seth_troxler_re_edit.mp3,House
House024__dino_lenny_doorly_the_magic_room_doorly_re_chunk_mix,/scratch/mk9649/datasets/beatsdataset_yt/House/House024__dino_lenny_doorly_the_magic_room_doorly_re_chunk_mix.mp3,House
House025__dj_dan_ido_that_sound_original_mix,/scratch/mk9649/datasets/beatsdataset_yt/House/House025__dj_dan_ido_that_sound_original_mix.mp3,House
House026__dj_dan_mike_balance_no_stoppin_us_dj_dan_ido_remix,/scratch/mk9649/datasets/beatsdataset_yt/House/House026__dj_dan_mike_balance_no_stoppin_us_dj_dan_ido_remix.mp3,House
House027__dj_deeon_lee_walker_freak_like_me_sonny_fodera_remix,/scratch/mk9649/datasets/beatsdataset_yt/House/House027__dj_deeon_lee_walker_freak_like_me_sonny_fodera_remix.mp3,House
House028__dj_skt_poison_original_mix,/scratch/mk9649/datasets/beatsdataset_yt/House/House028__dj_skt_poison_original_mix.mp3,House
House029__duke_dumont_be_here_original_mix,/scratch/mk9649/datasets/beatsdataset_yt/House/House029__duke_dumont_be_here_original_mix.mp3,House
House030__federico_scavo_que_pasa_tom_staar_remix,/scratch/mk9649/datasets/beatsdataset_yt/House/House030__federico_scavo_que_pasa_tom_staar_remix.mp3,House
House031__freiboitar_nobody_dance_original_mix,/scratch/mk9649/datasets/beatsdataset_yt/House/House031__freiboitar_nobody_dance_original_mix.mp3,House
House032__gershon_jackson_take_it_easy_sonny_fodera_matjoe_remix,/scratch/mk9649/datasets/beatsdataset_yt/House/House032__gershon_jackson_take_it_easy_sonny_fodera_matjoe_remix.mp3,House
House033__golden_summer_in_the_city_claptone_edit,/scratch/mk9649/datasets/beatsdataset_yt/House/House033__golden_summer_in_the_city_claptone_edit.mp3,House
House034__happy_clappers_i_believe_the_cube_guys_remix_2016,/scratch/mk9649/datasets/beatsdataset_yt/House/House034__happy_clappers_i_believe_the_cube_guys_remix_2016.mp3,House
House035__i_cube_transpiration_original_mix,/scratch/mk9649/datasets/beatsdataset_yt/House/House035__i_cube_transpiration_original_mix.mp3,House
House036__inaya_day_gabry_venus_when_im_alone_the_cube_guys_remix,/scratch/mk9649/datasets/beatsdataset_yt/House/House036__inaya_day_gabry_venus_when_im_alone_the_cube_guys_remix.mp3,House
House037__jaydee_plastic_dreams_shadow_child_remix,/scratch/mk9649/datasets/beatsdataset_yt/House/House037__jaydee_plastic_dreams_shadow_child_remix.mp3,House
House038__jazzman_wax_iban_montoro_i_believe_original_mix,/scratch/mk9649/datasets/beatsdataset_yt/House/House038__jazzman_wax_iban_montoro_i_believe_original_mix.mp3,House
House039__josh_butler_innocence_feat_tom_da_lips_original_mix,/scratch/mk9649/datasets/beatsdataset_yt/House/House039__josh_butler_innocence_feat_tom_da_lips_original_mix.mp3,House
House041__jp_chronic_gramma_funk_body_talk_original_mix,/scratch/mk9649/datasets/beatsdataset_yt/House/House041__jp_chronic_gramma_funk_body_talk_original_mix.mp3,House
IndieDanceNuDisco001__adam_port_here_is_why_tonight_adam_port_12_autobahn_edit,/scratch/mk9649/datasets/beatsdataset_yt/IndieDanceNuDisco/IndieDanceNuDisco001__adam_port_here_is_why_tonight_adam_port_12_autobahn_edit.mp3,IndieDanceNuDisco
IndieDanceNuDisco002__anabel_englund_london_headache_purple_disco_machine_remix,/scratch/mk9649/datasets/beatsdataset_yt/IndieDanceNuDisco/IndieDanceNuDisco002__anabel_englund_london_headache_purple_disco_machine_remix.mp3,IndieDanceNuDisco
IndieDanceNuDisco003__annie_tuff_city_kids_labyrinth_club_mix,/scratch/mk9649/datasets/beatsdataset_yt/IndieDanceNuDisco/IndieDanceNuDisco003__annie_tuff_city_kids_labyrinth_club_mix.mp3,IndieDanceNuDisco
IndieDanceNuDisco004__autarkic_rotation_rotation_red_axes_remix,/scratch/mk9649/datasets/beatsdataset_yt/IndieDanceNuDisco/IndieDanceNuDisco004__autarkic_rotation_rotation_red_axes_remix.mp3,IndieDanceNuDisco
IndieDanceNuDisco005__bart_skils_midnight_moving_2000_and_ones_1984_electro_synth_pop_mix,/scratch/mk9649/datasets/beatsdataset_yt/IndieDanceNuDisco/IndieDanceNuDisco005__bart_skils_midnight_moving_2000_and_ones_1984_electro_synth_pop_mix.mp3,IndieDanceNuDisco
IndieDanceNuDisco006__benedikt_frey_out_of_here_feat_javolenus_roman_flugels_alternative_remix,/scratch/mk9649/datasets/beatsdataset_yt/IndieDanceNuDisco/IndieDanceNuDisco006__benedikt_frey_out_of_here_feat_javolenus_roman_flugels_alternative_remix.mp3,IndieDanceNuDisco
IndieDanceNuDisco008__beverly_chills_stomp_your_feet_extended_mix,/scratch/mk9649/datasets/beatsdataset_yt/IndieDanceNuDisco/IndieDanceNuDisco008__beverly_chills_stomp_your_feet_extended_mix.mp3,IndieDanceNuDisco
IndieDanceNuDisco009__birdee_i_want_you_feat_gamble_burke_original_mix,/scratch/mk9649/datasets/beatsdataset_yt/IndieDanceNuDisco/IndieDanceNuDisco009__birdee_i_want_you_feat_gamble_burke_original_mix.mp3,IndieDanceNuDisco
IndieDanceNuDisco010__black_spuma_onda_original_mix,/scratch/mk9649/datasets/beatsdataset_yt/IndieDanceNuDisco/IndieDanceNuDisco010__black_spuma_onda_original_mix.mp3,IndieDanceNuDisco
IndieDanceNuDisco011__chinaski_uber_dem_jenseits_original_mix,/scratch/mk9649/datasets/beatsdataset_yt/IndieDanceNuDisco/IndieDanceNuDisco011__chinaski_uber_dem_jenseits_original_mix.mp3,IndieDanceNuDisco
IndieDanceNuDisco012__craig_bratley_play_the_game_feat_danielle_moore_andrew_weatherall_remix,/scratch/mk9649/datasets/beatsdataset_yt/IndieDanceNuDisco/IndieDanceNuDisco012__craig_bratley_play_the_game_feat_danielle_moore_andrew_weatherall_remix.mp3,IndieDanceNuDisco
IndieDanceNuDisco013__da_lata_diabel_cissokho_this_is_not_your_job_faze_action_dub,/scratch/mk9649/datasets/beatsdataset_yt/IndieDanceNuDisco/IndieDanceNuDisco013__da_lata_diabel_cissokho_this_is_not_your_job_faze_action_dub.mp3,IndieDanceNuDisco
IndieDanceNuDisco014__digitalism_destination_breakdown_gerd_janson_remix,/scratch/mk9649/datasets/beatsdataset_yt/IndieDanceNuDisco/IndieDanceNuDisco014__digitalism_destination_breakdown_gerd_janson_remix.mp3,IndieDanceNuDisco
IndieDanceNuDisco015__dionigi_centuries_original_mix,/scratch/mk9649/datasets/beatsdataset_yt/IndieDanceNuDisco/IndieDanceNuDisco015__dionigi_centuries_original_mix.mp3,IndieDanceNuDisco
IndieDanceNuDisco016__discotron_bang_bang_original_mix,/scratch/mk9649/datasets/beatsdataset_yt/IndieDanceNuDisco/IndieDanceNuDisco016__discotron_bang_bang_original_mix.mp3,IndieDanceNuDisco
IndieDanceNuDisco017__discotron_starstruck_original_mix,/scratch/mk9649/datasets/beatsdataset_yt/IndieDanceNuDisco/IndieDanceNuDisco017__discotron_starstruck_original_mix.mp3,IndieDanceNuDisco
IndieDanceNuDisco018__dj_tennis_convex_original_mix,/scratch/mk9649/datasets/beatsdataset_yt/IndieDanceNuDisco/IndieDanceNuDisco018__dj_tennis_convex_original_mix.mp3,IndieDanceNuDisco
IndieDanceNuDisco019__edgar_almada_i_feel_love_original_mix,/scratch/mk9649/datasets/beatsdataset_yt/IndieDanceNuDisco/IndieDanceNuDisco019__edgar_almada_i_feel_love_original_mix.mp3,IndieDanceNuDisco
IndieDanceNuDisco020__future_sound_of_antwerp_volium_original_mix,/scratch/mk9649/datasets/beatsdataset_yt/IndieDanceNuDisco/IndieDanceNuDisco020__future_sound_of_antwerp_volium_original_mix.mp3,IndieDanceNuDisco
IndieDanceNuDisco021__grace_jones_pull_up_to_the_bumper_joey_negro_bumper_to_bumper_mix,/scratch/mk9649/datasets/beatsdataset_yt/IndieDanceNuDisco/IndieDanceNuDisco021__grace_jones_pull_up_to_the_bumper_joey_negro_bumper_to_bumper_mix.mp3,IndieDanceNuDisco
IndieDanceNuDisco022__groove_motion_try_it_original_mix,/scratch/mk9649/datasets/beatsdataset_yt/IndieDanceNuDisco/IndieDanceNuDisco022__groove_motion_try_it_original_mix.mp3,IndieDanceNuDisco
IndieDanceNuDisco023__harvey_sutherland_bravado_original_mix,/scratch/mk9649/datasets/beatsdataset_yt/IndieDanceNuDisco/IndieDanceNuDisco023__harvey_sutherland_bravado_original_mix.mp3,IndieDanceNuDisco
IndieDanceNuDisco024__harvey_sutherland_priestess_original_mix,/scratch/mk9649/datasets/beatsdataset_yt/IndieDanceNuDisco/IndieDanceNuDisco024__harvey_sutherland_priestess_original_mix.mp3,IndieDanceNuDisco
IndieDanceNuDisco025__holm_cpu_fotspor_todd_terje_disco_mix,/scratch/mk9649/datasets/beatsdataset_yt/IndieDanceNuDisco/IndieDanceNuDisco025__holm_cpu_fotspor_todd_terje_disco_mix.mp3,IndieDanceNuDisco
IndieDanceNuDisco026__idr_clint_original_mix,/scratch/mk9649/datasets/beatsdataset_yt/IndieDanceNuDisco/IndieDanceNuDisco026__idr_clint_original_mix.mp3,IndieDanceNuDisco
IndieDanceNuDisco027__jm_brothers_loca_funk_original_mix,/scratch/mk9649/datasets/beatsdataset_yt/IndieDanceNuDisco/IndieDanceNuDisco027__jm_brothers_loca_funk_original_mix.mp3,IndieDanceNuDisco
IndieDanceNuDisco028__jeep_terroir_tropical_zombies_in_miami_remix,/scratch/mk9649/datasets/beatsdataset_yt/IndieDanceNuDisco/IndieDanceNuDisco028__jeep_terroir_tropical_zombies_in_miami_remix.mp3,IndieDanceNuDisco
IndieDanceNuDisco029__jack_le_funk_funks_lazy_afternoon_original_mix,/scratch/mk9649/datasets/beatsdataset_yt/IndieDanceNuDisco/IndieDanceNuDisco029__jack_le_funk_funks_lazy_afternoon_original_mix.mp3,IndieDanceNuDisco
IndieDanceNuDisco030__joey_negro_free_bass_joey_negro_funk_equation_mix,/scratch/mk9649/datasets/beatsdataset_yt/IndieDanceNuDisco/IndieDanceNuDisco030__joey_negro_free_bass_joey_negro_funk_equation_mix.mp3,IndieDanceNuDisco
IndieDanceNuDisco031__jonathan_kusuma_automatone_original_mix,/scratch/mk9649/datasets/beatsdataset_yt/IndieDanceNuDisco/IndieDanceNuDisco031__jonathan_kusuma_automatone_original_mix.mp3,IndieDanceNuDisco
IndieDanceNuDisco032__jonathan_kusuma_mordor_disko_original_mix,/scratch/mk9649/datasets/beatsdataset_yt/IndieDanceNuDisco/IndieDanceNuDisco032__jonathan_kusuma_mordor_disko_original_mix.mp3,IndieDanceNuDisco
IndieDanceNuDisco033__kiko_navarro_dj_fudge_so_tight_club_mix,/scratch/mk9649/datasets/beatsdataset_yt/IndieDanceNuDisco/IndieDanceNuDisco033__kiko_navarro_dj_fudge_so_tight_club_mix.mp3,IndieDanceNuDisco
IndieDanceNuDisco034__kraak_smaak_cleopold_alone_with_you_feat_cleopold_original_mix,/scratch/mk9649/datasets/beatsdataset_yt/IndieDanceNuDisco/IndieDanceNuDisco034__kraak_smaak_cleopold_alone_with_you_feat_cleopold_original_mix.mp3,IndieDanceNuDisco
IndieDanceNuDisco035__late_nite_tuff_guy_wonderland_lntg_muscle_mix,/scratch/mk9649/datasets/beatsdataset_yt/IndieDanceNuDisco/IndieDanceNuDisco035__late_nite_tuff_guy_wonderland_lntg_muscle_mix.mp3,IndieDanceNuDisco
IndieDanceNuDisco036__lapsley_operator_dj_kozes_12_inch_extended_disco_version_original_mi,/scratch/mk9649/datasets/beatsdataset_yt/IndieDanceNuDisco/IndieDanceNuDisco036__lapsley_operator_dj_kozes_12_inch_extended_disco_version_original_mi.mp3,IndieDanceNuDisco
IndieDanceNuDisco037__lapsley_operator_dj_kozes_disco_edit_original_mix,/scratch/mk9649/datasets/beatsdataset_yt/IndieDanceNuDisco/IndieDanceNuDisco037__lapsley_operator_dj_kozes_disco_edit_original_mix.mp3,IndieDanceNuDisco
IndieDanceNuDisco038__lindstrom_closing_shot_original_mix,/scratch/mk9649/datasets/beatsdataset_yt/IndieDanceNuDisco/IndieDanceNuDisco038__lindstrom_closing_shot_original_mix.mp3,IndieDanceNuDisco
IndieDanceNuDisco039__loose_change_straight_from_the_heart_joey_negro_straight_to_the_groove_mi,/scratch/mk9649/datasets/beatsdataset_yt/IndieDanceNuDisco/IndieDanceNuDisco039__loose_change_straight_from_the_heart_joey_negro_straight_to_the_groove_mi.mp3,IndieDanceNuDisco
IndieDanceNuDisco040__lord_of_the_isles_weh_in_extended_version,/scratch/mk9649/datasets/beatsdataset_yt/IndieDanceNuDisco/IndieDanceNuDisco040__lord_of_the_isles_weh_in_extended_version.mp3,IndieDanceNuDisco
IndieDanceNuDisco041__lord_of_the_isles_weh_in_original_mix,/scratch/mk9649/datasets/beatsdataset_yt/IndieDanceNuDisco/IndieDanceNuDisco041__lord_of_the_isles_weh_in_original_mix.mp3,IndieDanceNuDisco
Minimal001__alex_senna_vinne_i_know_u_original_mix,/scratch/mk9649/datasets/beatsdataset_yt/Minimal/Minimal001__alex_senna_vinne_i_know_u_original_mix.mp3,Minimal
Minimal002__alfgio_lets_take_the_world_original_mix,/scratch/mk9649/datasets/beatsdataset_yt/Minimal/Minimal002__alfgio_lets_take_the_world_original_mix.mp3,Minimal
Minimal003__amir_who_stop_me_now_original_mix,/scratch/mk9649/datasets/beatsdataset_yt/Minimal/Minimal003__amir_who_stop_me_now_original_mix.mp3,Minimal
Minimal004__andrea_giuliani_luca_rossetti_slums_mateo_remix,/scratch/mk9649/datasets/beatsdataset_yt/Minimal/Minimal004__andrea_giuliani_luca_rossetti_slums_mateo_remix.mp3,Minimal
Minimal005__animal_picnic_aaryon_tesalia_original_mix,/scratch/mk9649/datasets/beatsdataset_yt/Minimal/Minimal005__animal_picnic_aaryon_tesalia_original_mix.mp3,Minimal
Minimal006__audiomatiques_lets_go_cosmic_boys_remix,/scratch/mk9649/datasets/beatsdataset_yt/Minimal/Minimal006__audiomatiques_lets_go_cosmic_boys_remix.mp3,Minimal
Minimal008__autistic_dimmish_fail_better_original_mix,/scratch/mk9649/datasets/beatsdataset_yt/Minimal/Minimal008__autistic_dimmish_fail_better_original_mix.mp3,Minimal
Minimal009__autistic_dimmish_restless_shoes_original_mix,/scratch/mk9649/datasets/beatsdataset_yt/Minimal/Minimal009__autistic_dimmish_restless_shoes_original_mix.mp3,Minimal
Minimal010__avrosse_the_night_train_original_mix,/scratch/mk9649/datasets/beatsdataset_yt/Minimal/Minimal010__avrosse_the_night_train_original_mix.mp3,Minimal
Minimal011__bambi_rowboat_original_mix,/scratch/mk9649/datasets/beatsdataset_yt/Minimal/Minimal011__bambi_rowboat_original_mix.mp3,Minimal
Minimal012__ben_teufel_keep_it_close_pedro_costa_remix,/scratch/mk9649/datasets/beatsdataset_yt/Minimal/Minimal012__ben_teufel_keep_it_close_pedro_costa_remix.mp3,Minimal
Minimal013__beno_san_sacrifice_original_mix,/scratch/mk9649/datasets/beatsdataset_yt/Minimal/Minimal013__beno_san_sacrifice_original_mix.mp3,Minimal
Minimal014__bizen_lopez_lights_on_original_mix,/scratch/mk9649/datasets/beatsdataset_yt/Minimal/Minimal014__bizen_lopez_lights_on_original_mix.mp3,Minimal
Minimal015__bndt_fabrication_lapse_original_mix,/scratch/mk9649/datasets/beatsdataset_yt/Minimal/Minimal015__bndt_fabrication_lapse_original_mix.mp3,Minimal
Minimal016__boris_brejcha_fear_original_mix,/scratch/mk9649/datasets/beatsdataset_yt/Minimal/Minimal016__boris_brejcha_fear_original_mix.mp3,Minimal
Minimal017__boris_brejcha_ann_clue_roadtrip_original_mix,/scratch/mk9649/datasets/beatsdataset_yt/Minimal/Minimal017__boris_brejcha_ann_clue_roadtrip_original_mix.mp3,Minimal
Minimal018__bulaklak_leaving_original_mix,/scratch/mk9649/datasets/beatsdataset_yt/Minimal/Minimal018__bulaklak_leaving_original_mix.mp3,Minimal
Minimal019__chiqito_let_me_ride_diwex_remix,/scratch/mk9649/datasets/beatsdataset_yt/Minimal/Minimal019__chiqito_let_me_ride_diwex_remix.mp3,Minimal
Minimal020__cl_ljud_matt_black_original_mix,/scratch/mk9649/datasets/beatsdataset_yt/Minimal/Minimal020__cl_ljud_matt_black_original_mix.mp3,Minimal
Minimal021__core_highways_original_mix,/scratch/mk9649/datasets/beatsdataset_yt/Minimal/Minimal021__core_highways_original_mix.mp3,Minimal
Minimal022__core_initialele_original_mix,/scratch/mk9649/datasets/beatsdataset_yt/Minimal/Minimal022__core_initialele_original_mix.mp3,Minimal
Minimal023__cosmic_boys_zeus_original_mix,/scratch/mk9649/datasets/beatsdataset_yt/Minimal/Minimal023__cosmic_boys_zeus_original_mix.mp3,Minimal
Minimal024__cristhian_valencia_ricardo_valencia_kryptonite_mateo_remix,/scratch/mk9649/datasets/beatsdataset_yt/Minimal/Minimal024__cristhian_valencia_ricardo_valencia_kryptonite_mateo_remix.mp3,Minimal
Minimal025__cristian_martin_chase_cosmic_boys_remix,/scratch/mk9649/datasets/beatsdataset_yt/Minimal/Minimal025__cristian_martin_chase_cosmic_boys_remix.mp3,Minimal
Minimal026__devochka_greenwolve_drop_that_boom_original_mix,/scratch/mk9649/datasets/beatsdataset_yt/Minimal/Minimal026__devochka_greenwolve_drop_that_boom_original_mix.mp3,Minimal
Minimal027__dimo_kyrmanidis_good_or_bad_original_mix,/scratch/mk9649/datasets/beatsdataset_yt/Minimal/Minimal027__dimo_kyrmanidis_good_or_bad_original_mix.mp3,Minimal
Minimal028__dirty_doering_sascha_cawa_hallelujah_original_mix,/scratch/mk9649/datasets/beatsdataset_yt/Minimal/Minimal028__dirty_doering_sascha_cawa_hallelujah_original_mix.mp3,Minimal
Minimal029__droplex_mantara_original_mix,/scratch/mk9649/datasets/beatsdataset_yt/Minimal/Minimal029__droplex_mantara_original_mix.mp3,Minimal
Minimal030__duane_bartolo_smoke_up_johnny_original_mix,/scratch/mk9649/datasets/beatsdataset_yt/Minimal/Minimal030__duane_bartolo_smoke_up_johnny_original_mix.mp3,Minimal
Minimal031__engi_stoked_auditory_cortex_original_mix,/scratch/mk9649/datasets/beatsdataset_yt/Minimal/Minimal031__engi_stoked_auditory_cortex_original_mix.mp3,Minimal
Minimal032__eric_sidey_the_underground_original_mix,/scratch/mk9649/datasets/beatsdataset_yt/Minimal/Minimal032__eric_sidey_the_underground_original_mix.mp3,Minimal
Minimal033__eric_sidey_fabrication_fear_loathing_original_mix,/scratch/mk9649/datasets/beatsdataset_yt/Minimal/Minimal033__eric_sidey_fabrication_fear_loathing_original_mix.mp3,Minimal
Minimal034__ernest_oh_valensia_original_mix,/scratch/mk9649/datasets/beatsdataset_yt/Minimal/Minimal034__ernest_oh_valensia_original_mix.mp3,Minimal
Minimal035__etchar_freakuencies_mario_aureo_remix,/scratch/mk9649/datasets/beatsdataset_yt/Minimal/Minimal035__etchar_freakuencies_mario_aureo_remix.mp3,Minimal
Minimal036__farid_odilbekov_style_original_mix,/scratch/mk9649/datasets/beatsdataset_yt/Minimal/Minimal036__farid_odilbekov_style_original_mix.mp3,Minimal
Minimal037__franz_costa_drop_that_beat_joey_daniel_remix,/scratch/mk9649/datasets/beatsdataset_yt/Minimal/Minimal037__franz_costa_drop_that_beat_joey_daniel_remix.mp3,Minimal
Minimal038__gaga_penalty_original_mix,/scratch/mk9649/datasets/beatsdataset_yt/Minimal/Minimal038__gaga_penalty_original_mix.mp3,Minimal
Minimal039__gaga_mateo_enemy_original_mix,/scratch/mk9649/datasets/beatsdataset_yt/Minimal/Minimal039__gaga_mateo_enemy_original_mix.mp3,Minimal
Minimal040__gaga_mateo_worse_original_mix,/scratch/mk9649/datasets/beatsdataset_yt/Minimal/Minimal040__gaga_mateo_worse_original_mix.mp3,Minimal
Minimal041__gianfranco_troccoli_move_your_back_original_mix,/scratch/mk9649/datasets/beatsdataset_yt/Minimal/Minimal041__gianfranco_troccoli_move_your_back_original_mix.mp3,Minimal
ProgressiveHouse001__2pole_rose_original_mix,/scratch/mk9649/datasets/beatsdataset_yt/ProgressiveHouse/ProgressiveHouse001__2pole_rose_original_mix.mp3,ProgressiveHouse
ProgressiveHouse002__adriatique_soul_valley_original_mix,/scratch/mk9649/datasets/beatsdataset_yt/ProgressiveHouse/ProgressiveHouse002__adriatique_soul_valley_original_mix.mp3,ProgressiveHouse
ProgressiveHouse003__aemes_high_five_original_mix,/scratch/mk9649/datasets/beatsdataset_yt/ProgressiveHouse/ProgressiveHouse003__aemes_high_five_original_mix.mp3,ProgressiveHouse
ProgressiveHouse004__amber_long_just_hear_who_dares_wins_donatello_vocal_remix,/scratch/mk9649/datasets/beatsdataset_yt/ProgressiveHouse/ProgressiveHouse004__amber_long_just_hear_who_dares_wins_donatello_vocal_remix.mp3,ProgressiveHouse
ProgressiveHouse005__ampish_dreams_about_her_original_mix,/scratch/mk9649/datasets/beatsdataset_yt/ProgressiveHouse/ProgressiveHouse005__ampish_dreams_about_her_original_mix.mp3,ProgressiveHouse
ProgressiveHouse006__andre_sobota_fragments_color_ray_remix,/scratch/mk9649/datasets/beatsdataset_yt/ProgressiveHouse/ProgressiveHouse006__andre_sobota_fragments_color_ray_remix.mp3,ProgressiveHouse
ProgressiveHouse007__antrim_paula_os_odyssey_east_cafe_remix,/scratch/mk9649/datasets/beatsdataset_yt/ProgressiveHouse/ProgressiveHouse007__antrim_paula_os_odyssey_east_cafe_remix.mp3,ProgressiveHouse
ProgressiveHouse008__art_of_trance_firebird_petar_dundov_remix,/scratch/mk9649/datasets/beatsdataset_yt/ProgressiveHouse/ProgressiveHouse008__art_of_trance_firebird_petar_dundov_remix.mp3,ProgressiveHouse
ProgressiveHouse009__capa_official_accelerate_original_mix,/scratch/mk9649/datasets/beatsdataset_yt/ProgressiveHouse/ProgressiveHouse009__capa_official_accelerate_original_mix.mp3,ProgressiveHouse
ProgressiveHouse010__chicola_drosera_original_mix,/scratch/mk9649/datasets/beatsdataset_yt/ProgressiveHouse/ProgressiveHouse010__chicola_drosera_original_mix.mp3,ProgressiveHouse
ProgressiveHouse011__chicola_rock_the_bells_original_mix,/scratch/mk9649/datasets/beatsdataset_yt/ProgressiveHouse/ProgressiveHouse011__chicola_rock_the_bells_original_mix.mp3,ProgressiveHouse
ProgressiveHouse012__clavis_alcine_original_mix,/scratch/mk9649/datasets/beatsdataset_yt/ProgressiveHouse/ProgressiveHouse012__clavis_alcine_original_mix.mp3,ProgressiveHouse
ProgressiveHouse013__cristoph_alone_original_mix,/scratch/mk9649/datasets/beatsdataset_yt/ProgressiveHouse/ProgressiveHouse013__cristoph_alone_original_mix.mp3,ProgressiveHouse
ProgressiveHouse014__cristoph_alone_original_mix,/scratch/mk9649/datasets/beatsdataset_yt/ProgressiveHouse/ProgressiveHouse014__cristoph_alone_original_mix.mp3,ProgressiveHouse
ProgressiveHouse015__cristoph_catsy_original_mix,/scratch/mk9649/datasets/beatsdataset_yt/ProgressiveHouse/ProgressiveHouse015__cristoph_catsy_original_mix.mp3,ProgressiveHouse
ProgressiveHouse016__d_formation_balkia_d_nox_beckers_remix,/scratch/mk9649/datasets/beatsdataset_yt/ProgressiveHouse/ProgressiveHouse016__d_formation_balkia_d_nox_beckers_remix.mp3,ProgressiveHouse
ProgressiveHouse017__d_nox_victor_ruiz_in_between_original_mix,/scratch/mk9649/datasets/beatsdataset_yt/ProgressiveHouse/ProgressiveHouse017__d_nox_victor_ruiz_in_between_original_mix.mp3,ProgressiveHouse
ProgressiveHouse018__dale_middleton_disappearing_act_original_mix,/scratch/mk9649/datasets/beatsdataset_yt/ProgressiveHouse/ProgressiveHouse018__dale_middleton_disappearing_act_original_mix.mp3,ProgressiveHouse
ProgressiveHouse019__darko_milosevic_siddhartha_original_mix,/scratch/mk9649/datasets/beatsdataset_yt/ProgressiveHouse/ProgressiveHouse019__darko_milosevic_siddhartha_original_mix.mp3,ProgressiveHouse
ProgressiveHouse020__deadmau5_saved_original_mix,/scratch/mk9649/datasets/beatsdataset_yt/ProgressiveHouse/ProgressiveHouse020__deadmau5_saved_original_mix.mp3,ProgressiveHouse
ProgressiveHouse021__deadmau5_strobe_lane_8_remix,/scratch/mk9649/datasets/beatsdataset_yt/ProgressiveHouse/ProgressiveHouse021__deadmau5_strobe_lane_8_remix.mp3,ProgressiveHouse
ProgressiveHouse022__deadmau5_grabbitz_let_go_original_mix,/scratch/mk9649/datasets/beatsdataset_yt/ProgressiveHouse/ProgressiveHouse022__deadmau5_grabbitz_let_go_original_mix.mp3,ProgressiveHouse
ProgressiveHouse023__derek_howell_runner_hot_tuneik_remix,/scratch/mk9649/datasets/beatsdataset_yt/ProgressiveHouse/ProgressiveHouse023__derek_howell_runner_hot_tuneik_remix.mp3,ProgressiveHouse
ProgressiveHouse024__dimitri_nakov_bvision_paradiso_original_mix,/scratch/mk9649/datasets/beatsdataset_yt/ProgressiveHouse/ProgressiveHouse024__dimitri_nakov_bvision_paradiso_original_mix.mp3,ProgressiveHouse
ProgressiveHouse025__dio_s_one_time_k_nass_rafael_remix,/scratch/mk9649/datasets/beatsdataset_yt/ProgressiveHouse/ProgressiveHouse025__dio_s_one_time_k_nass_rafael_remix.mp3,ProgressiveHouse
ProgressiveHouse026__disciples_daylight_siege_remix,/scratch/mk9649/datasets/beatsdataset_yt/ProgressiveHouse/ProgressiveHouse026__disciples_daylight_siege_remix.mp3,ProgressiveHouse
ProgressiveHouse027__dmitry_molosh_counteraction_original_mix,/scratch/mk9649/datasets/beatsdataset_yt/ProgressiveHouse/ProgressiveHouse027__dmitry_molosh_counteraction_original_mix.mp3,ProgressiveHouse
ProgressiveHouse028__dmitry_molosh_delirious_original_mix,/scratch/mk9649/datasets/beatsdataset_yt/ProgressiveHouse/ProgressiveHouse028__dmitry_molosh_delirious_original_mix.mp3,ProgressiveHouse
ProgressiveHouse029__dmitry_molosh_eclipse_original_mix,/scratch/mk9649/datasets/beatsdataset_yt/ProgressiveHouse/ProgressiveHouse029__dmitry_molosh_eclipse_original_mix.mp3,ProgressiveHouse
ProgressiveHouse030__dmitry_molosh_fly_original_mix,/scratch/mk9649/datasets/beatsdataset_yt/ProgressiveHouse/ProgressiveHouse030__dmitry_molosh_fly_original_mix.mp3,ProgressiveHouse
ProgressiveHouse031__donatello_liquid_original_mix,/scratch/mk9649/datasets/beatsdataset_yt/ProgressiveHouse/ProgressiveHouse031__donatello_liquid_original_mix.mp3,ProgressiveHouse
ProgressiveHouse032__dousk_look_good_tonight_antrim_stranger_remix,/scratch/mk9649/datasets/beatsdataset_yt/ProgressiveHouse/ProgressiveHouse032__dousk_look_good_tonight_antrim_stranger_remix.mp3,ProgressiveHouse
ProgressiveHouse033__ed_ed_chinx_original_mix,/scratch/mk9649/datasets/beatsdataset_yt/ProgressiveHouse/ProgressiveHouse033__ed_ed_chinx_original_mix.mp3,ProgressiveHouse
ProgressiveHouse034__eekkoo_sailor_i_letters_capital_jeremy_olander_remix,/scratch/mk9649/datasets/beatsdataset_yt/ProgressiveHouse/ProgressiveHouse034__eekkoo_sailor_i_letters_capital_jeremy_olander_remix.mp3,ProgressiveHouse
ProgressiveHouse035__einmusik_tormenta_original_mix,/scratch/mk9649/datasets/beatsdataset_yt/ProgressiveHouse/ProgressiveHouse035__einmusik_tormenta_original_mix.mp3,ProgressiveHouse
ProgressiveHouse036__eric_prydz_opus_original_mix,/scratch/mk9649/datasets/beatsdataset_yt/ProgressiveHouse/ProgressiveHouse036__eric_prydz_opus_original_mix.mp3,ProgressiveHouse
ProgressiveHouse037__eric_prydz_opus_original_mix,/scratch/mk9649/datasets/beatsdataset_yt/ProgressiveHouse/ProgressiveHouse037__eric_prydz_opus_original_mix.mp3,ProgressiveHouse
ProgressiveHouse038__gai_barone_scarlet_ewan_rill_mix,/scratch/mk9649/datasets/beatsdataset_yt/ProgressiveHouse/ProgressiveHouse038__gai_barone_scarlet_ewan_rill_mix.mp3,ProgressiveHouse
ProgressiveHouse039__guy_j_algorithm_hernan_cattaneo_graziano_raffa_remix,/scratch/mk9649/datasets/beatsdataset_yt/ProgressiveHouse/ProgressiveHouse039__guy_j_algorithm_hernan_cattaneo_graziano_raffa_remix.mp3,ProgressiveHouse
ProgressiveHouse040__guy_j_khen_prism_original_mix,/scratch/mk9649/datasets/beatsdataset_yt/ProgressiveHouse/ProgressiveHouse040__guy_j_khen_prism_original_mix.mp3,ProgressiveHouse
PsyTrance001__1200_micrograms_speed_freak_original_mix,/scratch/mk9649/datasets/beatsdataset_yt/PsyTrance/PsyTrance001__1200_micrograms_speed_freak_original_mix.mp3,PsyTrance
PsyTrance002__1200_micrograms_the_ritual_original_mix,/scratch/mk9649/datasets/beatsdataset_yt/PsyTrance/PsyTrance002__1200_micrograms_the_ritual_original_mix.mp3,PsyTrance
PsyTrance003__1200_micrograms_we_want_to_be_free_original_mix,/scratch/mk9649/datasets/beatsdataset_yt/PsyTrance/PsyTrance003__1200_micrograms_we_want_to_be_free_original_mix.mp3,PsyTrance
PsyTrance004__ace_ventura_captain_hook_the_jolly_roger_future_frequency_remix,/scratch/mk9649/datasets/beatsdataset_yt/PsyTrance/PsyTrance004__ace_ventura_captain_hook_the_jolly_roger_future_frequency_remix.mp3,PsyTrance
PsyTrance005__airwave_pray_for_happiness_the_digital_blonde_remix,/scratch/mk9649/datasets/beatsdataset_yt/PsyTrance/PsyTrance005__airwave_pray_for_happiness_the_digital_blonde_remix.mp3,PsyTrance
PsyTrance006__ajja_starfall_braincell_remix,/scratch/mk9649/datasets/beatsdataset_yt/PsyTrance/PsyTrance006__ajja_starfall_braincell_remix.mp3,PsyTrance
PsyTrance007__ajja_zephirus_kane_completely_funked_original_mix,/scratch/mk9649/datasets/beatsdataset_yt/PsyTrance/PsyTrance007__ajja_zephirus_kane_completely_funked_original_mix.mp3,PsyTrance
PsyTrance008__alien_project_shanti_tetris_original_mix,/scratch/mk9649/datasets/beatsdataset_yt/PsyTrance/PsyTrance008__alien_project_shanti_tetris_original_mix.mp3,PsyTrance
PsyTrance009__aquafeel_monod_early_ravers_original_mix,/scratch/mk9649/datasets/beatsdataset_yt/PsyTrance/PsyTrance009__aquafeel_monod_early_ravers_original_mix.mp3,PsyTrance
PsyTrance010__artificials_human_emotions_original_mix,/scratch/mk9649/datasets/beatsdataset_yt/PsyTrance/PsyTrance010__artificials_human_emotions_original_mix.mp3,PsyTrance
PsyTrance011__artificials_sequences_original_mix,/scratch/mk9649/datasets/beatsdataset_yt/PsyTrance/PsyTrance011__artificials_sequences_original_mix.mp3,PsyTrance
PsyTrance012__astrix_deep_jungle_walk_original_mix,/scratch/mk9649/datasets/beatsdataset_yt/PsyTrance/PsyTrance012__astrix_deep_jungle_walk_original_mix.mp3,PsyTrance
PsyTrance013__astrix_underbeat_future_frequency_remix,/scratch/mk9649/datasets/beatsdataset_yt/PsyTrance/PsyTrance013__astrix_underbeat_future_frequency_remix.mp3,PsyTrance
PsyTrance014__audiofire_uk_beat_of_the_drum_original_mix,/scratch/mk9649/datasets/beatsdataset_yt/PsyTrance/PsyTrance014__audiofire_uk_beat_of_the_drum_original_mix.mp3,PsyTrance
PsyTrance015__audiofire_uk_haka_original_mix,/scratch/mk9649/datasets/beatsdataset_yt/PsyTrance/PsyTrance015__audiofire_uk_haka_original_mix.mp3,PsyTrance
PsyTrance016__audiomatic_phaxe_pineapple_x_press_ranji_remix,/scratch/mk9649/datasets/beatsdataset_yt/PsyTrance/PsyTrance016__audiomatic_phaxe_pineapple_x_press_ranji_remix.mp3,PsyTrance
PsyTrance017__berg_bayaka_original_mix,/scratch/mk9649/datasets/beatsdataset_yt/PsyTrance/PsyTrance017__berg_bayaka_original_mix.mp3,PsyTrance
PsyTrance018__blastoyz_parvati_valley_original_mix,/scratch/mk9649/datasets/beatsdataset_yt/PsyTrance/PsyTrance018__blastoyz_parvati_valley_original_mix.mp3,PsyTrance
PsyTrance019__braincell_particle_explosion_original_mix,/scratch/mk9649/datasets/beatsdataset_yt/PsyTrance/PsyTrance019__braincell_particle_explosion_original_mix.mp3,PsyTrance
PsyTrance020__brisker_magitman_modern_love_roy_tilbor_remix,/scratch/mk9649/datasets/beatsdataset_yt/PsyTrance/PsyTrance020__brisker_magitman_modern_love_roy_tilbor_remix.mp3,PsyTrance
PsyTrance021__carnage_timmy_trumpet_psy_or_die_extended_mix,/scratch/mk9649/datasets/beatsdataset_yt/PsyTrance/PsyTrance021__carnage_timmy_trumpet_psy_or_die_extended_mix.mp3,PsyTrance
PsyTrance022__christopher_lawrence_no_comment_horizon_original_mix,/scratch/mk9649/datasets/beatsdataset_yt/PsyTrance/PsyTrance022__christopher_lawrence_no_comment_horizon_original_mix.mp3,PsyTrance
PsyTrance023__circuit_breakers_interstellar_flashbacks_original_mix,/scratch/mk9649/datasets/beatsdataset_yt/PsyTrance/PsyTrance023__circuit_breakers_interstellar_flashbacks_original_mix.mp3,PsyTrance
PsyTrance024__dirty_saffi_dreams_tristan_remix,/scratch/mk9649/datasets/beatsdataset_yt/PsyTrance/PsyTrance024__dirty_saffi_dreams_tristan_remix.mp3,PsyTrance
PsyTrance025__electric_universe_symbolic_science_spirit_original_mix,/scratch/mk9649/datasets/beatsdataset_yt/PsyTrance/PsyTrance025__electric_universe_symbolic_science_spirit_original_mix.mp3,PsyTrance
PsyTrance026__freedom_fighters_clockwork_original_mix,/scratch/mk9649/datasets/beatsdataset_yt/PsyTrance/PsyTrance026__freedom_fighters_clockwork_original_mix.mp3,PsyTrance
PsyTrance027__freedom_fighters_captain_hook_marshmallows_off_limits_remix,/scratch/mk9649/datasets/beatsdataset_yt/PsyTrance/PsyTrance027__freedom_fighters_captain_hook_marshmallows_off_limits_remix.mp3,PsyTrance
PsyTrance028__future_frequency_freakuencies_original_mix,/scratch/mk9649/datasets/beatsdataset_yt/PsyTrance/PsyTrance028__future_frequency_freakuencies_original_mix.mp3,PsyTrance
PsyTrance029__future_frequency_shut_your_eyes_original_mix,/scratch/mk9649/datasets/beatsdataset_yt/PsyTrance/PsyTrance029__future_frequency_shut_your_eyes_original_mix.mp3,PsyTrance
PsyTrance030__genetrick_mongol_original_mix,/scratch/mk9649/datasets/beatsdataset_yt/PsyTrance/PsyTrance030__genetrick_mongol_original_mix.mp3,PsyTrance
PsyTrance031__ghost_rider_everlasting_original_mix,/scratch/mk9649/datasets/beatsdataset_yt/PsyTrance/PsyTrance031__ghost_rider_everlasting_original_mix.mp3,PsyTrance
PsyTrance032__gms_pixel_heading_east_mad_maxx_stryker_remix,/scratch/mk9649/datasets/beatsdataset_yt/PsyTrance/PsyTrance032__gms_pixel_heading_east_mad_maxx_stryker_remix.mp3,PsyTrance
PsyTrance033__hilight_tribe_free_tibet_vini_vici_remix,/scratch/mk9649/datasets/beatsdataset_yt/PsyTrance/PsyTrance033__hilight_tribe_free_tibet_vini_vici_remix.mp3,PsyTrance
PsyTrance034__ilai_sonic_entity_dmt_perception_original_mix,/scratch/mk9649/datasets/beatsdataset_yt/PsyTrance/PsyTrance034__ilai_sonic_entity_dmt_perception_original_mix.mp3,PsyTrance
PsyTrance035__indra_games_of_psy_original_mix,/scratch/mk9649/datasets/beatsdataset_yt/PsyTrance/PsyTrance035__indra_games_of_psy_original_mix.mp3,PsyTrance
PsyTrance036__inner_state_unobtainium_original_mix,/scratch/mk9649/datasets/beatsdataset_yt/PsyTrance/PsyTrance036__inner_state_unobtainium_original_mix.mp3,PsyTrance
PsyTrance037__inner_state_helber_gun_intelligent_life_original_mix,/scratch/mk9649/datasets/beatsdataset_yt/PsyTrance/PsyTrance037__inner_state_helber_gun_intelligent_life_original_mix.mp3,PsyTrance
PsyTrance038__interactive_noise_haunted_house_original_mix,/scratch/mk9649/datasets/beatsdataset_yt/PsyTrance/PsyTrance038__interactive_noise_haunted_house_original_mix.mp3,PsyTrance
PsyTrance039__interactive_noise_join_the_raveolution_eddie_bitar_remix,/scratch/mk9649/datasets/beatsdataset_yt/PsyTrance/PsyTrance039__interactive_noise_join_the_raveolution_eddie_bitar_remix.mp3,PsyTrance
PsyTrance040__kopel_the_underground_original_mix,/scratch/mk9649/datasets/beatsdataset_yt/PsyTrance/PsyTrance040__kopel_the_underground_original_mix.mp3,PsyTrance
ReggaeDub001__a_trak_zhu_keznamdi_as_crazy_as_it_is_original_mix,/scratch/mk9649/datasets/beatsdataset_yt/ReggaeDub/ReggaeDub001__a_trak_zhu_keznamdi_as_crazy_as_it_is_original_mix.mp3,ReggaeDub
ReggaeDub002__al_pancho_cr_productions_power_glory_dub_original_mix,/scratch/mk9649/datasets/beatsdataset_yt/ReggaeDub/ReggaeDub002__al_pancho_cr_productions_power_glory_dub_original_mix.mp3,ReggaeDub
ReggaeDub003__antiplastic_let_me_know_original_mix,/scratch/mk9649/datasets/beatsdataset_yt/ReggaeDub/ReggaeDub003__antiplastic_let_me_know_original_mix.mp3,ReggaeDub
ReggaeDub006__bim_one_productions_dont_stop_the_sound_feat_macka_b_original_mix,/scratch/mk9649/datasets/beatsdataset_yt/ReggaeDub/ReggaeDub006__bim_one_productions_dont_stop_the_sound_feat_macka_b_original_mix.mp3,ReggaeDub
ReggaeDub007__bob_marley_funkstar_de_luxe_sun_is_shining_funkstar_de_luxe_extended_club_mix_original_m,/scratch/mk9649/datasets/beatsdataset_yt/ReggaeDub/ReggaeDub007__bob_marley_funkstar_de_luxe_sun_is_shining_funkstar_de_luxe_extended_club_mix_original_m.mp3,ReggaeDub
ReggaeDub008__brother_culture_reggae_roast_soundsystem_benny_page_remix,/scratch/mk9649/datasets/beatsdataset_yt/ReggaeDub/ReggaeDub008__brother_culture_reggae_roast_soundsystem_benny_page_remix.mp3,ReggaeDub
ReggaeDub009__busy_signal_play_the_horns_original_mix,/scratch/mk9649/datasets/beatsdataset_yt/ReggaeDub/ReggaeDub009__busy_signal_play_the_horns_original_mix.mp3,ReggaeDub
ReggaeDub010__charly_black_gyal_you_a_party_animal_champion_remix,/scratch/mk9649/datasets/beatsdataset_yt/ReggaeDub/ReggaeDub010__charly_black_gyal_you_a_party_animal_champion_remix.mp3,ReggaeDub
ReggaeDub011__charly_black_gyal_you_a_party_animal_jillionaire_remix,/scratch/mk9649/datasets/beatsdataset_yt/ReggaeDub/ReggaeDub011__charly_black_gyal_you_a_party_animal_jillionaire_remix.mp3,ReggaeDub
ReggaeDub012__chronixx_roots_chalice_original_mix,/scratch/mk9649/datasets/beatsdataset_yt/ReggaeDub/ReggaeDub012__chronixx_roots_chalice_original_mix.mp3,ReggaeDub
ReggaeDub013__conkarah_rosie_delmah_hello_reggae_cover_original_mix,/scratch/mk9649/datasets/beatsdataset_yt/ReggaeDub/ReggaeDub013__conkarah_rosie_delmah_hello_reggae_cover_original_mix.mp3,ReggaeDub
ReggaeDub014__cutty_ranks_limb_by_limb_original_mix,/scratch/mk9649/datasets/beatsdataset_yt/ReggaeDub/ReggaeDub014__cutty_ranks_limb_by_limb_original_mix.mp3,ReggaeDub
ReggaeDub015__daddy_freddy_chopstick_dubplate_bad_boy_patrol_feat_daddy_freddy_danny_t_tradesman_remix,/scratch/mk9649/datasets/beatsdataset_yt/ReggaeDub/ReggaeDub015__daddy_freddy_chopstick_dubplate_bad_boy_patrol_feat_daddy_freddy_danny_t_tradesman_remix.mp3,ReggaeDub
ReggaeDub016__damitjon_goin_back_original_mix,/scratch/mk9649/datasets/beatsdataset_yt/ReggaeDub/ReggaeDub016__damitjon_goin_back_original_mix.mp3,ReggaeDub
ReggaeDub017__deejay_dario_tiffanie_malvo_set_it_off_feat_tiffanie_malvo_original_mix,/scratch/mk9649/datasets/beatsdataset_yt/ReggaeDub/ReggaeDub017__deejay_dario_tiffanie_malvo_set_it_off_feat_tiffanie_malvo_original_mix.mp3,ReggaeDub
ReggaeDub018__dengue_dengue_dengue_justo_betancourt_pa_bravo_yo_dengue_dengue_dengue_remix_original_mix,/scratch/mk9649/datasets/beatsdataset_yt/ReggaeDub/ReggaeDub018__dengue_dengue_dengue_justo_betancourt_pa_bravo_yo_dengue_dengue_dengue_remix_original_mix.mp3,ReggaeDub
ReggaeDub019__dexter_dub_rc_dub_original_mix,/scratch/mk9649/datasets/beatsdataset_yt/ReggaeDub/ReggaeDub019__dexter_dub_rc_dub_original_mix.mp3,ReggaeDub
ReggaeDub020__dj_afghan_mighi_d_tsadiq_man_theme_original_mix,/scratch/mk9649/datasets/beatsdataset_yt/ReggaeDub/ReggaeDub020__dj_afghan_mighi_d_tsadiq_man_theme_original_mix.mp3,ReggaeDub
ReggaeDub021__dj_lbr_adrenaline_rush_feat_mr_vegas_original_mix,/scratch/mk9649/datasets/beatsdataset_yt/ReggaeDub/ReggaeDub021__dj_lbr_adrenaline_rush_feat_mr_vegas_original_mix.mp3,ReggaeDub
ReggaeDub022__dj_lbr_sexy_girls_feat_the_kemist_original_mix,/scratch/mk9649/datasets/beatsdataset_yt/ReggaeDub/ReggaeDub022__dj_lbr_sexy_girls_feat_the_kemist_original_mix.mp3,ReggaeDub
ReggaeDub023__dj_maars_born_ina_barn_soundclash_dirty_dubsters_remix,/scratch/mk9649/datasets/beatsdataset_yt/ReggaeDub/ReggaeDub023__dj_maars_born_ina_barn_soundclash_dirty_dubsters_remix.mp3,ReggaeDub
ReggaeDub024__dj_vadim_fussin_n_fighting_feat_ras_demo_numa_crew_remix,/scratch/mk9649/datasets/beatsdataset_yt/ReggaeDub/ReggaeDub024__dj_vadim_fussin_n_fighting_feat_ras_demo_numa_crew_remix.mp3,ReggaeDub
ReggaeDub025__dj_vadim_fussin_n_fighting_feat_ras_demo_stickybuds_remix,/scratch/mk9649/datasets/beatsdataset_yt/ReggaeDub/ReggaeDub025__dj_vadim_fussin_n_fighting_feat_ras_demo_stickybuds_remix.mp3,ReggaeDub
ReggaeDub026__dj_vadim_hidden_treasure_feat_sabira_jade_kwasi_asante_original_mix,/scratch/mk9649/datasets/beatsdataset_yt/ReggaeDub/ReggaeDub026__dj_vadim_hidden_treasure_feat_sabira_jade_kwasi_asante_original_mix.mp3,ReggaeDub
ReggaeDub027__dj_vadim_judgement_feat_max_romeo_inja_abstract_rude_yt_daddy_vad_rem,/scratch/mk9649/datasets/beatsdataset_yt/ReggaeDub/ReggaeDub027__dj_vadim_judgement_feat_max_romeo_inja_abstract_rude_yt_daddy_vad_rem.mp3,ReggaeDub
ReggaeDub028__dj_vadim_run_come_massive_feat_big_red_numa_crew_fleck_remix,/scratch/mk9649/datasets/beatsdataset_yt/ReggaeDub/ReggaeDub028__dj_vadim_run_come_massive_feat_big_red_numa_crew_fleck_remix.mp3,ReggaeDub
ReggaeDub029__dj_vadim_they_dont_love_feat_jman_tman_frisky_don_metropolis_inja_gra,/scratch/mk9649/datasets/beatsdataset_yt/ReggaeDub/ReggaeDub029__dj_vadim_they_dont_love_feat_jman_tman_frisky_don_metropolis_inja_gra.mp3,ReggaeDub
ReggaeDub031__dreadboxx_all_of_them_original_mix,/scratch/mk9649/datasets/beatsdataset_yt/ReggaeDub/ReggaeDub031__dreadboxx_all_of_them_original_mix.mp3,ReggaeDub
ReggaeDub032__fire_alarm_inna_dat_with_dem_original_mix,/scratch/mk9649/datasets/beatsdataset_yt/ReggaeDub/ReggaeDub032__fire_alarm_inna_dat_with_dem_original_mix.mp3,ReggaeDub
ReggaeDub033__fox_big_man_ting_original_mix,/scratch/mk9649/datasets/beatsdataset_yt/ReggaeDub/ReggaeDub033__fox_big_man_ting_original_mix.mp3,ReggaeDub
ReggaeDub034__general_levy_incredible_wrongtom_remix,/scratch/mk9649/datasets/beatsdataset_yt/ReggaeDub/ReggaeDub034__general_levy_incredible_wrongtom_remix.mp3,ReggaeDub
ReggaeDub035__george_glen_miller_easing_original_mix,/scratch/mk9649/datasets/beatsdataset_yt/ReggaeDub/ReggaeDub035__george_glen_miller_easing_original_mix.mp3,ReggaeDub
ReggaeDub036__ghetto_vanessa_yuh_live_nice_original_mix,/scratch/mk9649/datasets/beatsdataset_yt/ReggaeDub/ReggaeDub036__ghetto_vanessa_yuh_live_nice_original_mix.mp3,ReggaeDub
ReggaeDub037__gyptian_hold_you_shy_fx_and_benny_page_digital_soundboy_remix,/scratch/mk9649/datasets/beatsdataset_yt/ReggaeDub/ReggaeDub037__gyptian_hold_you_shy_fx_and_benny_page_digital_soundboy_remix.mp3,ReggaeDub
ReggaeDub038__gyptian_major_lazer_hold_you_major_lazer_remix,/scratch/mk9649/datasets/beatsdataset_yt/ReggaeDub/ReggaeDub038__gyptian_major_lazer_hold_you_major_lazer_remix.mp3,ReggaeDub
ReggaeDub040__johnny_roxx_get_it_on_feat_melloquence_radio_edit,/scratch/mk9649/datasets/beatsdataset_yt/ReggaeDub/ReggaeDub040__johnny_roxx_get_it_on_feat_melloquence_radio_edit.mp3,ReggaeDub
ReggaeDub041__johnny_roxx_policeman_original_mix,/scratch/mk9649/datasets/beatsdataset_yt/ReggaeDub/ReggaeDub041__johnny_roxx_policeman_original_mix.mp3,ReggaeDub
ReggaeDub042__jpattersson_no_hau_melodei_remix,/scratch/mk9649/datasets/beatsdataset_yt/ReggaeDub/ReggaeDub042__jpattersson_no_hau_melodei_remix.mp3,ReggaeDub
ReggaeDub043__kalibandulu_intense_feat_the_kemist_johnny_roxx_remix,/scratch/mk9649/datasets/beatsdataset_yt/ReggaeDub/ReggaeDub043__kalibandulu_intense_feat_the_kemist_johnny_roxx_remix.mp3,ReggaeDub
ReggaeDub044__kalibandulu_so_easy_feat_gage_original_mix,/scratch/mk9649/datasets/beatsdataset_yt/ReggaeDub/ReggaeDub044__kalibandulu_so_easy_feat_gage_original_mix.mp3,ReggaeDub
TechHouse001__affkt_between_us_dave_seaman_remix,/scratch/mk9649/datasets/beatsdataset_yt/TechHouse/TechHouse001__affkt_between_us_dave_seaman_remix.mp3,TechHouse
TechHouse002__alex_ground_proudly_people_lie_to_kick_it_original_mix,/scratch/mk9649/datasets/beatsdataset_yt/TechHouse/TechHouse002__alex_ground_proudly_people_lie_to_kick_it_original_mix.mp3,TechHouse
TechHouse003__andrea_oliva_river_deep_original_mix,/scratch/mk9649/datasets/beatsdataset_yt/TechHouse/TechHouse003__andrea_oliva_river_deep_original_mix.mp3,TechHouse
TechHouse004__andrea_oliva_scream_original_mix,/scratch/mk9649/datasets/beatsdataset_yt/TechHouse/TechHouse004__andrea_oliva_scream_original_mix.mp3,TechHouse
TechHouse005__andrea_oliva_vermona_original_mix,/scratch/mk9649/datasets/beatsdataset_yt/TechHouse/TechHouse005__andrea_oliva_vermona_original_mix.mp3,TechHouse
TechHouse006__apollo_84_thats_the_way_simone_liberali_remix,/scratch/mk9649/datasets/beatsdataset_yt/TechHouse/TechHouse006__apollo_84_thats_the_way_simone_liberali_remix.mp3,TechHouse
TechHouse007__audiojack_paradigm_original_mix,/scratch/mk9649/datasets/beatsdataset_yt/TechHouse/TechHouse007__audiojack_paradigm_original_mix.mp3,TechHouse
TechHouse008__ben_remember_shaker_original_mix,/scratch/mk9649/datasets/beatsdataset_yt/TechHouse/TechHouse008__ben_remember_shaker_original_mix.mp3,TechHouse
TechHouse009__booka_shade_body_language_interpretation_chi_thanh_remix,/scratch/mk9649/datasets/beatsdataset_yt/TechHouse/TechHouse009__booka_shade_body_language_interpretation_chi_thanh_remix.mp3,TechHouse
TechHouse010__brett_gould_house_music_is_original_mix,/scratch/mk9649/datasets/beatsdataset_yt/TechHouse/TechHouse010__brett_gould_house_music_is_original_mix.mp3,TechHouse
TechHouse011__clio_reach_out_roberto_capuano_remix,/scratch/mk9649/datasets/beatsdataset_yt/TechHouse/TechHouse011__clio_reach_out_roberto_capuano_remix.mp3,TechHouse
TechHouse012__cristoph_rapture_original_mix,/scratch/mk9649/datasets/beatsdataset_yt/TechHouse/TechHouse012__cristoph_rapture_original_mix.mp3,TechHouse
TechHouse013__d_formation_sings_portents_oscar_l_remix,/scratch/mk9649/datasets/beatsdataset_yt/TechHouse/TechHouse013__d_formation_sings_portents_oscar_l_remix.mp3,TechHouse
TechHouse014__darius_syrossian_andranik_gorge_homm_remix,/scratch/mk9649/datasets/beatsdataset_yt/TechHouse/TechHouse014__darius_syrossian_andranik_gorge_homm_remix.mp3,TechHouse
TechHouse015__darius_syrossian_doorly_gravity_check_original_mix,/scratch/mk9649/datasets/beatsdataset_yt/TechHouse/TechHouse015__darius_syrossian_doorly_gravity_check_original_mix.mp3,TechHouse
TechHouse016__david_keno_play_original_mix,/scratch/mk9649/datasets/beatsdataset_yt/TechHouse/TechHouse016__david_keno_play_original_mix.mp3,TechHouse
TechHouse017__david_keno_youth_original_mix,/scratch/mk9649/datasets/beatsdataset_yt/TechHouse/TechHouse017__david_keno_youth_original_mix.mp3,TechHouse
TechHouse018__dennis_cruz_bad_behaviour_original_mix,/scratch/mk9649/datasets/beatsdataset_yt/TechHouse/TechHouse018__dennis_cruz_bad_behaviour_original_mix.mp3,TechHouse
TechHouse019__dennis_cruz_body_flow_original_mix,/scratch/mk9649/datasets/beatsdataset_yt/TechHouse/TechHouse019__dennis_cruz_body_flow_original_mix.mp3,TechHouse
TechHouse020__dennis_cruz_everybody_original_mix,/scratch/mk9649/datasets/beatsdataset_yt/TechHouse/TechHouse020__dennis_cruz_everybody_original_mix.mp3,TechHouse
TechHouse021__dennis_cruz_new_life_original_mix,/scratch/mk9649/datasets/beatsdataset_yt/TechHouse/TechHouse021__dennis_cruz_new_life_original_mix.mp3,TechHouse
TechHouse022__dj_funk_will_clarke_booty_percolatin_original_mix,/scratch/mk9649/datasets/beatsdataset_yt/TechHouse/TechHouse022__dj_funk_will_clarke_booty_percolatin_original_mix.mp3,TechHouse
TechHouse023__dosem_projection_original_mix,/scratch/mk9649/datasets/beatsdataset_yt/TechHouse/TechHouse023__dosem_projection_original_mix.mp3,TechHouse
TechHouse024__eagles_butterflies_x_original_mix,/scratch/mk9649/datasets/beatsdataset_yt/TechHouse/TechHouse024__eagles_butterflies_x_original_mix.mp3,TechHouse
TechHouse025__energy_52_cafe_del_mar_dale_middleton_remix,/scratch/mk9649/datasets/beatsdataset_yt/TechHouse/TechHouse025__energy_52_cafe_del_mar_dale_middleton_remix.mp3,TechHouse
TechHouse026__format_b_okeey_yaaah_original_mix,/scratch/mk9649/datasets/beatsdataset_yt/TechHouse/TechHouse026__format_b_okeey_yaaah_original_mix.mp3,TechHouse
TechHouse027__format_b_whippp_original_mix,/scratch/mk9649/datasets/beatsdataset_yt/TechHouse/TechHouse027__format_b_whippp_original_mix.mp3,TechHouse
TechHouse028__gene_farris_nathan_barato_we_like_the_deep_original_mix,/scratch/mk9649/datasets/beatsdataset_yt/TechHouse/TechHouse028__gene_farris_nathan_barato_we_like_the_deep_original_mix.mp3,TechHouse
TechHouse029__gorge_maleika_original_mix,/scratch/mk9649/datasets/beatsdataset_yt/TechHouse/TechHouse029__gorge_maleika_original_mix.mp3,TechHouse
TechHouse030__green_velvet_flash_eats_everything_remix,/scratch/mk9649/datasets/beatsdataset_yt/TechHouse/TechHouse030__green_velvet_flash_eats_everything_remix.mp3,TechHouse
TechHouse031__green_velvet_prok_fitch_sheeple_original_mix,/scratch/mk9649/datasets/beatsdataset_yt/TechHouse/TechHouse031__green_velvet_prok_fitch_sheeple_original_mix.mp3,TechHouse
TechHouse032__groove_armada_superstylin_riva_starr_edit,/scratch/mk9649/datasets/beatsdataset_yt/TechHouse/TechHouse032__groove_armada_superstylin_riva_starr_edit.mp3,TechHouse
TechHouse033__guy_gerber_secret_encounters_original_mix,/scratch/mk9649/datasets/beatsdataset_yt/TechHouse/TechHouse033__guy_gerber_secret_encounters_original_mix.mp3,TechHouse
TechHouse034__harry_ley_everything_original_mix,/scratch/mk9649/datasets/beatsdataset_yt/TechHouse/TechHouse034__harry_ley_everything_original_mix.mp3,TechHouse
TechHouse035__harvy_valencia_fluorescente_original_mix,/scratch/mk9649/datasets/beatsdataset_yt/TechHouse/TechHouse035__harvy_valencia_fluorescente_original_mix.mp3,TechHouse
TechHouse036__ian_ludvig_grinning_original_mix,/scratch/mk9649/datasets/beatsdataset_yt/TechHouse/TechHouse036__ian_ludvig_grinning_original_mix.mp3,TechHouse
TechHouse037__jesse_perez_fake_original_mix,/scratch/mk9649/datasets/beatsdataset_yt/TechHouse/TechHouse037__jesse_perez_fake_original_mix.mp3,TechHouse
TechHouse038__jesse_rose_black_twitter_original_mix,/scratch/mk9649/datasets/beatsdataset_yt/TechHouse/TechHouse038__jesse_rose_black_twitter_original_mix.mp3,TechHouse
TechHouse039__jinadu_raw_district_taking_you_down_animal_trainer_remix,/scratch/mk9649/datasets/beatsdataset_yt/TechHouse/TechHouse039__jinadu_raw_district_taking_you_down_animal_trainer_remix.mp3,TechHouse
TechHouse040__joeski_control_original_mix,/scratch/mk9649/datasets/beatsdataset_yt/TechHouse/TechHouse040__joeski_control_original_mix.mp3,TechHouse
Techno001__2pole_tronica_original_mix,/scratch/mk9649/datasets/beatsdataset_yt/Techno/Techno001__2pole_tronica_original_mix.mp3,Techno
Techno002__808_state_in_yer_face_bicep_remix,/scratch/mk9649/datasets/beatsdataset_yt/Techno/Techno002__808_state_in_yer_face_bicep_remix.mp3,Techno
Techno003__adam_beyer_mark_reeve_nine_of_you_original_mix,/scratch/mk9649/datasets/beatsdataset_yt/Techno/Techno003__adam_beyer_mark_reeve_nine_of_you_original_mix.mp3,Techno
Techno004__alan_fitzpatrick_we_do_what_we_want_original_mix,/scratch/mk9649/datasets/beatsdataset_yt/Techno/Techno004__alan_fitzpatrick_we_do_what_we_want_original_mix.mp3,Techno
Techno005__alex_bau_illuse_original_mix,/scratch/mk9649/datasets/beatsdataset_yt/Techno/Techno005__alex_bau_illuse_original_mix.mp3,Techno
Techno006__amine_edge_dance_ruthless_original_mix,/scratch/mk9649/datasets/beatsdataset_yt/Techno/Techno006__amine_edge_dance_ruthless_original_mix.mp3,Techno
Techno007__andre_winter_argo_original_mix,/scratch/mk9649/datasets/beatsdataset_yt/Techno/Techno007__andre_winter_argo_original_mix.mp3,Techno
Techno008__anna_artha_original_mix,/scratch/mk9649/datasets/beatsdataset_yt/Techno/Techno008__anna_artha_original_mix.mp3,Techno
Techno009__anna_face_your_fears_original_mix,/scratch/mk9649/datasets/beatsdataset_yt/Techno/Techno009__anna_face_your_fears_original_mix.mp3,Techno
Techno010__anna_leave_house_original_mix,/scratch/mk9649/datasets/beatsdataset_yt/Techno/Techno010__anna_leave_house_original_mix.mp3,Techno
Techno011__btraits_still_point_original_mix,/scratch/mk9649/datasets/beatsdataset_yt/Techno/Techno011__btraits_still_point_original_mix.mp3,Techno
Techno012__cari_golden_reinier_zonneveld_things_we_might_have_said_original_mix,/scratch/mk9649/datasets/beatsdataset_yt/Techno/Techno012__cari_golden_reinier_zonneveld_things_we_might_have_said_original_mix.mp3,Techno
Techno013__cari_golden_reinier_zonneveld_things_we_might_have_said_original_mix,/scratch/mk9649/datasets/beatsdataset_yt/Techno/Techno013__cari_golden_reinier_zonneveld_things_we_might_have_said_original_mix.mp3,Techno
Techno014__carlo_ruetz_reflected_original_mix,/scratch/mk9649/datasets/beatsdataset_yt/Techno/Techno014__carlo_ruetz_reflected_original_mix.mp3,Techno
Techno015__catz_n_dogz_our_crazy_original_mix,/scratch/mk9649/datasets/beatsdataset_yt/Techno/Techno015__catz_n_dogz_our_crazy_original_mix.mp3,Techno
Techno016__charles_fenckler_stellar_acid_original_mix,/scratch/mk9649/datasets/beatsdataset_yt/Techno/Techno016__charles_fenckler_stellar_acid_original_mix.mp3,Techno
Techno017__cirez_d_in_the_reds_original_mix,/scratch/mk9649/datasets/beatsdataset_yt/Techno/Techno017__cirez_d_in_the_reds_original_mix.mp3,Techno
Techno018__cosmin_trg_in_your_body_original_mix,/scratch/mk9649/datasets/beatsdataset_yt/Techno/Techno018__cosmin_trg_in_your_body_original_mix.mp3,Techno
Techno019__cowboy_rhythmbox_mecanique_sauvage_original_mix,/scratch/mk9649/datasets/beatsdataset_yt/Techno/Techno019__cowboy_rhythmbox_mecanique_sauvage_original_mix.mp3,Techno
Techno020__crazy_sonic_broken_heart_drunken_kong_remix,/scratch/mk9649/datasets/beatsdataset_yt/Techno/Techno020__crazy_sonic_broken_heart_drunken_kong_remix.mp3,Techno
Techno021__dennis_cruz_nature_boy_original_mix,/scratch/mk9649/datasets/beatsdataset_yt/Techno/Techno021__dennis_cruz_nature_boy_original_mix.mp3,Techno
Techno022__ellen_allien_landing_xx_original_mix,/scratch/mk9649/datasets/beatsdataset_yt/Techno/Techno022__ellen_allien_landing_xx_original_mix.mp3,Techno
Techno023__enrico_sangiuliano_dutch_kiss_straight_mix,/scratch/mk9649/datasets/beatsdataset_yt/Techno/Techno023__enrico_sangiuliano_dutch_kiss_straight_mix.mp3,Techno
Techno024__enrico_sangiuliano_ghettoblaster_original_mix,/scratch/mk9649/datasets/beatsdataset_yt/Techno/Techno024__enrico_sangiuliano_ghettoblaster_original_mix.mp3,Techno
Techno025__enrico_sangiuliano_moon_rocks_original_mix,/scratch/mk9649/datasets/beatsdataset_yt/Techno/Techno025__enrico_sangiuliano_moon_rocks_original_mix.mp3,Techno
Techno026__enrico_sangiuliano_x_pollination_original_mix,/scratch/mk9649/datasets/beatsdataset_yt/Techno/Techno026__enrico_sangiuliano_x_pollination_original_mix.mp3,Techno
Techno027__envoy_dark_manoeuvres_dax_j_remix,/scratch/mk9649/datasets/beatsdataset_yt/Techno/Techno027__envoy_dark_manoeuvres_dax_j_remix.mp3,Techno
Techno028__envoy_dark_manoeuvres_obscure_shape_shdw_remix,/scratch/mk9649/datasets/beatsdataset_yt/Techno/Techno028__envoy_dark_manoeuvres_obscure_shape_shdw_remix.mp3,Techno
Techno029__federico_locchi_nebulosa_cold_miles_remix,/scratch/mk9649/datasets/beatsdataset_yt/Techno/Techno029__federico_locchi_nebulosa_cold_miles_remix.mp3,Techno
Techno030__felix_krocher_provident_original_mix,/scratch/mk9649/datasets/beatsdataset_yt/Techno/Techno030__felix_krocher_provident_original_mix.mp3,Techno
Techno031__felix_krocher_provident_victor_ruiz_remix,/scratch/mk9649/datasets/beatsdataset_yt/Techno/Techno031__felix_krocher_provident_victor_ruiz_remix.mp3,Techno
Techno032__felix_krocher_stardust_original_mix,/scratch/mk9649/datasets/beatsdataset_yt/Techno/Techno032__felix_krocher_stardust_original_mix.mp3,Techno
Techno033__gardens_of_god_ghost_original_mix,/scratch/mk9649/datasets/beatsdataset_yt/Techno/Techno033__gardens_of_god_ghost_original_mix.mp3,Techno
Techno034__guy_j_algorithm_original_mix,/scratch/mk9649/datasets/beatsdataset_yt/Techno/Techno034__guy_j_algorithm_original_mix.mp3,Techno
Techno035__henry_saiz_dystopian_few_nolder_remix,/scratch/mk9649/datasets/beatsdataset_yt/Techno/Techno035__henry_saiz_dystopian_few_nolder_remix.mp3,Techno
Techno036__hertz_enrico_sangiuliano_start_of_madness_original_mix,/scratch/mk9649/datasets/beatsdataset_yt/Techno/Techno036__hertz_enrico_sangiuliano_start_of_madness_original_mix.mp3,Techno
Techno037__jack_master_bang_the_box_slam_remix,/scratch/mk9649/datasets/beatsdataset_yt/Techno/Techno037__jack_master_bang_the_box_slam_remix.mp3,Techno
Techno038__jay_lumen_pulsar_original_mix,/scratch/mk9649/datasets/beatsdataset_yt/Techno/Techno038__jay_lumen_pulsar_original_mix.mp3,Techno
Techno039__jay_lumen_quiet_storm_original_mix,/scratch/mk9649/datasets/beatsdataset_yt/Techno/Techno039__jay_lumen_quiet_storm_original_mix.mp3,Techno
Techno040__jonno_brien_move_original_mix,/scratch/mk9649/datasets/beatsdataset_yt/Techno/Techno040__jonno_brien_move_original_mix.mp3,Techno
Trance001__2nd_phase_hysteria_original_mix,/scratch/mk9649/datasets/beatsdataset_yt/Trance/Trance001__2nd_phase_hysteria_original_mix.mp3,Trance
Trance002__2nd_phase_stephen_kirkwood_steal_this_track_cold_blue_remix,/scratch/mk9649/datasets/beatsdataset_yt/Trance/Trance002__2nd_phase_stephen_kirkwood_steal_this_track_cold_blue_remix.mp3,Trance
Trance003__4_strings_wondering_original_mix,/scratch/mk9649/datasets/beatsdataset_yt/Trance/Trance003__4_strings_wondering_original_mix.mp3,Trance
Trance004__airscape_betsie_larkin_right_here_original_mix,/scratch/mk9649/datasets/beatsdataset_yt/Trance/Trance004__airscape_betsie_larkin_right_here_original_mix.mp3,Trance
Trance005__alan_morris_first_love_extended_mix,/scratch/mk9649/datasets/beatsdataset_yt/Trance/Trance005__alan_morris_first_love_extended_mix.mp3,Trance
Trance006__alan_morris_jess_morgan_made_of_light_original_mix,/scratch/mk9649/datasets/beatsdataset_yt/Trance/Trance006__alan_morris_jess_morgan_made_of_light_original_mix.mp3,Trance
Trance007__alex_morph_paul_van_dyk_we_are_original_mix,/scratch/mk9649/datasets/beatsdataset_yt/Trance/Trance007__alex_morph_paul_van_dyk_we_are_original_mix.mp3,Trance
Trance008__allen_envy_victoriya_dont_say_extended_mix,/scratch/mk9649/datasets/beatsdataset_yt/Trance/Trance008__allen_envy_victoriya_dont_say_extended_mix.mp3,Trance
Trance009__allen_watts_square_one_original_mix,/scratch/mk9649/datasets/beatsdataset_yt/Trance/Trance009__allen_watts_square_one_original_mix.mp3,Trance
Trance010__aly_fila_susana_roger_shah_unbreakable_extended_mix,/scratch/mk9649/datasets/beatsdataset_yt/Trance/Trance010__aly_fila_susana_roger_shah_unbreakable_extended_mix.mp3,Trance
Trance011__andrew_bayer_from_the_past_original_mix,/scratch/mk9649/datasets/beatsdataset_yt/Trance/Trance011__andrew_bayer_from_the_past_original_mix.mp3,Trance
Trance012__armin_van_buuren_angel_taylor_make_it_right_feat_angel_taylor_ilan_bluestone_maor_levi_ext,/scratch/mk9649/datasets/beatsdataset_yt/Trance/Trance012__armin_van_buuren_angel_taylor_make_it_right_feat_angel_taylor_ilan_bluestone_maor_levi_ext.mp3,Trance
Trance013__armin_van_buuren_cosmic_gate_embargo_ben_gold_extended_remix,/scratch/mk9649/datasets/beatsdataset_yt/Trance/Trance013__armin_van_buuren_cosmic_gate_embargo_ben_gold_extended_remix.mp3,Trance
Trance014__armin_van_buuren_rock_mafia_hands_to_heaven_feat_rock_mafia_david_gravell_extended_remix,/scratch/mk9649/datasets/beatsdataset_yt/Trance/Trance014__armin_van_buuren_rock_mafia_hands_to_heaven_feat_rock_mafia_david_gravell_extended_remix.mp3,Trance
Trance015__armin_van_buuren_sarah_decourcy_face_of_summer_feat_sarah_decourcy_denis_kenzo_extended_remi,/scratch/mk9649/datasets/beatsdataset_yt/Trance/Trance015__armin_van_buuren_sarah_decourcy_face_of_summer_feat_sarah_decourcy_denis_kenzo_extended_remi.mp3,Trance
Trance016__aruna_all_of_you_ost_meyer_vs_aruna_extended_mix,/scratch/mk9649/datasets/beatsdataset_yt/Trance/Trance016__aruna_all_of_you_ost_meyer_vs_aruna_extended_mix.mp3,Trance
Trance017__aurosonic_cathy_burton_axelpolo_loving_overflow_original_mix,/scratch/mk9649/datasets/beatsdataset_yt/Trance/Trance017__aurosonic_cathy_burton_axelpolo_loving_overflow_original_mix.mp3,Trance
Trance018__ben_gold_anatac_extended_mix,/scratch/mk9649/datasets/beatsdataset_yt/Trance/Trance018__ben_gold_anatac_extended_mix.mp3,Trance
Trance019__ben_nicky_hectic_extended_mix,/scratch/mk9649/datasets/beatsdataset_yt/Trance/Trance019__ben_nicky_hectic_extended_mix.mp3,Trance
Trance020__ben_nicky_chloe_anywhere_feat_chloe_exis_remix,/scratch/mk9649/datasets/beatsdataset_yt/Trance/Trance020__ben_nicky_chloe_anywhere_feat_chloe_exis_remix.mp3,Trance
Trance021__bobina_natalie_gioia_my_everything_ucast_remix,/scratch/mk9649/datasets/beatsdataset_yt/Trance/Trance021__bobina_natalie_gioia_my_everything_ucast_remix.mp3,Trance
Trance022__bryan_kearney_karney_beg_your_pardon_original_mix,/scratch/mk9649/datasets/beatsdataset_yt/Trance/Trance022__bryan_kearney_karney_beg_your_pardon_original_mix.mp3,Trance
Trance023__chris_schweizer_sub_zero_extended_mix,/scratch/mk9649/datasets/beatsdataset_yt/Trance/Trance023__chris_schweizer_sub_zero_extended_mix.mp3,Trance
Trance024__coast_2_coast_discovery_home_feat_discovery_scott_bond_charlie_walker_gc23_extended_,/scratch/mk9649/datasets/beatsdataset_yt/Trance/Trance024__coast_2_coast_discovery_home_feat_discovery_scott_bond_charlie_walker_gc23_extended_.mp3,Trance
Trance025__cold_blue_nevada_extended_mix,/scratch/mk9649/datasets/beatsdataset_yt/Trance/Trance025__cold_blue_nevada_extended_mix.mp3,Trance
Trance026__cold_blue_until_we_collide_original_mix,/scratch/mk9649/datasets/beatsdataset_yt/Trance/Trance026__cold_blue_until_we_collide_original_mix.mp3,Trance
Trance027__curtis_young_devil_tricks_reorder_remix,/scratch/mk9649/datasets/beatsdataset_yt/Trance/Trance027__curtis_young_devil_tricks_reorder_remix.mp3,Trance
Trance028__daniel_kandi_miroslav_vrlik_you_me_extended_mix,/scratch/mk9649/datasets/beatsdataset_yt/Trance/Trance028__daniel_kandi_miroslav_vrlik_you_me_extended_mix.mp3,Trance
Trance029__danilo_ercole_wrechiski_so_long_extended_mix,/scratch/mk9649/datasets/beatsdataset_yt/Trance/Trance029__danilo_ercole_wrechiski_so_long_extended_mix.mp3,Trance
Trance030__dave_pearce_alegria_original_mix,/scratch/mk9649/datasets/beatsdataset_yt/Trance/Trance030__dave_pearce_alegria_original_mix.mp3,Trance
Trance031__dave_wright_simon_patterson_vapour_trails_extended_mix,/scratch/mk9649/datasets/beatsdataset_yt/Trance/Trance031__dave_wright_simon_patterson_vapour_trails_extended_mix.mp3,Trance
Trance032__david_forbes_12kmcg_original_mix,/scratch/mk9649/datasets/beatsdataset_yt/Trance/Trance032__david_forbes_12kmcg_original_mix.mp3,Trance
Trance033__david_gravell_the_road_extended_mix,/scratch/mk9649/datasets/beatsdataset_yt/Trance/Trance033__david_gravell_the_road_extended_mix.mp3,Trance
Trance034__emata_ascension_original_mix,/scratch/mk9649/datasets/beatsdataset_yt/Trance/Trance034__emata_ascension_original_mix.mp3,Trance
Trance035__eximinds_metroom_clash_extended_mix,/scratch/mk9649/datasets/beatsdataset_yt/Trance/Trance035__eximinds_metroom_clash_extended_mix.mp3,Trance
Trance036__fg_noise_exploration_original_mix,/scratch/mk9649/datasets/beatsdataset_yt/Trance/Trance036__fg_noise_exploration_original_mix.mp3,Trance
Trance037__factor_b_luna_therapy_extended_mix,/scratch/mk9649/datasets/beatsdataset_yt/Trance/Trance037__factor_b_luna_therapy_extended_mix.mp3,Trance
Trance038__fady_mina_wonder_why_extended_mix,/scratch/mk9649/datasets/beatsdataset_yt/Trance/Trance038__fady_mina_wonder_why_extended_mix.mp3,Trance
Trance039__ferry_corsten_cosmic_gate_event_horizon_extended_mix,/scratch/mk9649/datasets/beatsdataset_yt/Trance/Trance039__ferry_corsten_cosmic_gate_event_horizon_extended_mix.mp3,Trance
Trance040__first_state_digital_x_aloma_steele_weightless_feat_aloma_steele_extended_mix,/scratch/mk9649/datasets/beatsdataset_yt/Trance/Trance040__first_state_digital_x_aloma_steele_weightless_feat_aloma_steele_extended_mix.mp3,Trance
