zip_name,genre,clip_type,subfolder
SMALL_SAMPLES/garage_dubstep-Ghost Syndicate - Odyssey ΓÇô Deep Dubstep & Future Garage Sample Pack/GS_ODS_FX_One_Shots/GS_ODS_FX_Atmo_08.wav,garage_dubstep,oneshot,GS_ODS_FX_One_Shots
SMALL_SAMPLES/garage_dubstep-Ghost Syndicate - Odyssey ΓÇô Deep Dubstep & Future Garage Sample Pack/GS_ODS_FX_One_Shots/GS_ODS_FX_Atmo_09.wav,garage_dubstep,oneshot,GS_ODS_FX_One_Shots
SMALL_SAMPLES/garage_dubstep-Ghost Syndicate - Odyssey ΓÇô Deep Dubstep & Future Garage Sample Pack/GS_ODS_FX_One_Shots/GS_ODS_FX_Atmo_01.wav,garage_dubstep,oneshot,GS_ODS_FX_One_Shots
SMALL_SAMPLES/garage_dubstep-Ghost Syndicate - Odyssey ΓÇô Deep Dubstep & Future Garage Sample Pack/GS_ODS_FX_One_Shots/GS_ODS_FX_Atmo_02.wav,garage_dubstep,oneshot,GS_ODS_FX_One_Shots
SMALL_SAMPLES/garage_dubstep-Ghost Syndicate - Odyssey ΓÇô Deep Dubstep & Future Garage Sample Pack/GS_ODS_FX_One_Shots/GS_ODS_FX_Atmo_03.wav,garage_dubstep,oneshot,GS_ODS_FX_One_Shots
SMALL_SAMPLES/garage_dubstep-Ghost Syndicate - Odyssey ΓÇô Deep Dubstep & Future Garage Sample Pack/GS_ODS_FX_One_Shots/GS_ODS_FX_Atmo_07.wav,garage_dubstep,oneshot,GS_ODS_FX_One_Shots
SMALL_SAMPLES/garage_dubstep-Ghost Syndicate - Odyssey ΓÇô Deep Dubstep & Future Garage Sample Pack/GS_ODS_FX_One_Shots/GS_ODS_FX_Riser_02.wav,garage_dubstep,oneshot,GS_ODS_FX_One_Shots
SMALL_SAMPLES/garage_dubstep-Ghost Syndicate - Odyssey ΓÇô Deep Dubstep & Future Garage Sample Pack/GS_ODS_FX_One_Shots/GS_ODS_FX_Atmo_06.wav,garage_dubstep,oneshot,GS_ODS_FX_One_Shots
SMALL_SAMPLES/garage_dubstep-Ghost Syndicate - Odyssey ΓÇô Deep Dubstep & Future Garage Sample Pack/GS_ODS_FX_One_Shots/GS_ODS_FX_Atmo_04.wav,garage_dubstep,oneshot,GS_ODS_FX_One_Shots
SMALL_SAMPLES/garage_dubstep-Ghost Syndicate - Odyssey ΓÇô Deep Dubstep & Future Garage Sample Pack/GS_ODS_FX_One_Shots/GS_ODS_FX_Riser_01.wav,garage_dubstep,oneshot,GS_ODS_FX_One_Shots
SMALL_SAMPLES/garage_dubstep-Ghost Syndicate - Odyssey ΓÇô Deep Dubstep & Future Garage Sample Pack/GS_ODS_FX_One_Shots/GS_ODS_FX_Misc.wav,garage_dubstep,oneshot,GS_ODS_FX_One_Shots
SMALL_SAMPLES/garage_dubstep-Ghost Syndicate - Odyssey ΓÇô Deep Dubstep & Future Garage Sample Pack/GS_ODS_FX_One_Shots/GS_ODS_FX_Atmo_05.wav,garage_dubstep,oneshot,GS_ODS_FX_One_Shots
SMALL_SAMPLES/garage_dubstep-Ghost Syndicate - Odyssey ΓÇô Deep Dubstep & Future Garage Sample Pack/GS_ODS_Mixed_Percussion_Loops/GS_ODS_145_Mixed_Perc_Foley.wav,garage_dubstep,loop,GS_ODS_Mixed_Percussion_Loops
SMALL_SAMPLES/garage_dubstep-Ghost Syndicate - Odyssey ΓÇô Deep Dubstep & Future Garage Sample Pack/GS_ODS_Mixed_Percussion_Loops/GS_ODS_140_Mixed_01_Perc.wav,garage_dubstep,loop,GS_ODS_Mixed_Percussion_Loops
SMALL_SAMPLES/garage_dubstep-Ghost Syndicate - Odyssey ΓÇô Deep Dubstep & Future Garage Sample Pack/GS_ODS_Mixed_Percussion_Loops/GS_ODS_141_Mixed_Perc.wav,garage_dubstep,loop,GS_ODS_Mixed_Percussion_Loops
SMALL_SAMPLES/garage_dubstep-Ghost Syndicate - Odyssey ΓÇô Deep Dubstep & Future Garage Sample Pack/GS_ODS_Mixed_Percussion_Loops/GS_ODS_137_Mixed_Perc.wav,garage_dubstep,loop,GS_ODS_Mixed_Percussion_Loops
SMALL_SAMPLES/garage_dubstep-Ghost Syndicate - Odyssey ΓÇô Deep Dubstep & Future Garage Sample Pack/GS_ODS_Mixed_Percussion_Loops/GS_ODS_140_Mixed_02_Perc.wav,garage_dubstep,loop,GS_ODS_Mixed_Percussion_Loops
SMALL_SAMPLES/garage_dubstep-Ghost Syndicate - Odyssey ΓÇô Deep Dubstep & Future Garage Sample Pack/GS_ODS_Stripped_Drum_Loops/GS_ODS_140_Drums_02_Stripped.wav,garage_dubstep,loop,GS_ODS_Stripped_Drum_Loops
SMALL_SAMPLES/garage_dubstep-Ghost Syndicate - Odyssey ΓÇô Deep Dubstep & Future Garage Sample Pack/GS_ODS_Stripped_Drum_Loops/GS_ODS_138_Drums_Stripped.wav,garage_dubstep,loop,GS_ODS_Stripped_Drum_Loops
SMALL_SAMPLES/garage_dubstep-Ghost Syndicate - Odyssey ΓÇô Deep Dubstep & Future Garage Sample Pack/GS_ODS_Stripped_Drum_Loops/GS_ODS_140_Drums_05_Stripped.wav,garage_dubstep,loop,GS_ODS_Stripped_Drum_Loops
SMALL_SAMPLES/garage_dubstep-Ghost Syndicate - Odyssey ΓÇô Deep Dubstep & Future Garage Sample Pack/GS_ODS_Stripped_Drum_Loops/GS_ODS_145_Drums_Stripped.wav,garage_dubstep,loop,GS_ODS_Stripped_Drum_Loops
SMALL_SAMPLES/garage_dubstep-Ghost Syndicate - Odyssey ΓÇô Deep Dubstep & Future Garage Sample Pack/GS_ODS_Stripped_Drum_Loops/GS_ODS_140_Drums_04_Stripped.wav,garage_dubstep,loop,GS_ODS_Stripped_Drum_Loops
SMALL_SAMPLES/garage_dubstep-Ghost Syndicate - Odyssey ΓÇô Deep Dubstep & Future Garage Sample Pack/GS_ODS_Stripped_Drum_Loops/GS_ODS_140_Drums_03_Stripped.wav,garage_dubstep,loop,GS_ODS_Stripped_Drum_Loops
SMALL_SAMPLES/garage_dubstep-Ghost Syndicate - Odyssey ΓÇô Deep Dubstep & Future Garage Sample Pack/GS_ODS_Stripped_Drum_Loops/GS_ODS_141_Drums_Stripped.wav,garage_dubstep,loop,GS_ODS_Stripped_Drum_Loops
SMALL_SAMPLES/garage_dubstep-Ghost Syndicate - Odyssey ΓÇô Deep Dubstep & Future Garage Sample Pack/GS_ODS_Stripped_Drum_Loops/GS_ODS_137_Drums_Stripped.wav,garage_dubstep,loop,GS_ODS_Stripped_Drum_Loops
SMALL_SAMPLES/garage_dubstep-Ghost Syndicate - Odyssey ΓÇô Deep Dubstep & Future Garage Sample Pack/GS_ODS_Stripped_Drum_Loops/GS_ODS_140_Drums_01_Stripped.wav,garage_dubstep,loop,GS_ODS_Stripped_Drum_Loops
SMALL_SAMPLES/garage_dubstep-Ghost Syndicate - Odyssey ΓÇô Deep Dubstep & Future Garage Sample Pack/GS_ODS_Stripped_Drum_Loops/GS_ODS_140_Drums_06_Stripped.wav,garage_dubstep,loop,GS_ODS_Stripped_Drum_Loops
SMALL_SAMPLES/garage_dubstep-Ghost Syndicate - Odyssey ΓÇô Deep Dubstep & Future Garage Sample Pack/GS_ODS_Drum_Loops/GS_ODS_140_Drums_01_Full_V2.wav,garage_dubstep,loop,GS_ODS_Drum_Loops
SMALL_SAMPLES/garage_dubstep-Ghost Syndicate - Odyssey ΓÇô Deep Dubstep & Future Garage Sample Pack/GS_ODS_Drum_Loops/GS_ODS_141_Drums_Full.wav,garage_dubstep,loop,GS_ODS_Drum_Loops
SMALL_SAMPLES/garage_dubstep-Ghost Syndicate - Odyssey ΓÇô Deep Dubstep & Future Garage Sample Pack/GS_ODS_Drum_Loops/GS_ODS_138_Drums_Full.wav,garage_dubstep,loop,GS_ODS_Drum_Loops
SMALL_SAMPLES/garage_dubstep-Ghost Syndicate - Odyssey ΓÇô Deep Dubstep & Future Garage Sample Pack/GS_ODS_Drum_Loops/GS_ODS_137_Drums_Full_V2.wav,garage_dubstep,loop,GS_ODS_Drum_Loops
SMALL_SAMPLES/garage_dubstep-Ghost Syndicate - Odyssey ΓÇô Deep Dubstep & Future Garage Sample Pack/GS_ODS_Drum_Loops/GS_ODS_140_Drums_01_Full_V1.wav,garage_dubstep,loop,GS_ODS_Drum_Loops
SMALL_SAMPLES/garage_dubstep-Ghost Syndicate - Odyssey ΓÇô Deep Dubstep & Future Garage Sample Pack/GS_ODS_Drum_Loops/GS_ODS_137_Drums_Full_V1.wav,garage_dubstep,loop,GS_ODS_Drum_Loops
SMALL_SAMPLES/garage_dubstep-Ghost Syndicate - Odyssey ΓÇô Deep Dubstep & Future Garage Sample Pack/GS_ODS_Drum_Loops/GS_ODS_140_Drums_04_Full.wav,garage_dubstep,loop,GS_ODS_Drum_Loops
SMALL_SAMPLES/garage_dubstep-Ghost Syndicate - Odyssey ΓÇô Deep Dubstep & Future Garage Sample Pack/GS_ODS_Drum_Loops/GS_ODS_140_Drums_05_Full_V2.wav,garage_dubstep,loop,GS_ODS_Drum_Loops
SMALL_SAMPLES/garage_dubstep-Ghost Syndicate - Odyssey ΓÇô Deep Dubstep & Future Garage Sample Pack/GS_ODS_Drum_Loops/GS_ODS_140_Drums_05_Full_V1.wav,garage_dubstep,loop,GS_ODS_Drum_Loops
SMALL_SAMPLES/garage_dubstep-Ghost Syndicate - Odyssey ΓÇô Deep Dubstep & Future Garage Sample Pack/GS_ODS_Drum_Loops/GS_ODS_145_Drums_Full_V1.wav,garage_dubstep,loop,GS_ODS_Drum_Loops
SMALL_SAMPLES/garage_dubstep-Ghost Syndicate - Odyssey ΓÇô Deep Dubstep & Future Garage Sample Pack/GS_ODS_Drum_Loops/GS_ODS_140_Drums_03_Full_V2.wav,garage_dubstep,loop,GS_ODS_Drum_Loops
SMALL_SAMPLES/garage_dubstep-Ghost Syndicate - Odyssey ΓÇô Deep Dubstep & Future Garage Sample Pack/GS_ODS_Drum_Loops/GS_ODS_145_Drums_Full_V2.wav,garage_dubstep,loop,GS_ODS_Drum_Loops
SMALL_SAMPLES/garage_dubstep-Ghost Syndicate - Odyssey ΓÇô Deep Dubstep & Future Garage Sample Pack/GS_ODS_Drum_Loops/GS_ODS_140_Drums_03_Full_V1.wav,garage_dubstep,loop,GS_ODS_Drum_Loops
SMALL_SAMPLES/garage_dubstep-Ghost Syndicate - Odyssey ΓÇô Deep Dubstep & Future Garage Sample Pack/GS_ODS_Drum_Loops/GS_ODS_140_Drums_06_Full_V1.wav,garage_dubstep,loop,GS_ODS_Drum_Loops
SMALL_SAMPLES/garage_dubstep-Ghost Syndicate - Odyssey ΓÇô Deep Dubstep & Future Garage Sample Pack/GS_ODS_Drum_Loops/GS_ODS_140_Drums_06_Full_V2.wav,garage_dubstep,loop,GS_ODS_Drum_Loops
SMALL_SAMPLES/garage_dubstep-Ghost Syndicate - Odyssey ΓÇô Deep Dubstep & Future Garage Sample Pack/GS_ODS_Hat_Loops/GS_ODS_141_Hat.wav,garage_dubstep,loop,GS_ODS_Hat_Loops
SMALL_SAMPLES/garage_dubstep-Ghost Syndicate - Odyssey ΓÇô Deep Dubstep & Future Garage Sample Pack/GS_ODS_Hat_Loops/GS_ODS_140_Hat_06_V2.wav,garage_dubstep,loop,GS_ODS_Hat_Loops
SMALL_SAMPLES/garage_dubstep-Ghost Syndicate - Odyssey ΓÇô Deep Dubstep & Future Garage Sample Pack/GS_ODS_Hat_Loops/GS_ODS_140_Hat_06_V1.wav,garage_dubstep,loop,GS_ODS_Hat_Loops
SMALL_SAMPLES/garage_dubstep-Ghost Syndicate - Odyssey ΓÇô Deep Dubstep & Future Garage Sample Pack/GS_ODS_Hat_Loops/GS_ODS_137_Hat_V1.wav,garage_dubstep,loop,GS_ODS_Hat_Loops
SMALL_SAMPLES/garage_dubstep-Ghost Syndicate - Odyssey ΓÇô Deep Dubstep & Future Garage Sample Pack/GS_ODS_Hat_Loops/GS_ODS_140_Hat_02_V2.wav,garage_dubstep,loop,GS_ODS_Hat_Loops
SMALL_SAMPLES/garage_dubstep-Ghost Syndicate - Odyssey ΓÇô Deep Dubstep & Future Garage Sample Pack/GS_ODS_Hat_Loops/GS_ODS_137_Hat_V2.wav,garage_dubstep,loop,GS_ODS_Hat_Loops
SMALL_SAMPLES/garage_dubstep-Ghost Syndicate - Odyssey ΓÇô Deep Dubstep & Future Garage Sample Pack/GS_ODS_Hat_Loops/GS_ODS_140_Hat_02_V1.wav,garage_dubstep,loop,GS_ODS_Hat_Loops
SMALL_SAMPLES/garage_dubstep-Ghost Syndicate - Odyssey ΓÇô Deep Dubstep & Future Garage Sample Pack/GS_ODS_Hat_Loops/GS_ODS_140_Hat_04.wav,garage_dubstep,loop,GS_ODS_Hat_Loops
SMALL_SAMPLES/garage_dubstep-Ghost Syndicate - Odyssey ΓÇô Deep Dubstep & Future Garage Sample Pack/GS_ODS_Hat_Loops/GS_ODS_138_Hat.wav,garage_dubstep,loop,GS_ODS_Hat_Loops
SMALL_SAMPLES/garage_dubstep-Ghost Syndicate - Odyssey ΓÇô Deep Dubstep & Future Garage Sample Pack/GS_ODS_Hat_Loops/GS_ODS_140_Hat_05_V2.wav,garage_dubstep,loop,GS_ODS_Hat_Loops
SMALL_SAMPLES/garage_dubstep-Ghost Syndicate - Odyssey ΓÇô Deep Dubstep & Future Garage Sample Pack/GS_ODS_Hat_Loops/GS_ODS_140_Hat_05_V1.wav,garage_dubstep,loop,GS_ODS_Hat_Loops
SMALL_SAMPLES/garage_dubstep-Ghost Syndicate - Odyssey ΓÇô Deep Dubstep & Future Garage Sample Pack/GS_ODS_Hat_Loops/GS_ODS_140_Hat_03_V1.wav,garage_dubstep,loop,GS_ODS_Hat_Loops
SMALL_SAMPLES/garage_dubstep-Ghost Syndicate - Odyssey ΓÇô Deep Dubstep & Future Garage Sample Pack/GS_ODS_Hat_Loops/GS_ODS_140_Hat_03_V2.wav,garage_dubstep,loop,GS_ODS_Hat_Loops
SMALL_SAMPLES/garage_dubstep-Ghost Syndicate - Odyssey ΓÇô Deep Dubstep & Future Garage Sample Pack/GS_ODS_Hat_Loops/GS_ODS_140_Hat_01_V2.wav,garage_dubstep,loop,GS_ODS_Hat_Loops
SMALL_SAMPLES/garage_dubstep-Ghost Syndicate - Odyssey ΓÇô Deep Dubstep & Future Garage Sample Pack/GS_ODS_Hat_Loops/GS_ODS_145_Hat_V2.wav,garage_dubstep,loop,GS_ODS_Hat_Loops
SMALL_SAMPLES/garage_dubstep-Ghost Syndicate - Odyssey ΓÇô Deep Dubstep & Future Garage Sample Pack/GS_ODS_Hat_Loops/GS_ODS_140_Hat_01_V1.wav,garage_dubstep,loop,GS_ODS_Hat_Loops
SMALL_SAMPLES/garage_dubstep-Ghost Syndicate - Odyssey ΓÇô Deep Dubstep & Future Garage Sample Pack/GS_ODS_Hat_Loops/GS_ODS_145_Hat_V1.wav,garage_dubstep,loop,GS_ODS_Hat_Loops
SMALL_SAMPLES/garage_dubstep-Ghost Syndicate - Odyssey ΓÇô Deep Dubstep & Future Garage Sample Pack/GS_ODS_Top_Loops/GS_ODS_140_Top_06_V2.wav,garage_dubstep,loop,GS_ODS_Top_Loops
SMALL_SAMPLES/garage_dubstep-Ghost Syndicate - Odyssey ΓÇô Deep Dubstep & Future Garage Sample Pack/GS_ODS_Top_Loops/GS_ODS_140_Top_04.wav,garage_dubstep,loop,GS_ODS_Top_Loops
SMALL_SAMPLES/garage_dubstep-Ghost Syndicate - Odyssey ΓÇô Deep Dubstep & Future Garage Sample Pack/GS_ODS_Top_Loops/GS_ODS_140_Top_06_V1.wav,garage_dubstep,loop,GS_ODS_Top_Loops
SMALL_SAMPLES/garage_dubstep-Ghost Syndicate - Odyssey ΓÇô Deep Dubstep & Future Garage Sample Pack/GS_ODS_Top_Loops/GS_ODS_137_Top_V1.wav,garage_dubstep,loop,GS_ODS_Top_Loops
SMALL_SAMPLES/garage_dubstep-Ghost Syndicate - Odyssey ΓÇô Deep Dubstep & Future Garage Sample Pack/GS_ODS_Top_Loops/GS_ODS_137_Top_V2.wav,garage_dubstep,loop,GS_ODS_Top_Loops
SMALL_SAMPLES/garage_dubstep-Ghost Syndicate - Odyssey ΓÇô Deep Dubstep & Future Garage Sample Pack/GS_ODS_Top_Loops/GS_ODS_140_Top_02_V2.wav,garage_dubstep,loop,GS_ODS_Top_Loops
SMALL_SAMPLES/garage_dubstep-Ghost Syndicate - Odyssey ΓÇô Deep Dubstep & Future Garage Sample Pack/GS_ODS_Top_Loops/GS_ODS_140_Top_02_V1.wav,garage_dubstep,loop,GS_ODS_Top_Loops
SMALL_SAMPLES/garage_dubstep-Ghost Syndicate - Odyssey ΓÇô Deep Dubstep & Future Garage Sample Pack/GS_ODS_Top_Loops/GS_ODS_145_Top_V2.wav,garage_dubstep,loop,GS_ODS_Top_Loops
SMALL_SAMPLES/garage_dubstep-Ghost Syndicate - Odyssey ΓÇô Deep Dubstep & Future Garage Sample Pack/GS_ODS_Top_Loops/GS_ODS_145_Top_V1.wav,garage_dubstep,loop,GS_ODS_Top_Loops
SMALL_SAMPLES/garage_dubstep-Ghost Syndicate - Odyssey ΓÇô Deep Dubstep & Future Garage Sample Pack/GS_ODS_Top_Loops/GS_ODS_141_Top.wav,garage_dubstep,loop,GS_ODS_Top_Loops
SMALL_SAMPLES/garage_dubstep-Ghost Syndicate - Odyssey ΓÇô Deep Dubstep & Future Garage Sample Pack/GS_ODS_Top_Loops/GS_ODS_140_Top_05_V2.wav,garage_dubstep,loop,GS_ODS_Top_Loops
SMALL_SAMPLES/garage_dubstep-Ghost Syndicate - Odyssey ΓÇô Deep Dubstep & Future Garage Sample Pack/GS_ODS_Top_Loops/GS_ODS_140_Top_05_V1.wav,garage_dubstep,loop,GS_ODS_Top_Loops
SMALL_SAMPLES/garage_dubstep-Ghost Syndicate - Odyssey ΓÇô Deep Dubstep & Future Garage Sample Pack/GS_ODS_Top_Loops/GS_ODS_140_Top_01_V2.wav,garage_dubstep,loop,GS_ODS_Top_Loops
SMALL_SAMPLES/garage_dubstep-Ghost Syndicate - Odyssey ΓÇô Deep Dubstep & Future Garage Sample Pack/GS_ODS_Top_Loops/GS_ODS_140_Top_01_V1.wav,garage_dubstep,loop,GS_ODS_Top_Loops
SMALL_SAMPLES/garage_dubstep-Ghost Syndicate - Odyssey ΓÇô Deep Dubstep & Future Garage Sample Pack/GS_ODS_Top_Loops/GS_ODS_140_Top_03_V1.wav,garage_dubstep,loop,GS_ODS_Top_Loops
SMALL_SAMPLES/garage_dubstep-Ghost Syndicate - Odyssey ΓÇô Deep Dubstep & Future Garage Sample Pack/GS_ODS_Top_Loops/GS_ODS_138_Top.wav,garage_dubstep,loop,GS_ODS_Top_Loops
SMALL_SAMPLES/garage_dubstep-Ghost Syndicate - Odyssey ΓÇô Deep Dubstep & Future Garage Sample Pack/GS_ODS_Top_Loops/GS_ODS_140_Top_03_V2.wav,garage_dubstep,loop,GS_ODS_Top_Loops
SMALL_SAMPLES/garage_dubstep-Ghost Syndicate - Odyssey ΓÇô Deep Dubstep & Future Garage Sample Pack/GS_ODS_Kick_One_Shots/GS_ODS_Kick_15.wav,garage_dubstep,oneshot,GS_ODS_Kick_One_Shots
SMALL_SAMPLES/garage_dubstep-Ghost Syndicate - Odyssey ΓÇô Deep Dubstep & Future Garage Sample Pack/GS_ODS_Kick_One_Shots/GS_ODS_Kick_01.wav,garage_dubstep,oneshot,GS_ODS_Kick_One_Shots
SMALL_SAMPLES/garage_dubstep-Ghost Syndicate - Odyssey ΓÇô Deep Dubstep & Future Garage Sample Pack/GS_ODS_Kick_One_Shots/GS_ODS_Kick_14.wav,garage_dubstep,oneshot,GS_ODS_Kick_One_Shots
SMALL_SAMPLES/garage_dubstep-Ghost Syndicate - Odyssey ΓÇô Deep Dubstep & Future Garage Sample Pack/GS_ODS_Kick_One_Shots/GS_ODS_Kick_02.wav,garage_dubstep,oneshot,GS_ODS_Kick_One_Shots
SMALL_SAMPLES/garage_dubstep-Ghost Syndicate - Odyssey ΓÇô Deep Dubstep & Future Garage Sample Pack/GS_ODS_Kick_One_Shots/GS_ODS_Kick_16.wav,garage_dubstep,oneshot,GS_ODS_Kick_One_Shots
SMALL_SAMPLES/garage_dubstep-Ghost Syndicate - Odyssey ΓÇô Deep Dubstep & Future Garage Sample Pack/GS_ODS_Kick_One_Shots/GS_ODS_Kick_17.wav,garage_dubstep,oneshot,GS_ODS_Kick_One_Shots
SMALL_SAMPLES/garage_dubstep-Ghost Syndicate - Odyssey ΓÇô Deep Dubstep & Future Garage Sample Pack/GS_ODS_Kick_One_Shots/GS_ODS_Kick_03.wav,garage_dubstep,oneshot,GS_ODS_Kick_One_Shots
SMALL_SAMPLES/garage_dubstep-Ghost Syndicate - Odyssey ΓÇô Deep Dubstep & Future Garage Sample Pack/GS_ODS_Kick_One_Shots/GS_ODS_Kick_07.wav,garage_dubstep,oneshot,GS_ODS_Kick_One_Shots
SMALL_SAMPLES/garage_dubstep-Ghost Syndicate - Odyssey ΓÇô Deep Dubstep & Future Garage Sample Pack/GS_ODS_Kick_One_Shots/GS_ODS_Kick_13.wav,garage_dubstep,oneshot,GS_ODS_Kick_One_Shots
SMALL_SAMPLES/garage_dubstep-Ghost Syndicate - Odyssey ΓÇô Deep Dubstep & Future Garage Sample Pack/GS_ODS_Kick_One_Shots/GS_ODS_Kick_12.wav,garage_dubstep,oneshot,GS_ODS_Kick_One_Shots
SMALL_SAMPLES/garage_dubstep-Ghost Syndicate - Odyssey ΓÇô Deep Dubstep & Future Garage Sample Pack/GS_ODS_Kick_One_Shots/GS_ODS_Kick_06.wav,garage_dubstep,oneshot,GS_ODS_Kick_One_Shots
SMALL_SAMPLES/garage_dubstep-Ghost Syndicate - Odyssey ΓÇô Deep Dubstep & Future Garage Sample Pack/GS_ODS_Kick_One_Shots/GS_ODS_Kick_10.wav,garage_dubstep,oneshot,GS_ODS_Kick_One_Shots
SMALL_SAMPLES/garage_dubstep-Ghost Syndicate - Odyssey ΓÇô Deep Dubstep & Future Garage Sample Pack/GS_ODS_Kick_One_Shots/GS_ODS_Kick_04.wav,garage_dubstep,oneshot,GS_ODS_Kick_One_Shots
SMALL_SAMPLES/garage_dubstep-Ghost Syndicate - Odyssey ΓÇô Deep Dubstep & Future Garage Sample Pack/GS_ODS_Kick_One_Shots/GS_ODS_Kick_05.wav,garage_dubstep,oneshot,GS_ODS_Kick_One_Shots
SMALL_SAMPLES/garage_dubstep-Ghost Syndicate - Odyssey ΓÇô Deep Dubstep & Future Garage Sample Pack/GS_ODS_Kick_One_Shots/GS_ODS_Kick_11.wav,garage_dubstep,oneshot,GS_ODS_Kick_One_Shots
SMALL_SAMPLES/garage_dubstep-Ghost Syndicate - Odyssey ΓÇô Deep Dubstep & Future Garage Sample Pack/GS_ODS_Kick_One_Shots/GS_ODS_Kick_08.wav,garage_dubstep,oneshot,GS_ODS_Kick_One_Shots
SMALL_SAMPLES/garage_dubstep-Ghost Syndicate - Odyssey ΓÇô Deep Dubstep & Future Garage Sample Pack/GS_ODS_Kick_One_Shots/GS_ODS_Kick_20.wav,garage_dubstep,oneshot,GS_ODS_Kick_One_Shots
SMALL_SAMPLES/garage_dubstep-Ghost Syndicate - Odyssey ΓÇô Deep Dubstep & Future Garage Sample Pack/GS_ODS_Kick_One_Shots/GS_ODS_Kick_09.wav,garage_dubstep,oneshot,GS_ODS_Kick_One_Shots
SMALL_SAMPLES/garage_dubstep-Ghost Syndicate - Odyssey ΓÇô Deep Dubstep & Future Garage Sample Pack/GS_ODS_Kick_One_Shots/GS_ODS_Kick_19.wav,garage_dubstep,oneshot,GS_ODS_Kick_One_Shots
SMALL_SAMPLES/garage_dubstep-Ghost Syndicate - Odyssey ΓÇô Deep Dubstep & Future Garage Sample Pack/GS_ODS_Kick_One_Shots/GS_ODS_Kick_18.wav,garage_dubstep,oneshot,GS_ODS_Kick_One_Shots
SMALL_SAMPLES/garage_dubstep-Ghost Syndicate - Odyssey ΓÇô Deep Dubstep & Future Garage Sample Pack/GS_ODS_Vox/GS_ODS_Vox_04.wav,garage_dubstep,other,GS_ODS_Vox
SMALL_SAMPLES/garage_dubstep-Ghost Syndicate - Odyssey ΓÇô Deep Dubstep & Future Garage Sample Pack/GS_ODS_Vox/GS_ODS_Vox_02.wav,garage_dubstep,other,GS_ODS_Vox
SMALL_SAMPLES/garage_dubstep-Ghost Syndicate - Odyssey ΓÇô Deep Dubstep & Future Garage Sample Pack/GS_ODS_Vox/GS_ODS_Vox_03.wav,garage_dubstep,other,GS_ODS_Vox
SMALL_SAMPLES/garage_dubstep-Ghost Syndicate - Odyssey ΓÇô Deep Dubstep & Future Garage Sample Pack/GS_ODS_Vox/GS_ODS_Vox_01.wav,garage_dubstep,other,GS_ODS_Vox
SMALL_SAMPLES/garage_dubstep-Ghost Syndicate - Odyssey ΓÇô Deep Dubstep & Future Garage Sample Pack/GS_ODS_Closed_Hat_One_Shots/GS_ODS_Closed_Hat_16.wav,garage_dubstep,oneshot,GS_ODS_Closed_Hat_One_Shots
SMALL_SAMPLES/garage_dubstep-Ghost Syndicate - Odyssey ΓÇô Deep Dubstep & Future Garage Sample Pack/GS_ODS_Closed_Hat_One_Shots/GS_ODS_Closed_Hat_02.wav,garage_dubstep,oneshot,GS_ODS_Closed_Hat_One_Shots
SMALL_SAMPLES/garage_dubstep-Ghost Syndicate - Odyssey ΓÇô Deep Dubstep & Future Garage Sample Pack/GS_ODS_Closed_Hat_One_Shots/GS_ODS_Closed_Hat_03.wav,garage_dubstep,oneshot,GS_ODS_Closed_Hat_One_Shots
SMALL_SAMPLES/garage_dubstep-Ghost Syndicate - Odyssey ΓÇô Deep Dubstep & Future Garage Sample Pack/GS_ODS_Closed_Hat_One_Shots/GS_ODS_Closed_Hat_17.wav,garage_dubstep,oneshot,GS_ODS_Closed_Hat_One_Shots
SMALL_SAMPLES/garage_dubstep-Ghost Syndicate - Odyssey ΓÇô Deep Dubstep & Future Garage Sample Pack/GS_ODS_Closed_Hat_One_Shots/GS_ODS_Closed_Hat_01.wav,garage_dubstep,oneshot,GS_ODS_Closed_Hat_One_Shots
SMALL_SAMPLES/garage_dubstep-Ghost Syndicate - Odyssey ΓÇô Deep Dubstep & Future Garage Sample Pack/GS_ODS_Closed_Hat_One_Shots/GS_ODS_Closed_Hat_15.wav,garage_dubstep,oneshot,GS_ODS_Closed_Hat_One_Shots
SMALL_SAMPLES/garage_dubstep-Ghost Syndicate - Odyssey ΓÇô Deep Dubstep & Future Garage Sample Pack/GS_ODS_Closed_Hat_One_Shots/GS_ODS_Closed_Hat_14.wav,garage_dubstep,oneshot,GS_ODS_Closed_Hat_One_Shots
SMALL_SAMPLES/garage_dubstep-Ghost Syndicate - Odyssey ΓÇô Deep Dubstep & Future Garage Sample Pack/GS_ODS_Closed_Hat_One_Shots/GS_ODS_Closed_Hat_04.wav,garage_dubstep,oneshot,GS_ODS_Closed_Hat_One_Shots
SMALL_SAMPLES/garage_dubstep-Ghost Syndicate - Odyssey ΓÇô Deep Dubstep & Future Garage Sample Pack/GS_ODS_Closed_Hat_One_Shots/GS_ODS_Closed_Hat_10.wav,garage_dubstep,oneshot,GS_ODS_Closed_Hat_One_Shots
SMALL_SAMPLES/garage_dubstep-Ghost Syndicate - Odyssey ΓÇô Deep Dubstep & Future Garage Sample Pack/GS_ODS_Closed_Hat_One_Shots/GS_ODS_Closed_Hat_11.wav,garage_dubstep,oneshot,GS_ODS_Closed_Hat_One_Shots
SMALL_SAMPLES/garage_dubstep-Ghost Syndicate - Odyssey ΓÇô Deep Dubstep & Future Garage Sample Pack/GS_ODS_Closed_Hat_One_Shots/GS_ODS_Closed_Hat_05.wav,garage_dubstep,oneshot,GS_ODS_Closed_Hat_One_Shots
SMALL_SAMPLES/garage_dubstep-Ghost Syndicate - Odyssey ΓÇô Deep Dubstep & Future Garage Sample Pack/GS_ODS_Closed_Hat_One_Shots/GS_ODS_Closed_Hat_13.wav,garage_dubstep,oneshot,GS_ODS_Closed_Hat_One_Shots
SMALL_SAMPLES/garage_dubstep-Ghost Syndicate - Odyssey ΓÇô Deep Dubstep & Future Garage Sample Pack/GS_ODS_Closed_Hat_One_Shots/GS_ODS_Closed_Hat_07.wav,garage_dubstep,oneshot,GS_ODS_Closed_Hat_One_Shots
SMALL_SAMPLES/garage_dubstep-Ghost Syndicate - Odyssey ΓÇô Deep Dubstep & Future Garage Sample Pack/GS_ODS_Closed_Hat_One_Shots/GS_ODS_Closed_Hat_06.wav,garage_dubstep,oneshot,GS_ODS_Closed_Hat_One_Shots
SMALL_SAMPLES/garage_dubstep-Ghost Syndicate - Odyssey ΓÇô Deep Dubstep & Future Garage Sample Pack/GS_ODS_Closed_Hat_One_Shots/GS_ODS_Closed_Hat_12.wav,garage_dubstep,oneshot,GS_ODS_Closed_Hat_One_Shots
SMALL_SAMPLES/garage_dubstep-Ghost Syndicate - Odyssey ΓÇô Deep Dubstep & Future Garage Sample Pack/GS_ODS_Closed_Hat_One_Shots/GS_ODS_Closed_Hat_08.wav,garage_dubstep,oneshot,GS_ODS_Closed_Hat_One_Shots
SMALL_SAMPLES/garage_dubstep-Ghost Syndicate - Odyssey ΓÇô Deep Dubstep & Future Garage Sample Pack/GS_ODS_Closed_Hat_One_Shots/GS_ODS_Closed_Hat_20.wav,garage_dubstep,oneshot,GS_ODS_Closed_Hat_One_Shots
SMALL_SAMPLES/garage_dubstep-Ghost Syndicate - Odyssey ΓÇô Deep Dubstep & Future Garage Sample Pack/GS_ODS_Closed_Hat_One_Shots/GS_ODS_Closed_Hat_09.wav,garage_dubstep,oneshot,GS_ODS_Closed_Hat_One_Shots
SMALL_SAMPLES/garage_dubstep-Ghost Syndicate - Odyssey ΓÇô Deep Dubstep & Future Garage Sample Pack/GS_ODS_Closed_Hat_One_Shots/GS_ODS_Closed_Hat_19.wav,garage_dubstep,oneshot,GS_ODS_Closed_Hat_One_Shots
SMALL_SAMPLES/garage_dubstep-Ghost Syndicate - Odyssey ΓÇô Deep Dubstep & Future Garage Sample Pack/GS_ODS_Closed_Hat_One_Shots/GS_ODS_Closed_Hat_18.wav,garage_dubstep,oneshot,GS_ODS_Closed_Hat_One_Shots
SMALL_SAMPLES/garage_dubstep-Ghost Syndicate - Odyssey ΓÇô Deep Dubstep & Future Garage Sample Pack/GS_ODS_Bass_One_Shots/GS_ODS_SynthBass_F_02.wav,garage_dubstep,oneshot,GS_ODS_Bass_One_Shots
SMALL_SAMPLES/garage_dubstep-Ghost Syndicate - Odyssey ΓÇô Deep Dubstep & Future Garage Sample Pack/GS_ODS_Bass_One_Shots/GS_ODS_SynthBass_F_03.wav,garage_dubstep,oneshot,GS_ODS_Bass_One_Shots
SMALL_SAMPLES/garage_dubstep-Ghost Syndicate - Odyssey ΓÇô Deep Dubstep & Future Garage Sample Pack/GS_ODS_Bass_One_Shots/GS_ODS_SynthBass_F_01.wav,garage_dubstep,oneshot,GS_ODS_Bass_One_Shots
SMALL_SAMPLES/garage_dubstep-Ghost Syndicate - Odyssey ΓÇô Deep Dubstep & Future Garage Sample Pack/GS_ODS_Bass_One_Shots/GS_ODS_SynthBass_F_04.wav,garage_dubstep,oneshot,GS_ODS_Bass_One_Shots
SMALL_SAMPLES/garage_dubstep-Ghost Syndicate - Odyssey ΓÇô Deep Dubstep & Future Garage Sample Pack/GS_ODS_Bass_One_Shots/GS_ODS_SynthBass_G#_02.wav,garage_dubstep,oneshot,GS_ODS_Bass_One_Shots
SMALL_SAMPLES/garage_dubstep-Ghost Syndicate - Odyssey ΓÇô Deep Dubstep & Future Garage Sample Pack/GS_ODS_Bass_One_Shots/GS_ODS_SynthBass_G#_03.wav,garage_dubstep,oneshot,GS_ODS_Bass_One_Shots
SMALL_SAMPLES/garage_dubstep-Ghost Syndicate - Odyssey ΓÇô Deep Dubstep & Future Garage Sample Pack/GS_ODS_Bass_One_Shots/GS_ODS_SynthBass_G#_01.wav,garage_dubstep,oneshot,GS_ODS_Bass_One_Shots
SMALL_SAMPLES/garage_dubstep-Ghost Syndicate - Odyssey ΓÇô Deep Dubstep & Future Garage Sample Pack/GS_ODS_Bass_One_Shots/GS_ODS_SynthBass_G.wav,garage_dubstep,oneshot,GS_ODS_Bass_One_Shots
SMALL_SAMPLES/garage_dubstep-Ghost Syndicate - Odyssey ΓÇô Deep Dubstep & Future Garage Sample Pack/GS_ODS_Bass_One_Shots/GS_ODS_SynthBass_A#_03.wav,garage_dubstep,oneshot,GS_ODS_Bass_One_Shots
SMALL_SAMPLES/garage_dubstep-Ghost Syndicate - Odyssey ΓÇô Deep Dubstep & Future Garage Sample Pack/GS_ODS_Bass_One_Shots/GS_ODS_SynthBass_A#_02.wav,garage_dubstep,oneshot,GS_ODS_Bass_One_Shots
SMALL_SAMPLES/garage_dubstep-Ghost Syndicate - Odyssey ΓÇô Deep Dubstep & Future Garage Sample Pack/GS_ODS_Bass_One_Shots/GS_ODS_SynthBass_A#_01.wav,garage_dubstep,oneshot,GS_ODS_Bass_One_Shots
SMALL_SAMPLES/garage_dubstep-Ghost Syndicate - Odyssey ΓÇô Deep Dubstep & Future Garage Sample Pack/GS_ODS_Bass_One_Shots/GS_ODS_SynthBass_A.wav,garage_dubstep,oneshot,GS_ODS_Bass_One_Shots
SMALL_SAMPLES/garage_dubstep-Ghost Syndicate - Odyssey ΓÇô Deep Dubstep & Future Garage Sample Pack/GS_ODS_Bass_One_Shots/GS_ODS_SynthBass_E_02.wav,garage_dubstep,oneshot,GS_ODS_Bass_One_Shots
SMALL_SAMPLES/garage_dubstep-Ghost Syndicate - Odyssey ΓÇô Deep Dubstep & Future Garage Sample Pack/GS_ODS_Bass_One_Shots/GS_ODS_SynthBass_E_01.wav,garage_dubstep,oneshot,GS_ODS_Bass_One_Shots
SMALL_SAMPLES/garage_dubstep-Ghost Syndicate - Odyssey ΓÇô Deep Dubstep & Future Garage Sample Pack/GS_ODS_Bass_One_Shots/GS_ODS_SynthBass_C#_03.wav,garage_dubstep,oneshot,GS_ODS_Bass_One_Shots
SMALL_SAMPLES/garage_dubstep-Ghost Syndicate - Odyssey ΓÇô Deep Dubstep & Future Garage Sample Pack/GS_ODS_Bass_One_Shots/GS_ODS_SynthBass_C#_02.wav,garage_dubstep,oneshot,GS_ODS_Bass_One_Shots
SMALL_SAMPLES/garage_dubstep-Ghost Syndicate - Odyssey ΓÇô Deep Dubstep & Future Garage Sample Pack/GS_ODS_Bass_One_Shots/GS_ODS_SynthBass_C#_01.wav,garage_dubstep,oneshot,GS_ODS_Bass_One_Shots
SMALL_SAMPLES/garage_dubstep-Ghost Syndicate - Odyssey ΓÇô Deep Dubstep & Future Garage Sample Pack/GS_ODS_Bass_Loops/GS_ODS_140_A#m_SynthBass_02_V1.wav,garage_dubstep,loop,GS_ODS_Bass_Loops
SMALL_SAMPLES/garage_dubstep-Ghost Syndicate - Odyssey ΓÇô Deep Dubstep & Future Garage Sample Pack/GS_ODS_Bass_Loops/GS_ODS_140_Gm_SynthBass.wav,garage_dubstep,loop,GS_ODS_Bass_Loops
SMALL_SAMPLES/garage_dubstep-Ghost Syndicate - Odyssey ΓÇô Deep Dubstep & Future Garage Sample Pack/GS_ODS_Bass_Loops/GS_ODS_140_A#m_SynthBass_02_V2.wav,garage_dubstep,loop,GS_ODS_Bass_Loops
SMALL_SAMPLES/garage_dubstep-Ghost Syndicate - Odyssey ΓÇô Deep Dubstep & Future Garage Sample Pack/GS_ODS_Bass_Loops/GS_ODS_145_G#m_SynthBass.wav,garage_dubstep,loop,GS_ODS_Bass_Loops
SMALL_SAMPLES/garage_dubstep-Ghost Syndicate - Odyssey ΓÇô Deep Dubstep & Future Garage Sample Pack/GS_ODS_Bass_Loops/GS_ODS_141_C#m_SynthBass_V2.wav,garage_dubstep,loop,GS_ODS_Bass_Loops
SMALL_SAMPLES/garage_dubstep-Ghost Syndicate - Odyssey ΓÇô Deep Dubstep & Future Garage Sample Pack/GS_ODS_Bass_Loops/GS_ODS_140_Em_SynthBass_V2.wav,garage_dubstep,loop,GS_ODS_Bass_Loops
SMALL_SAMPLES/garage_dubstep-Ghost Syndicate - Odyssey ΓÇô Deep Dubstep & Future Garage Sample Pack/GS_ODS_Bass_Loops/GS_ODS_141_C#m_SynthBass_V1.wav,garage_dubstep,loop,GS_ODS_Bass_Loops
SMALL_SAMPLES/garage_dubstep-Ghost Syndicate - Odyssey ΓÇô Deep Dubstep & Future Garage Sample Pack/GS_ODS_Bass_Loops/GS_ODS_140_Em_SynthBass_V1.wav,garage_dubstep,loop,GS_ODS_Bass_Loops
SMALL_SAMPLES/garage_dubstep-Ghost Syndicate - Odyssey ΓÇô Deep Dubstep & Future Garage Sample Pack/GS_ODS_Bass_Loops/GS_ODS_140_A#m_SynthBass_01_V1.wav,garage_dubstep,loop,GS_ODS_Bass_Loops
SMALL_SAMPLES/garage_dubstep-Ghost Syndicate - Odyssey ΓÇô Deep Dubstep & Future Garage Sample Pack/GS_ODS_Bass_Loops/GS_ODS_140_Fm_SynthBass_02.wav,garage_dubstep,loop,GS_ODS_Bass_Loops
SMALL_SAMPLES/garage_dubstep-Ghost Syndicate - Odyssey ΓÇô Deep Dubstep & Future Garage Sample Pack/GS_ODS_Bass_Loops/GS_ODS_140_A#m_SynthBass_01_V2.wav,garage_dubstep,loop,GS_ODS_Bass_Loops
SMALL_SAMPLES/garage_dubstep-Ghost Syndicate - Odyssey ΓÇô Deep Dubstep & Future Garage Sample Pack/GS_ODS_Bass_Loops/GS_ODS_138_Dm_SynthBass.wav,garage_dubstep,loop,GS_ODS_Bass_Loops
SMALL_SAMPLES/garage_dubstep-Ghost Syndicate - Odyssey ΓÇô Deep Dubstep & Future Garage Sample Pack/GS_ODS_Bass_Loops/GS_ODS_140_G#_SynthBass_V1.wav,garage_dubstep,loop,GS_ODS_Bass_Loops
SMALL_SAMPLES/garage_dubstep-Ghost Syndicate - Odyssey ΓÇô Deep Dubstep & Future Garage Sample Pack/GS_ODS_Bass_Loops/GS_ODS_137_G#m_SynthBass.wav,garage_dubstep,loop,GS_ODS_Bass_Loops
SMALL_SAMPLES/garage_dubstep-Ghost Syndicate - Odyssey ΓÇô Deep Dubstep & Future Garage Sample Pack/GS_ODS_Bass_Loops/GS_ODS_140_G#_SynthBass_V2.wav,garage_dubstep,loop,GS_ODS_Bass_Loops
SMALL_SAMPLES/garage_dubstep-Ghost Syndicate - Odyssey ΓÇô Deep Dubstep & Future Garage Sample Pack/GS_ODS_Melodic_Combi_Loops/GS_ODS_140_Em_Melodic_Combi_Synth_Bass_V1.wav,garage_dubstep,loop,GS_ODS_Melodic_Combi_Loops
SMALL_SAMPLES/garage_dubstep-Ghost Syndicate - Odyssey ΓÇô Deep Dubstep & Future Garage Sample Pack/GS_ODS_Melodic_Combi_Loops/GS_ODS_140_Em_Melodic_Combi_Synth_Bass_V2.wav,garage_dubstep,loop,GS_ODS_Melodic_Combi_Loops
SMALL_SAMPLES/garage_dubstep-Ghost Syndicate - Odyssey ΓÇô Deep Dubstep & Future Garage Sample Pack/GS_ODS_Melodic_Combi_Loops/GS_ODS_140_Fm_Melodic_Combi_Synth_Bass_01_V1.wav,garage_dubstep,loop,GS_ODS_Melodic_Combi_Loops
SMALL_SAMPLES/garage_dubstep-Ghost Syndicate - Odyssey ΓÇô Deep Dubstep & Future Garage Sample Pack/GS_ODS_Melodic_Combi_Loops/GS_ODS_140_Fm_Melodic_Combi_Synth_Bass_01_V2.wav,garage_dubstep,loop,GS_ODS_Melodic_Combi_Loops
SMALL_SAMPLES/garage_dubstep-Ghost Syndicate - Odyssey ΓÇô Deep Dubstep & Future Garage Sample Pack/GS_ODS_Melodic_Combi_Loops/GS_ODS_141_C#m_Melodic_Combi_Synth_Bass_V3.wav,garage_dubstep,loop,GS_ODS_Melodic_Combi_Loops
SMALL_SAMPLES/garage_dubstep-Ghost Syndicate - Odyssey ΓÇô Deep Dubstep & Future Garage Sample Pack/GS_ODS_Melodic_Combi_Loops/GS_ODS_141_C#m_Melodic_Combi_Synth_Bass_V1.wav,garage_dubstep,loop,GS_ODS_Melodic_Combi_Loops
SMALL_SAMPLES/garage_dubstep-Ghost Syndicate - Odyssey ΓÇô Deep Dubstep & Future Garage Sample Pack/GS_ODS_Melodic_Combi_Loops/GS_ODS_145_G#m_Melodic_Combi_Synth_Bass_V2.wav,garage_dubstep,loop,GS_ODS_Melodic_Combi_Loops
SMALL_SAMPLES/garage_dubstep-Ghost Syndicate - Odyssey ΓÇô Deep Dubstep & Future Garage Sample Pack/GS_ODS_Melodic_Combi_Loops/GS_ODS_145_G#m_Melodic_Combi_Synth_Bass_V3.wav,garage_dubstep,loop,GS_ODS_Melodic_Combi_Loops
SMALL_SAMPLES/garage_dubstep-Ghost Syndicate - Odyssey ΓÇô Deep Dubstep & Future Garage Sample Pack/GS_ODS_Melodic_Combi_Loops/GS_ODS_145_G#m_Melodic_Combi_Synth_Bass_V1.wav,garage_dubstep,loop,GS_ODS_Melodic_Combi_Loops
SMALL_SAMPLES/garage_dubstep-Ghost Syndicate - Odyssey ΓÇô Deep Dubstep & Future Garage Sample Pack/GS_ODS_Melodic_Combi_Loops/GS_ODS_140_Fm_Melodic_Combi_Synth_Bass_02_V1.wav,garage_dubstep,loop,GS_ODS_Melodic_Combi_Loops
SMALL_SAMPLES/garage_dubstep-Ghost Syndicate - Odyssey ΓÇô Deep Dubstep & Future Garage Sample Pack/GS_ODS_Melodic_Combi_Loops/GS_ODS_140_Fm_Melodic_Combi_Synth_Bass_02_V2.wav,garage_dubstep,loop,GS_ODS_Melodic_Combi_Loops
SMALL_SAMPLES/garage_dubstep-Ghost Syndicate - Odyssey ΓÇô Deep Dubstep & Future Garage Sample Pack/GS_ODS_Melodic_Combi_Loops/GS_ODS_140_G#_Melodic_Combi_Synth_Bass.wav,garage_dubstep,loop,GS_ODS_Melodic_Combi_Loops
SMALL_SAMPLES/garage_dubstep-Ghost Syndicate - Odyssey ΓÇô Deep Dubstep & Future Garage Sample Pack/GS_ODS_Melodic_Combi_Loops/GS_ODS_138_Dm_Melodic_Combi_Synth_Bass_V3.wav,garage_dubstep,loop,GS_ODS_Melodic_Combi_Loops
SMALL_SAMPLES/garage_dubstep-Ghost Syndicate - Odyssey ΓÇô Deep Dubstep & Future Garage Sample Pack/GS_ODS_Melodic_Combi_Loops/GS_ODS_138_Dm_Melodic_Combi_Synth_Bass_V2.wav,garage_dubstep,loop,GS_ODS_Melodic_Combi_Loops
SMALL_SAMPLES/garage_dubstep-Ghost Syndicate - Odyssey ΓÇô Deep Dubstep & Future Garage Sample Pack/GS_ODS_Melodic_Combi_Loops/GS_ODS_140_Gm_Melodic_Combi_Synth_Bass_V2.wav,garage_dubstep,loop,GS_ODS_Melodic_Combi_Loops
SMALL_SAMPLES/garage_dubstep-Ghost Syndicate - Odyssey ΓÇô Deep Dubstep & Future Garage Sample Pack/GS_ODS_Melodic_Combi_Loops/GS_ODS_140_Gm_Melodic_Combi_Synth_Bass_V3.wav,garage_dubstep,loop,GS_ODS_Melodic_Combi_Loops
SMALL_SAMPLES/garage_dubstep-Ghost Syndicate - Odyssey ΓÇô Deep Dubstep & Future Garage Sample Pack/GS_ODS_Melodic_Combi_Loops/GS_ODS_137_G#m_Melodic_Combi_Synth_Bass_V2.wav,garage_dubstep,loop,GS_ODS_Melodic_Combi_Loops
SMALL_SAMPLES/garage_dubstep-Ghost Syndicate - Odyssey ΓÇô Deep Dubstep & Future Garage Sample Pack/GS_ODS_Melodic_Combi_Loops/GS_ODS_137_G#m_Melodic_Combi_Synth_Bass_V1.wav,garage_dubstep,loop,GS_ODS_Melodic_Combi_Loops
SMALL_SAMPLES/garage_dubstep-Ghost Syndicate - Odyssey ΓÇô Deep Dubstep & Future Garage Sample Pack/GS_ODS_Melodic_Combi_Loops/GS_ODS_140_A#m_Melodic_Combi_Synth_Bass_V1.wav,garage_dubstep,loop,GS_ODS_Melodic_Combi_Loops
SMALL_SAMPLES/garage_dubstep-Ghost Syndicate - Odyssey ΓÇô Deep Dubstep & Future Garage Sample Pack/GS_ODS_Melodic_Combi_Loops/GS_ODS_140_A#m_Melodic_Combi_Synth_Bass_V2.wav,garage_dubstep,loop,GS_ODS_Melodic_Combi_Loops
SMALL_SAMPLES/garage_dubstep-Ghost Syndicate - Odyssey ΓÇô Deep Dubstep & Future Garage Sample Pack/GS_ODS_Melodic_Combi_Loops/GS_ODS_140_A#m_Melodic_Combi_Synth_Bass_V3.wav,garage_dubstep,loop,GS_ODS_Melodic_Combi_Loops
SMALL_SAMPLES/garage_dubstep-Ghost Syndicate - Odyssey ΓÇô Deep Dubstep & Future Garage Sample Pack/GS_ODS_Synth_One_Shots/GS_ODS_Synth_Lead_A.wav,garage_dubstep,oneshot,GS_ODS_Synth_One_Shots
SMALL_SAMPLES/garage_dubstep-Ghost Syndicate - Odyssey ΓÇô Deep Dubstep & Future Garage Sample Pack/GS_ODS_Synth_One_Shots/GS_ODS_Synth_Pad_A.wav,garage_dubstep,oneshot,GS_ODS_Synth_One_Shots
SMALL_SAMPLES/garage_dubstep-Ghost Syndicate - Odyssey ΓÇô Deep Dubstep & Future Garage Sample Pack/GS_ODS_Synth_One_Shots/GS_ODS_Synth_Lead_B.wav,garage_dubstep,oneshot,GS_ODS_Synth_One_Shots
SMALL_SAMPLES/garage_dubstep-Ghost Syndicate - Odyssey ΓÇô Deep Dubstep & Future Garage Sample Pack/GS_ODS_Synth_One_Shots/GS_ODS_Synth_Pad_C.wav,garage_dubstep,oneshot,GS_ODS_Synth_One_Shots
SMALL_SAMPLES/garage_dubstep-Ghost Syndicate - Odyssey ΓÇô Deep Dubstep & Future Garage Sample Pack/GS_ODS_Synth_One_Shots/GS_ODS_Synth_Lead_Gm.wav,garage_dubstep,oneshot,GS_ODS_Synth_One_Shots
SMALL_SAMPLES/garage_dubstep-Ghost Syndicate - Odyssey ΓÇô Deep Dubstep & Future Garage Sample Pack/GS_ODS_Synth_One_Shots/GS_ODS_Synth_Pluck_G_03.wav,garage_dubstep,oneshot,GS_ODS_Synth_One_Shots
SMALL_SAMPLES/garage_dubstep-Ghost Syndicate - Odyssey ΓÇô Deep Dubstep & Future Garage Sample Pack/GS_ODS_Synth_One_Shots/GS_ODS_Synth_Pluck_G_02.wav,garage_dubstep,oneshot,GS_ODS_Synth_One_Shots
SMALL_SAMPLES/garage_dubstep-Ghost Syndicate - Odyssey ΓÇô Deep Dubstep & Future Garage Sample Pack/GS_ODS_Synth_One_Shots/GS_ODS_Synth_Arp_G#.wav,garage_dubstep,oneshot,GS_ODS_Synth_One_Shots
SMALL_SAMPLES/garage_dubstep-Ghost Syndicate - Odyssey ΓÇô Deep Dubstep & Future Garage Sample Pack/GS_ODS_Synth_One_Shots/GS_ODS_Synth_Pad_E.wav,garage_dubstep,oneshot,GS_ODS_Synth_One_Shots
SMALL_SAMPLES/garage_dubstep-Ghost Syndicate - Odyssey ΓÇô Deep Dubstep & Future Garage Sample Pack/GS_ODS_Synth_One_Shots/GS_ODS_Synth_Piano_Dm_01.wav,garage_dubstep,oneshot,GS_ODS_Synth_One_Shots
SMALL_SAMPLES/garage_dubstep-Ghost Syndicate - Odyssey ΓÇô Deep Dubstep & Future Garage Sample Pack/GS_ODS_Synth_One_Shots/GS_ODS_Synth_Pad_G_01.wav,garage_dubstep,oneshot,GS_ODS_Synth_One_Shots
SMALL_SAMPLES/garage_dubstep-Ghost Syndicate - Odyssey ΓÇô Deep Dubstep & Future Garage Sample Pack/GS_ODS_Synth_One_Shots/GS_ODS_Synth_Piano_Dm_02.wav,garage_dubstep,oneshot,GS_ODS_Synth_One_Shots
SMALL_SAMPLES/garage_dubstep-Ghost Syndicate - Odyssey ΓÇô Deep Dubstep & Future Garage Sample Pack/GS_ODS_Synth_One_Shots/GS_ODS_Synth_Pad_G_02.wav,garage_dubstep,oneshot,GS_ODS_Synth_One_Shots
SMALL_SAMPLES/garage_dubstep-Ghost Syndicate - Odyssey ΓÇô Deep Dubstep & Future Garage Sample Pack/GS_ODS_Synth_One_Shots/GS_ODS_Synth_Pad_Em.wav,garage_dubstep,oneshot,GS_ODS_Synth_One_Shots
SMALL_SAMPLES/garage_dubstep-Ghost Syndicate - Odyssey ΓÇô Deep Dubstep & Future Garage Sample Pack/GS_ODS_Synth_One_Shots/GS_ODS_Synth_Lead_A#m.wav,garage_dubstep,oneshot,GS_ODS_Synth_One_Shots
SMALL_SAMPLES/garage_dubstep-Ghost Syndicate - Odyssey ΓÇô Deep Dubstep & Future Garage Sample Pack/GS_ODS_Synth_One_Shots/GS_ODS_Synth_Arp_G.wav,garage_dubstep,oneshot,GS_ODS_Synth_One_Shots
SMALL_SAMPLES/garage_dubstep-Ghost Syndicate - Odyssey ΓÇô Deep Dubstep & Future Garage Sample Pack/GS_ODS_Synth_One_Shots/GS_ODS_Synth_Pad_G#_02.wav,garage_dubstep,oneshot,GS_ODS_Synth_One_Shots
SMALL_SAMPLES/garage_dubstep-Ghost Syndicate - Odyssey ΓÇô Deep Dubstep & Future Garage Sample Pack/GS_ODS_Synth_One_Shots/GS_ODS_Synth_Keys_D#m.wav,garage_dubstep,oneshot,GS_ODS_Synth_One_Shots
SMALL_SAMPLES/garage_dubstep-Ghost Syndicate - Odyssey ΓÇô Deep Dubstep & Future Garage Sample Pack/GS_ODS_Synth_One_Shots/GS_ODS_Synth_Pluck_G#m.wav,garage_dubstep,oneshot,GS_ODS_Synth_One_Shots
SMALL_SAMPLES/garage_dubstep-Ghost Syndicate - Odyssey ΓÇô Deep Dubstep & Future Garage Sample Pack/GS_ODS_Synth_One_Shots/GS_ODS_Synth_Lead_A#.wav,garage_dubstep,oneshot,GS_ODS_Synth_One_Shots
SMALL_SAMPLES/garage_dubstep-Ghost Syndicate - Odyssey ΓÇô Deep Dubstep & Future Garage Sample Pack/GS_ODS_Synth_One_Shots/GS_ODS_Synth_Piano_G_01.wav,garage_dubstep,oneshot,GS_ODS_Synth_One_Shots
SMALL_SAMPLES/garage_dubstep-Ghost Syndicate - Odyssey ΓÇô Deep Dubstep & Future Garage Sample Pack/GS_ODS_Synth_One_Shots/GS_ODS_Synth_Pad_G#_01.wav,garage_dubstep,oneshot,GS_ODS_Synth_One_Shots
SMALL_SAMPLES/garage_dubstep-Ghost Syndicate - Odyssey ΓÇô Deep Dubstep & Future Garage Sample Pack/GS_ODS_Synth_One_Shots/GS_ODS_Synth_Piano_C_01.wav,garage_dubstep,oneshot,GS_ODS_Synth_One_Shots
SMALL_SAMPLES/garage_dubstep-Ghost Syndicate - Odyssey ΓÇô Deep Dubstep & Future Garage Sample Pack/GS_ODS_Synth_One_Shots/GS_ODS_Synth_Pad_F_02.wav,garage_dubstep,oneshot,GS_ODS_Synth_One_Shots
SMALL_SAMPLES/garage_dubstep-Ghost Syndicate - Odyssey ΓÇô Deep Dubstep & Future Garage Sample Pack/GS_ODS_Synth_One_Shots/GS_ODS_Synth_Arp_F#m.wav,garage_dubstep,oneshot,GS_ODS_Synth_One_Shots
SMALL_SAMPLES/garage_dubstep-Ghost Syndicate - Odyssey ΓÇô Deep Dubstep & Future Garage Sample Pack/GS_ODS_Synth_One_Shots/GS_ODS_Synth_Piano_A#_01.wav,garage_dubstep,oneshot,GS_ODS_Synth_One_Shots
SMALL_SAMPLES/garage_dubstep-Ghost Syndicate - Odyssey ΓÇô Deep Dubstep & Future Garage Sample Pack/GS_ODS_Synth_One_Shots/GS_ODS_Synth_Strings_G#.wav,garage_dubstep,oneshot,GS_ODS_Synth_One_Shots
SMALL_SAMPLES/garage_dubstep-Ghost Syndicate - Odyssey ΓÇô Deep Dubstep & Future Garage Sample Pack/GS_ODS_Synth_One_Shots/GS_ODS_Synth_Piano_C_02.wav,garage_dubstep,oneshot,GS_ODS_Synth_One_Shots
SMALL_SAMPLES/garage_dubstep-Ghost Syndicate - Odyssey ΓÇô Deep Dubstep & Future Garage Sample Pack/GS_ODS_Synth_One_Shots/GS_ODS_Synth_Pad_F_01.wav,garage_dubstep,oneshot,GS_ODS_Synth_One_Shots
SMALL_SAMPLES/garage_dubstep-Ghost Syndicate - Odyssey ΓÇô Deep Dubstep & Future Garage Sample Pack/GS_ODS_Synth_One_Shots/GS_ODS_Synth_Piano_C_03.wav,garage_dubstep,oneshot,GS_ODS_Synth_One_Shots
SMALL_SAMPLES/garage_dubstep-Ghost Syndicate - Odyssey ΓÇô Deep Dubstep & Future Garage Sample Pack/GS_ODS_Synth_One_Shots/GS_ODS_Synth_Piano_A#_02.wav,garage_dubstep,oneshot,GS_ODS_Synth_One_Shots
SMALL_SAMPLES/garage_dubstep-Ghost Syndicate - Odyssey ΓÇô Deep Dubstep & Future Garage Sample Pack/GS_ODS_Synth_One_Shots/GS_ODS_Synth_Key_D_02.wav,garage_dubstep,oneshot,GS_ODS_Synth_One_Shots
SMALL_SAMPLES/garage_dubstep-Ghost Syndicate - Odyssey ΓÇô Deep Dubstep & Future Garage Sample Pack/GS_ODS_Synth_One_Shots/GS_ODS_Synth_Pad_Fm_02.wav,garage_dubstep,oneshot,GS_ODS_Synth_One_Shots
SMALL_SAMPLES/garage_dubstep-Ghost Syndicate - Odyssey ΓÇô Deep Dubstep & Future Garage Sample Pack/GS_ODS_Synth_One_Shots/GS_ODS_Synth_Pad_C#.wav,garage_dubstep,oneshot,GS_ODS_Synth_One_Shots
SMALL_SAMPLES/garage_dubstep-Ghost Syndicate - Odyssey ΓÇô Deep Dubstep & Future Garage Sample Pack/GS_ODS_Synth_One_Shots/GS_ODS_Synth_Arp_Fm.wav,garage_dubstep,oneshot,GS_ODS_Synth_One_Shots
SMALL_SAMPLES/garage_dubstep-Ghost Syndicate - Odyssey ΓÇô Deep Dubstep & Future Garage Sample Pack/GS_ODS_Synth_One_Shots/GS_ODS_Synth_Key_D_01.wav,garage_dubstep,oneshot,GS_ODS_Synth_One_Shots
SMALL_SAMPLES/garage_dubstep-Ghost Syndicate - Odyssey ΓÇô Deep Dubstep & Future Garage Sample Pack/GS_ODS_Synth_One_Shots/GS_ODS_Synth_Pad_Fm_01.wav,garage_dubstep,oneshot,GS_ODS_Synth_One_Shots
SMALL_SAMPLES/garage_dubstep-Ghost Syndicate - Odyssey ΓÇô Deep Dubstep & Future Garage Sample Pack/GS_ODS_Snare_One_Shots/GS_CNFD_Snare_08.wav,garage_dubstep,oneshot,GS_ODS_Snare_One_Shots
SMALL_SAMPLES/garage_dubstep-Ghost Syndicate - Odyssey ΓÇô Deep Dubstep & Future Garage Sample Pack/GS_ODS_Snare_One_Shots/GS_CNFD_Snare_09.wav,garage_dubstep,oneshot,GS_ODS_Snare_One_Shots
SMALL_SAMPLES/garage_dubstep-Ghost Syndicate - Odyssey ΓÇô Deep Dubstep & Future Garage Sample Pack/GS_ODS_Snare_One_Shots/GS_CNFD_Snare_18.wav,garage_dubstep,oneshot,GS_ODS_Snare_One_Shots
SMALL_SAMPLES/garage_dubstep-Ghost Syndicate - Odyssey ΓÇô Deep Dubstep & Future Garage Sample Pack/GS_ODS_Snare_One_Shots/GS_CNFD_Snare_01.wav,garage_dubstep,oneshot,GS_ODS_Snare_One_Shots
SMALL_SAMPLES/garage_dubstep-Ghost Syndicate - Odyssey ΓÇô Deep Dubstep & Future Garage Sample Pack/GS_ODS_Snare_One_Shots/GS_CNFD_Snare_15.wav,garage_dubstep,oneshot,GS_ODS_Snare_One_Shots
SMALL_SAMPLES/garage_dubstep-Ghost Syndicate - Odyssey ΓÇô Deep Dubstep & Future Garage Sample Pack/GS_ODS_Snare_One_Shots/GS_CNFD_Clap_01.wav,garage_dubstep,oneshot,GS_ODS_Snare_One_Shots
SMALL_SAMPLES/garage_dubstep-Ghost Syndicate - Odyssey ΓÇô Deep Dubstep & Future Garage Sample Pack/GS_ODS_Snare_One_Shots/GS_CNFD_Snare_14.wav,garage_dubstep,oneshot,GS_ODS_Snare_One_Shots
SMALL_SAMPLES/garage_dubstep-Ghost Syndicate - Odyssey ΓÇô Deep Dubstep & Future Garage Sample Pack/GS_ODS_Snare_One_Shots/GS_CNFD_Snare_16.wav,garage_dubstep,oneshot,GS_ODS_Snare_One_Shots
SMALL_SAMPLES/garage_dubstep-Ghost Syndicate - Odyssey ΓÇô Deep Dubstep & Future Garage Sample Pack/GS_ODS_Snare_One_Shots/GS_CNFD_Snare_02.wav,garage_dubstep,oneshot,GS_ODS_Snare_One_Shots
SMALL_SAMPLES/garage_dubstep-Ghost Syndicate - Odyssey ΓÇô Deep Dubstep & Future Garage Sample Pack/GS_ODS_Snare_One_Shots/GS_CNFD_Clap_02.wav,garage_dubstep,oneshot,GS_ODS_Snare_One_Shots
SMALL_SAMPLES/garage_dubstep-Ghost Syndicate - Odyssey ΓÇô Deep Dubstep & Future Garage Sample Pack/GS_ODS_Snare_One_Shots/GS_CNFD_Snare_03.wav,garage_dubstep,oneshot,GS_ODS_Snare_One_Shots
SMALL_SAMPLES/garage_dubstep-Ghost Syndicate - Odyssey ΓÇô Deep Dubstep & Future Garage Sample Pack/GS_ODS_Snare_One_Shots/GS_CNFD_Snare_17.wav,garage_dubstep,oneshot,GS_ODS_Snare_One_Shots
SMALL_SAMPLES/garage_dubstep-Ghost Syndicate - Odyssey ΓÇô Deep Dubstep & Future Garage Sample Pack/GS_ODS_Snare_One_Shots/GS_CNFD_Snare_13.wav,garage_dubstep,oneshot,GS_ODS_Snare_One_Shots
SMALL_SAMPLES/garage_dubstep-Ghost Syndicate - Odyssey ΓÇô Deep Dubstep & Future Garage Sample Pack/GS_ODS_Snare_One_Shots/GS_CNFD_Snare_07.wav,garage_dubstep,oneshot,GS_ODS_Snare_One_Shots
SMALL_SAMPLES/garage_dubstep-Ghost Syndicate - Odyssey ΓÇô Deep Dubstep & Future Garage Sample Pack/GS_ODS_Snare_One_Shots/GS_CNFD_Snare_06.wav,garage_dubstep,oneshot,GS_ODS_Snare_One_Shots
SMALL_SAMPLES/garage_dubstep-Ghost Syndicate - Odyssey ΓÇô Deep Dubstep & Future Garage Sample Pack/GS_ODS_Snare_One_Shots/GS_CNFD_Snare_12.wav,garage_dubstep,oneshot,GS_ODS_Snare_One_Shots
SMALL_SAMPLES/garage_dubstep-Ghost Syndicate - Odyssey ΓÇô Deep Dubstep & Future Garage Sample Pack/GS_ODS_Snare_One_Shots/GS_CNFD_Snare_04.wav,garage_dubstep,oneshot,GS_ODS_Snare_One_Shots
SMALL_SAMPLES/garage_dubstep-Ghost Syndicate - Odyssey ΓÇô Deep Dubstep & Future Garage Sample Pack/GS_ODS_Snare_One_Shots/GS_CNFD_Snare_10.wav,garage_dubstep,oneshot,GS_ODS_Snare_One_Shots
SMALL_SAMPLES/garage_dubstep-Ghost Syndicate - Odyssey ΓÇô Deep Dubstep & Future Garage Sample Pack/GS_ODS_Snare_One_Shots/GS_CNFD_Snare_11.wav,garage_dubstep,oneshot,GS_ODS_Snare_One_Shots
SMALL_SAMPLES/garage_dubstep-Ghost Syndicate - Odyssey ΓÇô Deep Dubstep & Future Garage Sample Pack/GS_ODS_Snare_One_Shots/GS_CNFD_Snare_05.wav,garage_dubstep,oneshot,GS_ODS_Snare_One_Shots
SMALL_SAMPLES/garage_dubstep-Ghost Syndicate - Odyssey ΓÇô Deep Dubstep & Future Garage Sample Pack/GS_ODS_Synth_Loops/GS_ODS_140_G#m_Synth_Pad.wav,garage_dubstep,loop,GS_ODS_Synth_Loops
SMALL_SAMPLES/garage_dubstep-Ghost Syndicate - Odyssey ΓÇô Deep Dubstep & Future Garage Sample Pack/GS_ODS_Synth_Loops/GS_ODS_140_G#_Synth_Pad_V1.wav,garage_dubstep,loop,GS_ODS_Synth_Loops
SMALL_SAMPLES/garage_dubstep-Ghost Syndicate - Odyssey ΓÇô Deep Dubstep & Future Garage Sample Pack/GS_ODS_Synth_Loops/GS_ODS_145_G#m_Synth_Arp_V2.wav,garage_dubstep,loop,GS_ODS_Synth_Loops
SMALL_SAMPLES/garage_dubstep-Ghost Syndicate - Odyssey ΓÇô Deep Dubstep & Future Garage Sample Pack/GS_ODS_Synth_Loops/GS_ODS_140_G#_Synth_Pad_V2.wav,garage_dubstep,loop,GS_ODS_Synth_Loops
SMALL_SAMPLES/garage_dubstep-Ghost Syndicate - Odyssey ΓÇô Deep Dubstep & Future Garage Sample Pack/GS_ODS_Synth_Loops/GS_ODS_145_G#m_Synth_Pad.wav,garage_dubstep,loop,GS_ODS_Synth_Loops
SMALL_SAMPLES/garage_dubstep-Ghost Syndicate - Odyssey ΓÇô Deep Dubstep & Future Garage Sample Pack/GS_ODS_Synth_Loops/GS_ODS_145_G#m_Synth_Arp_V1.wav,garage_dubstep,loop,GS_ODS_Synth_Loops
SMALL_SAMPLES/garage_dubstep-Ghost Syndicate - Odyssey ΓÇô Deep Dubstep & Future Garage Sample Pack/GS_ODS_Synth_Loops/GS_ODS_138_Dm_Synth_Arp_V2.wav,garage_dubstep,loop,GS_ODS_Synth_Loops
SMALL_SAMPLES/garage_dubstep-Ghost Syndicate - Odyssey ΓÇô Deep Dubstep & Future Garage Sample Pack/GS_ODS_Synth_Loops/GS_ODS_138_Dm_Synth_Arp_V1.wav,garage_dubstep,loop,GS_ODS_Synth_Loops
SMALL_SAMPLES/garage_dubstep-Ghost Syndicate - Odyssey ΓÇô Deep Dubstep & Future Garage Sample Pack/GS_ODS_Synth_Loops/GS_ODS_140_Fm_Synth_Pad_02.wav,garage_dubstep,loop,GS_ODS_Synth_Loops
SMALL_SAMPLES/garage_dubstep-Ghost Syndicate - Odyssey ΓÇô Deep Dubstep & Future Garage Sample Pack/GS_ODS_Synth_Loops/GS_ODS_140_E_Synth_Pad_V1.wav,garage_dubstep,loop,GS_ODS_Synth_Loops
SMALL_SAMPLES/garage_dubstep-Ghost Syndicate - Odyssey ΓÇô Deep Dubstep & Future Garage Sample Pack/GS_ODS_Synth_Loops/GS_ODS_140_Fm_Synth_Lead.wav,garage_dubstep,loop,GS_ODS_Synth_Loops
SMALL_SAMPLES/garage_dubstep-Ghost Syndicate - Odyssey ΓÇô Deep Dubstep & Future Garage Sample Pack/GS_ODS_Synth_Loops/GS_ODS_140_G#m_Synth_Strings.wav,garage_dubstep,loop,GS_ODS_Synth_Loops
SMALL_SAMPLES/garage_dubstep-Ghost Syndicate - Odyssey ΓÇô Deep Dubstep & Future Garage Sample Pack/GS_ODS_Synth_Loops/GS_ODS_140_Fm_Synth_Arp.wav,garage_dubstep,loop,GS_ODS_Synth_Loops
SMALL_SAMPLES/garage_dubstep-Ghost Syndicate - Odyssey ΓÇô Deep Dubstep & Future Garage Sample Pack/GS_ODS_Synth_Loops/GS_ODS_140_G#_Synth_Arp.wav,garage_dubstep,loop,GS_ODS_Synth_Loops
SMALL_SAMPLES/garage_dubstep-Ghost Syndicate - Odyssey ΓÇô Deep Dubstep & Future Garage Sample Pack/GS_ODS_Synth_Loops/GS_ODS_140_C#m_Synth_Lead_V1.wav,garage_dubstep,loop,GS_ODS_Synth_Loops
SMALL_SAMPLES/garage_dubstep-Ghost Syndicate - Odyssey ΓÇô Deep Dubstep & Future Garage Sample Pack/GS_ODS_Synth_Loops/GS_ODS_140_C#m_Synth_Lead_V2.wav,garage_dubstep,loop,GS_ODS_Synth_Loops
SMALL_SAMPLES/garage_dubstep-Ghost Syndicate - Odyssey ΓÇô Deep Dubstep & Future Garage Sample Pack/GS_ODS_Synth_Loops/GS_ODS_140_A#m_Synth_Lead.wav,garage_dubstep,loop,GS_ODS_Synth_Loops
SMALL_SAMPLES/garage_dubstep-Ghost Syndicate - Odyssey ΓÇô Deep Dubstep & Future Garage Sample Pack/GS_ODS_Synth_Loops/GS_ODS_137_G#m_Synth_Strings.wav,garage_dubstep,loop,GS_ODS_Synth_Loops
SMALL_SAMPLES/garage_dubstep-Ghost Syndicate - Odyssey ΓÇô Deep Dubstep & Future Garage Sample Pack/GS_ODS_Synth_Loops/GS_ODS_140_Gm_Synth_Arp_V1.wav,garage_dubstep,loop,GS_ODS_Synth_Loops
SMALL_SAMPLES/garage_dubstep-Ghost Syndicate - Odyssey ΓÇô Deep Dubstep & Future Garage Sample Pack/GS_ODS_Synth_Loops/GS_ODS_140_Em_Synth_Pad_V2.wav,garage_dubstep,loop,GS_ODS_Synth_Loops
SMALL_SAMPLES/garage_dubstep-Ghost Syndicate - Odyssey ΓÇô Deep Dubstep & Future Garage Sample Pack/GS_ODS_Synth_Loops/GS_ODS_145_Dm_Synth_Pad_V2.wav,garage_dubstep,loop,GS_ODS_Synth_Loops
SMALL_SAMPLES/garage_dubstep-Ghost Syndicate - Odyssey ΓÇô Deep Dubstep & Future Garage Sample Pack/GS_ODS_Synth_Loops/GS_ODS_141_C#m_Synth_Pad.wav,garage_dubstep,loop,GS_ODS_Synth_Loops
SMALL_SAMPLES/garage_dubstep-Ghost Syndicate - Odyssey ΓÇô Deep Dubstep & Future Garage Sample Pack/GS_ODS_Synth_Loops/GS_ODS_140_Gm_Synth_Arp_V2.wav,garage_dubstep,loop,GS_ODS_Synth_Loops
SMALL_SAMPLES/garage_dubstep-Ghost Syndicate - Odyssey ΓÇô Deep Dubstep & Future Garage Sample Pack/GS_ODS_Synth_Loops/GS_ODS_140_Em_Synth_Pad_V1.wav,garage_dubstep,loop,GS_ODS_Synth_Loops
SMALL_SAMPLES/garage_dubstep-Ghost Syndicate - Odyssey ΓÇô Deep Dubstep & Future Garage Sample Pack/GS_ODS_Synth_Loops/GS_ODS_145_Dm_Synth_Pad_V1.wav,garage_dubstep,loop,GS_ODS_Synth_Loops
SMALL_SAMPLES/garage_dubstep-Ghost Syndicate - Odyssey ΓÇô Deep Dubstep & Future Garage Sample Pack/GS_ODS_Synth_Loops/GS_ODS_140_Fm_Synth_Pad_01_V1.wav,garage_dubstep,loop,GS_ODS_Synth_Loops
SMALL_SAMPLES/garage_dubstep-Ghost Syndicate - Odyssey ΓÇô Deep Dubstep & Future Garage Sample Pack/GS_ODS_Synth_Loops/GS_ODS_137_G#m_Synth_Pad.wav,garage_dubstep,loop,GS_ODS_Synth_Loops
SMALL_SAMPLES/garage_dubstep-Ghost Syndicate - Odyssey ΓÇô Deep Dubstep & Future Garage Sample Pack/GS_ODS_Synth_Loops/GS_ODS_140_Fm_Synth_Pad_01_V2.wav,garage_dubstep,loop,GS_ODS_Synth_Loops
SMALL_SAMPLES/garage_dubstep-Ghost Syndicate - Odyssey ΓÇô Deep Dubstep & Future Garage Sample Pack/GS_ODS_Synth_Loops/GS_ODS_140_Fm_Synth_Keys .wav,garage_dubstep,loop,GS_ODS_Synth_Loops
SMALL_SAMPLES/garage_dubstep-Ghost Syndicate - Odyssey ΓÇô Deep Dubstep & Future Garage Sample Pack/GS_ODS_Synth_Loops/GS_ODS_138_Dm_Synth_Piano_V2.wav,garage_dubstep,loop,GS_ODS_Synth_Loops
SMALL_SAMPLES/garage_dubstep-Ghost Syndicate - Odyssey ΓÇô Deep Dubstep & Future Garage Sample Pack/GS_ODS_Synth_Loops/GS_ODS_141_C#m_Synth_Lead.wav,garage_dubstep,loop,GS_ODS_Synth_Loops
SMALL_SAMPLES/garage_dubstep-Ghost Syndicate - Odyssey ΓÇô Deep Dubstep & Future Garage Sample Pack/GS_ODS_Synth_Loops/GS_ODS_140_Gm_Synth_Pad_V2.wav,garage_dubstep,loop,GS_ODS_Synth_Loops
SMALL_SAMPLES/garage_dubstep-Ghost Syndicate - Odyssey ΓÇô Deep Dubstep & Future Garage Sample Pack/GS_ODS_Synth_Loops/GS_ODS_140_G#m_Synth_Pluck_V1.wav,garage_dubstep,loop,GS_ODS_Synth_Loops
SMALL_SAMPLES/garage_dubstep-Ghost Syndicate - Odyssey ΓÇô Deep Dubstep & Future Garage Sample Pack/GS_ODS_Synth_Loops/GS_ODS_140_Em_Synth_Pluck.wav,garage_dubstep,loop,GS_ODS_Synth_Loops
SMALL_SAMPLES/garage_dubstep-Ghost Syndicate - Odyssey ΓÇô Deep Dubstep & Future Garage Sample Pack/GS_ODS_Synth_Loops/GS_ODS_138_Dm_Synth_Piano_V1.wav,garage_dubstep,loop,GS_ODS_Synth_Loops
SMALL_SAMPLES/garage_dubstep-Ghost Syndicate - Odyssey ΓÇô Deep Dubstep & Future Garage Sample Pack/GS_ODS_Synth_Loops/GS_ODS_138_Dm_Synth_Pad.wav,garage_dubstep,loop,GS_ODS_Synth_Loops
SMALL_SAMPLES/garage_dubstep-Ghost Syndicate - Odyssey ΓÇô Deep Dubstep & Future Garage Sample Pack/GS_ODS_Synth_Loops/GS_ODS_140_Gm_Synth_Pad_V1.wav,garage_dubstep,loop,GS_ODS_Synth_Loops
SMALL_SAMPLES/garage_dubstep-Ghost Syndicate - Odyssey ΓÇô Deep Dubstep & Future Garage Sample Pack/GS_ODS_Synth_Loops/GS_ODS_140_G#m_Synth_Pluck_V2.wav,garage_dubstep,loop,GS_ODS_Synth_Loops
SMALL_SAMPLES/garage_dubstep-Ghost Syndicate - Odyssey ΓÇô Deep Dubstep & Future Garage Sample Pack/GS_ODS_Open_Hat_One_Shots/GS_ODS_OpenHat_01.wav,garage_dubstep,oneshot,GS_ODS_Open_Hat_One_Shots
SMALL_SAMPLES/garage_dubstep-Ghost Syndicate - Odyssey ΓÇô Deep Dubstep & Future Garage Sample Pack/GS_ODS_Open_Hat_One_Shots/GS_ODS_OpenHat_02.wav,garage_dubstep,oneshot,GS_ODS_Open_Hat_One_Shots
SMALL_SAMPLES/garage_dubstep-Ghost Syndicate - Odyssey ΓÇô Deep Dubstep & Future Garage Sample Pack/GS_ODS_Open_Hat_One_Shots/GS_ODS_OpenHat_03.wav,garage_dubstep,oneshot,GS_ODS_Open_Hat_One_Shots
SMALL_SAMPLES/garage_dubstep-Ghost Syndicate - Odyssey ΓÇô Deep Dubstep & Future Garage Sample Pack/GS_ODS_Open_Hat_One_Shots/GS_ODS_OpenHat_07.wav,garage_dubstep,oneshot,GS_ODS_Open_Hat_One_Shots
SMALL_SAMPLES/garage_dubstep-Ghost Syndicate - Odyssey ΓÇô Deep Dubstep & Future Garage Sample Pack/GS_ODS_Open_Hat_One_Shots/GS_ODS_OpenHat_06.wav,garage_dubstep,oneshot,GS_ODS_Open_Hat_One_Shots
SMALL_SAMPLES/garage_dubstep-Ghost Syndicate - Odyssey ΓÇô Deep Dubstep & Future Garage Sample Pack/GS_ODS_Open_Hat_One_Shots/GS_ODS_OpenHat_10.wav,garage_dubstep,oneshot,GS_ODS_Open_Hat_One_Shots
SMALL_SAMPLES/garage_dubstep-Ghost Syndicate - Odyssey ΓÇô Deep Dubstep & Future Garage Sample Pack/GS_ODS_Open_Hat_One_Shots/GS_ODS_OpenHat_04.wav,garage_dubstep,oneshot,GS_ODS_Open_Hat_One_Shots
SMALL_SAMPLES/garage_dubstep-Ghost Syndicate - Odyssey ΓÇô Deep Dubstep & Future Garage Sample Pack/GS_ODS_Open_Hat_One_Shots/GS_ODS_OpenHat_05.wav,garage_dubstep,oneshot,GS_ODS_Open_Hat_One_Shots
SMALL_SAMPLES/garage_dubstep-Ghost Syndicate - Odyssey ΓÇô Deep Dubstep & Future Garage Sample Pack/GS_ODS_Open_Hat_One_Shots/GS_ODS_OpenHat_08.wav,garage_dubstep,oneshot,GS_ODS_Open_Hat_One_Shots
SMALL_SAMPLES/garage_dubstep-Ghost Syndicate - Odyssey ΓÇô Deep Dubstep & Future Garage Sample Pack/GS_ODS_Open_Hat_One_Shots/GS_ODS_OpenHat_09.wav,garage_dubstep,oneshot,GS_ODS_Open_Hat_One_Shots
SMALL_SAMPLES/garage_dubstep-Ghost Syndicate - Odyssey ΓÇô Deep Dubstep & Future Garage Sample Pack/GS_ODS_Percussion_One_Shots/GS_ODS_Perc_Foley_07.wav,garage_dubstep,oneshot,GS_ODS_Percussion_One_Shots
SMALL_SAMPLES/garage_dubstep-Ghost Syndicate - Odyssey ΓÇô Deep Dubstep & Future Garage Sample Pack/GS_ODS_Percussion_One_Shots/GS_ODS_Perc_01.wav,garage_dubstep,oneshot,GS_ODS_Percussion_One_Shots
SMALL_SAMPLES/garage_dubstep-Ghost Syndicate - Odyssey ΓÇô Deep Dubstep & Future Garage Sample Pack/GS_ODS_Percussion_One_Shots/GS_ODS_Perc_Foley_06.wav,garage_dubstep,oneshot,GS_ODS_Percussion_One_Shots
SMALL_SAMPLES/garage_dubstep-Ghost Syndicate - Odyssey ΓÇô Deep Dubstep & Future Garage Sample Pack/GS_ODS_Percussion_One_Shots/GS_ODS_Perc_Foley_04.wav,garage_dubstep,oneshot,GS_ODS_Percussion_One_Shots
SMALL_SAMPLES/garage_dubstep-Ghost Syndicate - Odyssey ΓÇô Deep Dubstep & Future Garage Sample Pack/GS_ODS_Percussion_One_Shots/GS_ODS_Perc_02.wav,garage_dubstep,oneshot,GS_ODS_Percussion_One_Shots
SMALL_SAMPLES/garage_dubstep-Ghost Syndicate - Odyssey ΓÇô Deep Dubstep & Future Garage Sample Pack/GS_ODS_Percussion_One_Shots/GS_ODS_Perc_03.wav,garage_dubstep,oneshot,GS_ODS_Percussion_One_Shots
SMALL_SAMPLES/garage_dubstep-Ghost Syndicate - Odyssey ΓÇô Deep Dubstep & Future Garage Sample Pack/GS_ODS_Percussion_One_Shots/GS_ODS_Perc_Foley_05.wav,garage_dubstep,oneshot,GS_ODS_Percussion_One_Shots
SMALL_SAMPLES/garage_dubstep-Ghost Syndicate - Odyssey ΓÇô Deep Dubstep & Future Garage Sample Pack/GS_ODS_Percussion_One_Shots/GS_ODS_Perc_Foley_01.wav,garage_dubstep,oneshot,GS_ODS_Percussion_One_Shots
SMALL_SAMPLES/garage_dubstep-Ghost Syndicate - Odyssey ΓÇô Deep Dubstep & Future Garage Sample Pack/GS_ODS_Percussion_One_Shots/GS_ODS_Perc_07.wav,garage_dubstep,oneshot,GS_ODS_Percussion_One_Shots
SMALL_SAMPLES/garage_dubstep-Ghost Syndicate - Odyssey ΓÇô Deep Dubstep & Future Garage Sample Pack/GS_ODS_Percussion_One_Shots/GS_ODS_Perc_06.wav,garage_dubstep,oneshot,GS_ODS_Percussion_One_Shots
SMALL_SAMPLES/garage_dubstep-Ghost Syndicate - Odyssey ΓÇô Deep Dubstep & Future Garage Sample Pack/GS_ODS_Percussion_One_Shots/GS_ODS_Perc_Foley_02.wav,garage_dubstep,oneshot,GS_ODS_Percussion_One_Shots
SMALL_SAMPLES/garage_dubstep-Ghost Syndicate - Odyssey ΓÇô Deep Dubstep & Future Garage Sample Pack/GS_ODS_Percussion_One_Shots/GS_ODS_Perc_04.wav,garage_dubstep,oneshot,GS_ODS_Percussion_One_Shots
SMALL_SAMPLES/garage_dubstep-Ghost Syndicate - Odyssey ΓÇô Deep Dubstep & Future Garage Sample Pack/GS_ODS_Percussion_One_Shots/GS_ODS_Perc_10.wav,garage_dubstep,oneshot,GS_ODS_Percussion_One_Shots
SMALL_SAMPLES/garage_dubstep-Ghost Syndicate - Odyssey ΓÇô Deep Dubstep & Future Garage Sample Pack/GS_ODS_Percussion_One_Shots/GS_ODS_Perc_11.wav,garage_dubstep,oneshot,GS_ODS_Percussion_One_Shots
SMALL_SAMPLES/garage_dubstep-Ghost Syndicate - Odyssey ΓÇô Deep Dubstep & Future Garage Sample Pack/GS_ODS_Percussion_One_Shots/GS_ODS_Perc_05.wav,garage_dubstep,oneshot,GS_ODS_Percussion_One_Shots
SMALL_SAMPLES/garage_dubstep-Ghost Syndicate - Odyssey ΓÇô Deep Dubstep & Future Garage Sample Pack/GS_ODS_Percussion_One_Shots/GS_ODS_Perc_Foley_03.wav,garage_dubstep,oneshot,GS_ODS_Percussion_One_Shots
SMALL_SAMPLES/garage_dubstep-Ghost Syndicate - Odyssey ΓÇô Deep Dubstep & Future Garage Sample Pack/GS_ODS_Percussion_One_Shots/GS_ODS_Perc_08.wav,garage_dubstep,oneshot,GS_ODS_Percussion_One_Shots
SMALL_SAMPLES/garage_dubstep-Ghost Syndicate - Odyssey ΓÇô Deep Dubstep & Future Garage Sample Pack/GS_ODS_Percussion_One_Shots/GS_ODS_Perc_09.wav,garage_dubstep,oneshot,GS_ODS_Percussion_One_Shots
SMALL_SAMPLES/house_Sample Market - Originals Sidney Charles/Textures/SM_SC_130_Texture_19.wav,house,other,Textures
SMALL_SAMPLES/house_Sample Market - Originals Sidney Charles/Textures/SM_SC_128_Texture_18.wav,house,other,Textures
SMALL_SAMPLES/house_Sample Market - Originals Sidney Charles/Textures/SM_SC_128_Texture_09.wav,house,other,Textures
SMALL_SAMPLES/house_Sample Market - Originals Sidney Charles/Textures/SM_SC_128_Texture_08.wav,house,other,Textures
SMALL_SAMPLES/house_Sample Market - Originals Sidney Charles/Textures/SM_SC_127_Texture_08.wav,house,other,Textures
SMALL_SAMPLES/house_Sample Market - Originals Sidney Charles/Textures/SM_SC_128_Texture_12.wav,house,other,Textures
SMALL_SAMPLES/house_Sample Market - Originals Sidney Charles/Textures/SM_SC_128_Texture_13.wav,house,other,Textures
SMALL_SAMPLES/house_Sample Market - Originals Sidney Charles/Textures/SM_SC_127_Texture_07.wav,house,other,Textures
SMALL_SAMPLES/house_Sample Market - Originals Sidney Charles/Textures/SM_SC_128_Texture_11.wav,house,other,Textures
SMALL_SAMPLES/house_Sample Market - Originals Sidney Charles/Textures/SM_SC_120_Texture_04.wav,house,other,Textures
SMALL_SAMPLES/house_Sample Market - Originals Sidney Charles/Textures/SM_SC_128_Texture_10.wav,house,other,Textures
SMALL_SAMPLES/house_Sample Market - Originals Sidney Charles/Textures/SM_SC_127_Texture_06.wav,house,other,Textures
SMALL_SAMPLES/house_Sample Market - Originals Sidney Charles/Textures/SM_SC_120_Texture_01.wav,house,other,Textures
SMALL_SAMPLES/house_Sample Market - Originals Sidney Charles/Textures/SM_SC_128_Texture_15.wav,house,other,Textures
SMALL_SAMPLES/house_Sample Market - Originals Sidney Charles/Textures/SM_SC_128_Texture_17.wav,house,other,Textures
SMALL_SAMPLES/house_Sample Market - Originals Sidney Charles/Textures/SM_SC_120_Texture_02.wav,house,other,Textures
SMALL_SAMPLES/house_Sample Market - Originals Sidney Charles/Textures/SM_SC_128_Texture_16.wav,house,other,Textures
SMALL_SAMPLES/house_Sample Market - Originals Sidney Charles/Textures/SM_SC_120_Texture_03.wav,house,other,Textures
SMALL_SAMPLES/house_Sample Market - Originals Sidney Charles/Textures/SM_SC_125_Texture_05.wav,house,other,Textures
SMALL_SAMPLES/house_Sample Market - Originals Sidney Charles/SFX/SM_SC_127_FX_09.wav,house,other,SFX
SMALL_SAMPLES/house_Sample Market - Originals Sidney Charles/SFX/SM_SC_128_FX_11.wav,house,other,SFX
SMALL_SAMPLES/house_Sample Market - Originals Sidney Charles/SFX/SM_SC_125_FX_06.wav,house,other,SFX
SMALL_SAMPLES/house_Sample Market - Originals Sidney Charles/SFX/SM_SC_128_FX_13.wav,house,other,SFX
SMALL_SAMPLES/house_Sample Market - Originals Sidney Charles/SFX/SM_SC_128_FX_12.wav,house,other,SFX
SMALL_SAMPLES/house_Sample Market - Originals Sidney Charles/SFX/SM_SC_128_FX_16.wav,house,other,SFX
SMALL_SAMPLES/house_Sample Market - Originals Sidney Charles/SFX/SM_SC_128_FX_17.wav,house,other,SFX
SMALL_SAMPLES/house_Sample Market - Originals Sidney Charles/SFX/SM_SC_126_FX_08.wav,house,other,SFX
SMALL_SAMPLES/house_Sample Market - Originals Sidney Charles/SFX/SM_SC_128_FX_15.wav,house,other,SFX
SMALL_SAMPLES/house_Sample Market - Originals Sidney Charles/SFX/SM_SC_128_FX_14.wav,house,other,SFX
SMALL_SAMPLES/house_Sample Market - Originals Sidney Charles/SFX/SM_SC_128_FX_19.wav,house,other,SFX
SMALL_SAMPLES/house_Sample Market - Originals Sidney Charles/SFX/SM_SC_120_FX_01.wav,house,other,SFX
SMALL_SAMPLES/house_Sample Market - Originals Sidney Charles/SFX/SM_SC_128_FX_18.wav,house,other,SFX
SMALL_SAMPLES/house_Sample Market - Originals Sidney Charles/SFX/SM_SC_126_FX_07.wav,house,other,SFX
SMALL_SAMPLES/house_Sample Market - Originals Sidney Charles/SFX/SM_SC_120_FX_02.wav,house,other,SFX
SMALL_SAMPLES/house_Sample Market - Originals Sidney Charles/SFX/SM_SC_120_FX_03.wav,house,other,SFX
SMALL_SAMPLES/house_Sample Market - Originals Sidney Charles/SFX/SM_SC_128_FX_20.wav,house,other,SFX
SMALL_SAMPLES/house_Sample Market - Originals Sidney Charles/SFX/SM_SC_120_FX_04.wav,house,other,SFX
SMALL_SAMPLES/house_Sample Market - Originals Sidney Charles/SFX/SM_SC_120_FX_05.wav,house,other,SFX
SMALL_SAMPLES/house_Sample Market - Originals Sidney Charles/SFX/SM_SC_128_FX_21.wav,house,other,SFX
SMALL_SAMPLES/house_Sample Market - Originals Sidney Charles/SFX/SM_SC_127_FX_10.wav,house,other,SFX
SMALL_SAMPLES/house_Sample Market - Originals Sidney Charles/Pads/SM_SC_128_Cm_Lyft_Pad.wav,house,other,Pads
SMALL_SAMPLES/house_Sample Market - Originals Sidney Charles/Pads/SM_SC_127_Gm_Padrick_Pad.wav,house,other,Pads
SMALL_SAMPLES/house_Sample Market - Originals Sidney Charles/Pads/SM_SC_127_Cmaj_Phunrise_Pad.wav,house,other,Pads
SMALL_SAMPLES/house_Sample Market - Originals Sidney Charles/Pads/SM_SC_123_Fm_Motion_Pad.wav,house,other,Pads
SMALL_SAMPLES/house_Sample Market - Originals Sidney Charles/Pads/SM_SC_128_F#_Emo_Pad.wav,house,other,Pads
SMALL_SAMPLES/house_Sample Market - Originals Sidney Charles/Pads/SM_SC_129_Am_Step_Pad.wav,house,other,Pads
SMALL_SAMPLES/house_Sample Market - Originals Sidney Charles/Pads/SM_SC_128_Gm_Meditate_Pad.wav,house,other,Pads
SMALL_SAMPLES/house_Sample Market - Originals Sidney Charles/Pads/SM_SC_126_Fm_Sneaky_Pad.wav,house,other,Pads
SMALL_SAMPLES/house_Sample Market - Originals Sidney Charles/Pads/SM_SC_127_Em_Rise_Pad.wav,house,other,Pads
SMALL_SAMPLES/house_Sample Market - Originals Sidney Charles/Pads/SM_SC_128_Gm_Ghosttown_Pad.wav,house,other,Pads
SMALL_SAMPLES/house_Sample Market - Originals Sidney Charles/Pads/SM_SC_128_Gm_Trust_Pad.wav,house,other,Pads
SMALL_SAMPLES/house_Sample Market - Originals Sidney Charles/Pads/SM_SC_127_Am_Flipper_Pad.wav,house,other,Pads
SMALL_SAMPLES/house_Sample Market - Originals Sidney Charles/Synth & Music Loops/SM_SC_128_Gm_Bassism_Synth.wav,house,loop,Synth & Music Loops
SMALL_SAMPLES/house_Sample Market - Originals Sidney Charles/Synth & Music Loops/SM_SC_127_Cm_Ipanema_Synth.wav,house,loop,Synth & Music Loops
SMALL_SAMPLES/house_Sample Market - Originals Sidney Charles/Synth & Music Loops/SM_SC_128_Gm_Temper_Synth.wav,house,loop,Synth & Music Loops
SMALL_SAMPLES/house_Sample Market - Originals Sidney Charles/Synth & Music Loops/SM_SC_129_Am_Step_Synth.wav,house,loop,Synth & Music Loops
SMALL_SAMPLES/house_Sample Market - Originals Sidney Charles/Synth & Music Loops/SM_SC_128_F#_Stubby_Synth.wav,house,loop,Synth & Music Loops
SMALL_SAMPLES/house_Sample Market - Originals Sidney Charles/Synth & Music Loops/SM_SC_129_Am_Starp_Synth.wav,house,loop,Synth & Music Loops
SMALL_SAMPLES/house_Sample Market - Originals Sidney Charles/Synth & Music Loops/SM_SC_128_F#_Kidd_Synth.wav,house,loop,Synth & Music Loops
SMALL_SAMPLES/house_Sample Market - Originals Sidney Charles/Synth & Music Loops/SM_SC_127_Em_Expo_Synth.wav,house,loop,Synth & Music Loops
SMALL_SAMPLES/house_Sample Market - Originals Sidney Charles/Synth & Music Loops/SM_SC_128_Gm_Hecta_Synth.wav,house,loop,Synth & Music Loops
SMALL_SAMPLES/house_Sample Market - Originals Sidney Charles/Synth & Music Loops/SM_SC_126_Fm_Talim_Synth.wav,house,loop,Synth & Music Loops
SMALL_SAMPLES/house_Sample Market - Originals Sidney Charles/Synth & Music Loops/SM_SC_128_Am_Chordola_Synth.wav,house,loop,Synth & Music Loops
SMALL_SAMPLES/house_Sample Market - Originals Sidney Charles/Synth & Music Loops/SM_SC_126_Cm_Taurus_Synth.wav,house,loop,Synth & Music Loops
SMALL_SAMPLES/house_Sample Market - Originals Sidney Charles/Synth & Music Loops/SM_SC_128_Gm_Universal_Synth.wav,house,loop,Synth & Music Loops
SMALL_SAMPLES/house_Sample Market - Originals Sidney Charles/Synth & Music Loops/SM_SC_129_Cm_Akrod_Synth.wav,house,loop,Synth & Music Loops
SMALL_SAMPLES/house_Sample Market - Originals Sidney Charles/Synth & Music Loops/SM_SC_128_Cm_Percy_Synth.wav,house,loop,Synth & Music Loops
SMALL_SAMPLES/house_Sample Market - Originals Sidney Charles/Synth & Music Loops/SM_SC_128_F#_Randomer_Synth.wav,house,loop,Synth & Music Loops
SMALL_SAMPLES/house_Sample Market - Originals Sidney Charles/Synth & Music Loops/SM_SC_128_Gm_Benji_Synth.wav,house,loop,Synth & Music Loops
SMALL_SAMPLES/house_Sample Market - Originals Sidney Charles/Synth & Music Loops/SM_SC_129_Cm_Assid_Synth.wav,house,loop,Synth & Music Loops
SMALL_SAMPLES/house_Sample Market - Originals Sidney Charles/Synth & Music Loops/SM_SC_128_Gm_Fatma_Synth.wav,house,loop,Synth & Music Loops
SMALL_SAMPLES/house_Sample Market - Originals Sidney Charles/Synth & Music Loops/SM_SC_126_Fm_Trever_Synth.wav,house,loop,Synth & Music Loops
SMALL_SAMPLES/house_Sample Market - Originals Sidney Charles/Synth & Music Loops/SM_SC_127_Gmi_Prophie_Synth.wav,house,loop,Synth & Music Loops
SMALL_SAMPLES/house_Sample Market - Originals Sidney Charles/Synth & Music Loops/SM_SC_128_Gm_Bionic_Synth.wav,house,loop,Synth & Music Loops
SMALL_SAMPLES/house_Sample Market - Originals Sidney Charles/Synth & Music Loops/SM_SC_127_Em_Gaterade_Synth.wav,house,loop,Synth & Music Loops
SMALL_SAMPLES/house_Sample Market - Originals Sidney Charles/Synth & Music Loops/SM_SC_127_Em_Cella_Synth.wav,house,loop,Synth & Music Loops
SMALL_SAMPLES/house_Sample Market - Originals Sidney Charles/Synth & Music Loops/SM_SC_128_Am_Stringer_Synth.wav,house,loop,Synth & Music Loops
SMALL_SAMPLES/house_Sample Market - Originals Sidney Charles/Synth & Music Loops/SM_SC_128_Gm_Splinter_Synth.wav,house,loop,Synth & Music Loops
SMALL_SAMPLES/house_Sample Market - Originals Sidney Charles/Synth & Music Loops/SM_SC_128_Gm_Sirene_Synth.wav,house,loop,Synth & Music Loops
SMALL_SAMPLES/house_Sample Market - Originals Sidney Charles/Synth & Music Loops/SM_SC_127_Cmaj_Modul_Synth.wav,house,loop,Synth & Music Loops
SMALL_SAMPLES/house_Sample Market - Originals Sidney Charles/Synth & Music Loops/SM_SC_126_Cm_Piona_Synth.wav,house,loop,Synth & Music Loops
SMALL_SAMPLES/house_Sample Market - Originals Sidney Charles/Synth & Music Loops/SM_SC_127_Gmaj_Credit_Synth.wav,house,loop,Synth & Music Loops
SMALL_SAMPLES/house_Sample Market - Originals Sidney Charles/Synth & Music Loops/SM_SC_127_Gmaj_Transport_Synth.wav,house,loop,Synth & Music Loops
SMALL_SAMPLES/house_Sample Market - Originals Sidney Charles/Synth & Music Loops/SM_SC_128_F#_Plucker_Synth.wav,house,loop,Synth & Music Loops
SMALL_SAMPLES/house_Sample Market - Originals Sidney Charles/Synth & Music Loops/SM_SC_127_Gm_Single_Synth.wav,house,loop,Synth & Music Loops
SMALL_SAMPLES/house_Sample Market - Originals Sidney Charles/Synth & Music Loops/SM_SC_127_Gm_Pastel_Synth.wav,house,loop,Synth & Music Loops
SMALL_SAMPLES/house_Sample Market - Originals Sidney Charles/Synth & Music Loops/SM_SC_126_Cm_Flipp_Synth.wav,house,loop,Synth & Music Loops
SMALL_SAMPLES/house_Sample Market - Originals Sidney Charles/Synth & Music Loops/SM_SC_127_Cm_Fresh_Synth.wav,house,loop,Synth & Music Loops
SMALL_SAMPLES/house_Sample Market - Originals Sidney Charles/Synth & Music Loops/SM_SC_128_F#_Macaron_Synth.wav,house,loop,Synth & Music Loops
SMALL_SAMPLES/house_Sample Market - Originals Sidney Charles/Synth & Music Loops/SM_SC_128_Cm_Ritmo_Synth.wav,house,loop,Synth & Music Loops
SMALL_SAMPLES/house_Sample Market - Originals Sidney Charles/Synth & Music Loops/SM_SC_128_F#_Hefto_Synth.wav,house,loop,Synth & Music Loops
SMALL_SAMPLES/house_Sample Market - Originals Sidney Charles/Synth & Music Loops/SM_SC_128_Gm_Morris_Synth.wav,house,loop,Synth & Music Loops
SMALL_SAMPLES/house_Sample Market - Originals Sidney Charles/Synth & Music Loops/SM_SC_127_Em_Skinny_Synth.wav,house,loop,Synth & Music Loops
SMALL_SAMPLES/house_Sample Market - Originals Sidney Charles/Synth & Music Loops/SM_SC_128_Gm_Fade_Synth.wav,house,loop,Synth & Music Loops
SMALL_SAMPLES/house_Sample Market - Originals Sidney Charles/Synth & Music Loops/SM_SC_127_Gm_Belem_Synth.wav,house,loop,Synth & Music Loops
SMALL_SAMPLES/house_Sample Market - Originals Sidney Charles/Synth & Music Loops/SM_SC_127_Cm_Jupita_Synth.wav,house,loop,Synth & Music Loops
SMALL_SAMPLES/house_Sample Market - Originals Sidney Charles/Synth & Music Loops/SM_SC_127_Gm_Duplo_Synth.wav,house,loop,Synth & Music Loops
SMALL_SAMPLES/house_Sample Market - Originals Sidney Charles/Bass Loops/SM_SC_127_Em_Jamo_Bass.wav,house,loop,Bass Loops
SMALL_SAMPLES/house_Sample Market - Originals Sidney Charles/Bass Loops/SM_SC_127_Gm_Caparica_Bass.wav,house,loop,Bass Loops
SMALL_SAMPLES/house_Sample Market - Originals Sidney Charles/Bass Loops/SM_SC_123_Fm_Amp_Bass.wav,house,loop,Bass Loops
SMALL_SAMPLES/house_Sample Market - Originals Sidney Charles/Bass Loops/SM_SC_129_Am_Knarz_Bass.wav,house,loop,Bass Loops
SMALL_SAMPLES/house_Sample Market - Originals Sidney Charles/Bass Loops/SM_SC_127_D#_Clipper_Bass.wav,house,loop,Bass Loops
SMALL_SAMPLES/house_Sample Market - Originals Sidney Charles/Bass Loops/SM_SC_128_Cm_Off_Bass.wav,house,loop,Bass Loops
SMALL_SAMPLES/house_Sample Market - Originals Sidney Charles/Bass Loops/SM_SC_125_F#_Pioneer_Bass.wav,house,loop,Bass Loops
SMALL_SAMPLES/house_Sample Market - Originals Sidney Charles/Bass Loops/SM_SC_127_Em_Walker_Bass.wav,house,loop,Bass Loops
SMALL_SAMPLES/house_Sample Market - Originals Sidney Charles/Bass Loops/SM_SC_126_Fm_Grain_Bass.wav,house,loop,Bass Loops
SMALL_SAMPLES/house_Sample Market - Originals Sidney Charles/Bass Loops/SM_SC_128_Gm_Frontline_Bass.wav,house,loop,Bass Loops
SMALL_SAMPLES/house_Sample Market - Originals Sidney Charles/Bass Loops/SM_SC_127_Cmaj_Driver_Bass.wav,house,loop,Bass Loops
SMALL_SAMPLES/house_Sample Market - Originals Sidney Charles/Bass Loops/SM_SC_128_Fm_Youkei_Bass.wav,house,loop,Bass Loops
SMALL_SAMPLES/house_Sample Market - Originals Sidney Charles/Bass Loops/SM_SC_128_Am_Woofy_Bass.wav,house,loop,Bass Loops
SMALL_SAMPLES/house_Sample Market - Originals Sidney Charles/Bass Loops/SM_SC_127_Am_Katapult_Bass.wav,house,loop,Bass Loops
SMALL_SAMPLES/house_Sample Market - Originals Sidney Charles/Bass Loops/SM_SC_127_Gmaj_Gluff_Bass.wav,house,loop,Bass Loops
SMALL_SAMPLES/house_Sample Market - Originals Sidney Charles/Bass Loops/SM_SC_128_Em_Theory_Bass.wav,house,loop,Bass Loops
SMALL_SAMPLES/house_Sample Market - Originals Sidney Charles/Bass Loops/SM_SC_126_Gm_Saved_Bass.wav,house,loop,Bass Loops
SMALL_SAMPLES/house_Sample Market - Originals Sidney Charles/Bass Loops/SM_SC_128_Am_Escal_Bass.wav,house,loop,Bass Loops
SMALL_SAMPLES/house_Sample Market - Originals Sidney Charles/Bass Loops/SM_SC_128_Gm_Smoog_Bass.wav,house,loop,Bass Loops
SMALL_SAMPLES/house_Sample Market - Originals Sidney Charles/Bass Loops/SM_SC_128_F#_Squarepants_Bass.wav,house,loop,Bass Loops
SMALL_SAMPLES/house_Sample Market - Originals Sidney Charles/Bass Loops/SM_SC_128_Gm_Fragment_Bass.wav,house,loop,Bass Loops
SMALL_SAMPLES/house_Sample Market - Originals Sidney Charles/Bass Loops/SM_SC_127_Gmaj_Curve_Bass.wav,house,loop,Bass Loops
SMALL_SAMPLES/house_Sample Market - Originals Sidney Charles/Bass Loops/SM_SC_126_Cm_Urban_Bass.wav,house,loop,Bass Loops
SMALL_SAMPLES/house_Sample Market - Originals Sidney Charles/Bass Loops/SM_SC_128_Gm_Danger_Bass.wav,house,loop,Bass Loops
SMALL_SAMPLES/house_Sample Market - Originals Sidney Charles/Bass Loops/SM_SC_125_Fm_Organu_Bass.wav,house,loop,Bass Loops
SMALL_SAMPLES/house_Sample Market - Originals Sidney Charles/Bass Loops/SM_SC_125_Am_Tosh_Bass.wav,house,loop,Bass Loops
SMALL_SAMPLES/house_Sample Market - Originals Sidney Charles/Bass Loops/SM_SC_128_Cm_Fool_Bass.wav,house,loop,Bass Loops
SMALL_SAMPLES/house_Sample Market - Originals Sidney Charles/Bass Loops/SM_SC_130_F#_Subzero_Bass.wav,house,loop,Bass Loops
SMALL_SAMPLES/house_Sample Market - Originals Sidney Charles/Bass Loops/SM_SC_127_Am_Forever_Bass.wav,house,loop,Bass Loops
SMALL_SAMPLES/house_Sample Market - Originals Sidney Charles/Bass Loops/SM_SC_127_F#_Glue_Bass.wav,house,loop,Bass Loops
SMALL_SAMPLES/techno_TWHS - Hard Groove Essentials (Vol. 1)/Drum Loops/TWHS_HGE1_FULL_LOOP_3_144BPM.wav,techno,loop,Drum Loops
SMALL_SAMPLES/techno_TWHS - Hard Groove Essentials (Vol. 1)/Drum Loops/TWHS_HGE1_FULL_LOOP_5_143BPM.wav,techno,loop,Drum Loops
SMALL_SAMPLES/techno_TWHS - Hard Groove Essentials (Vol. 1)/Drum Loops/TWHS_HGE1_FULL_LOOP_17_144BPM.wav,techno,loop,Drum Loops
SMALL_SAMPLES/techno_TWHS - Hard Groove Essentials (Vol. 1)/Drum Loops/TWHS_HGE1_FULL_LOOP_24_145BPM.wav,techno,loop,Drum Loops
SMALL_SAMPLES/techno_TWHS - Hard Groove Essentials (Vol. 1)/Drum Loops/TWHS_HGE1_FULL_LOOP_13_145BPM.wav,techno,loop,Drum Loops
SMALL_SAMPLES/techno_TWHS - Hard Groove Essentials (Vol. 1)/Drum Loops/TWHS_HGE1_FULL_LOOP_2_145BPM.wav,techno,loop,Drum Loops
SMALL_SAMPLES/techno_TWHS - Hard Groove Essentials (Vol. 1)/Drum Loops/TWHS_HGE1_FULL_LOOP_19_145BPM.wav,techno,loop,Drum Loops
SMALL_SAMPLES/techno_TWHS - Hard Groove Essentials (Vol. 1)/Drum Loops/TWHS_HGE1_FULL_LOOP_14_145BPM.wav,techno,loop,Drum Loops
SMALL_SAMPLES/techno_TWHS - Hard Groove Essentials (Vol. 1)/Drum Loops/TWHS_HGE1_FULL_LOOP_8_145BPM.wav,techno,loop,Drum Loops
SMALL_SAMPLES/techno_TWHS - Hard Groove Essentials (Vol. 1)/Drum Loops/TWHS_HGE1_FULL_LOOP_10_144BPM.wav,techno,loop,Drum Loops
SMALL_SAMPLES/techno_TWHS - Hard Groove Essentials (Vol. 1)/Drum Loops/TWHS_HGE1_FULL_LOOP_9_144BPM.wav,techno,loop,Drum Loops
SMALL_SAMPLES/techno_TWHS - Hard Groove Essentials (Vol. 1)/Drum Loops/TWHS_HGE1_FULL_LOOP_22_144BPM.wav,techno,loop,Drum Loops
SMALL_SAMPLES/techno_TWHS - Hard Groove Essentials (Vol. 1)/Drum Loops/TWHS_HGE1_FULL_LOOP_4_144BPM.wav,techno,loop,Drum Loops
SMALL_SAMPLES/techno_TWHS - Hard Groove Essentials (Vol. 1)/Drum Loops/TWHS_HGE1_FULL_LOOP_21_144BPM.wav,techno,loop,Drum Loops
SMALL_SAMPLES/techno_TWHS - Hard Groove Essentials (Vol. 1)/Drum Loops/TWHS_HGE1_FULL_LOOP_25_145BPM.wav,techno,loop,Drum Loops
SMALL_SAMPLES/techno_TWHS - Hard Groove Essentials (Vol. 1)/Drum Loops/TWHS_HGE1_FULL_LOOP_12_145BPM.wav,techno,loop,Drum Loops
SMALL_SAMPLES/techno_TWHS - Hard Groove Essentials (Vol. 1)/Drum Loops/TWHS_HGE1_FULL_LOOP_7_144BPM.wav,techno,loop,Drum Loops
SMALL_SAMPLES/techno_TWHS - Hard Groove Essentials (Vol. 1)/Drum Loops/TWHS_HGE1_FULL_LOOP_23_144BPM.wav,techno,loop,Drum Loops
SMALL_SAMPLES/techno_TWHS - Hard Groove Essentials (Vol. 1)/Drum Loops/TWHS_HGE1_FULL_LOOP_1_145BPM.wav,techno,loop,Drum Loops
SMALL_SAMPLES/techno_TWHS - Hard Groove Essentials (Vol. 1)/Drum Loops/TWHS_HGE1_FULL_LOOP_16_142BPM.wav,techno,loop,Drum Loops
SMALL_SAMPLES/techno_TWHS - Hard Groove Essentials (Vol. 1)/Drum Loops/TWHS_HGE1_FULL_LOOP_18_145BPM.wav,techno,loop,Drum Loops
SMALL_SAMPLES/techno_TWHS - Hard Groove Essentials (Vol. 1)/Drum Loops/TWHS_HGE1_FULL_LOOP_20_143BPM.wav,techno,loop,Drum Loops
SMALL_SAMPLES/techno_TWHS - Hard Groove Essentials (Vol. 1)/Drum Loops/TWHS_HGE1_FULL_LOOP_15_145BPM.wav,techno,loop,Drum Loops
SMALL_SAMPLES/techno_TWHS - Hard Groove Essentials (Vol. 1)/Drum Loops/TWHS_HGE1_FULL_LOOP_6_143BPM.wav,techno,loop,Drum Loops
SMALL_SAMPLES/techno_TWHS - Hard Groove Essentials (Vol. 1)/Drum Loops/TWHS_HGE1_FULL_LOOP_11_144BPM.wav,techno,loop,Drum Loops
SMALL_SAMPLES/techno_TWHS - Hard Groove Essentials (Vol. 1)/Bass Loops (Normal)/TWHS_HGE1_BASS_LOOP_09_144BPM_Em.wav,techno,loop,Bass Loops (Normal)
SMALL_SAMPLES/techno_TWHS - Hard Groove Essentials (Vol. 1)/Bass Loops (Normal)/TWHS_HGE1_BASS_LOOP_12_144BPM_D#m.wav,techno,loop,Bass Loops (Normal)
SMALL_SAMPLES/techno_TWHS - Hard Groove Essentials (Vol. 1)/Bass Loops (Normal)/TWHS_HGE1_BASS_LOOP_08_144BPM_Gm.wav,techno,loop,Bass Loops (Normal)
SMALL_SAMPLES/techno_TWHS - Hard Groove Essentials (Vol. 1)/Bass Loops (Normal)/TWHS_HGE1_BASS_LOOP_06_144BPM_Gm.wav,techno,loop,Bass Loops (Normal)
SMALL_SAMPLES/techno_TWHS - Hard Groove Essentials (Vol. 1)/Bass Loops (Normal)/TWHS_HGE1_BASS_LOOP_10_144BPM_Em.wav,techno,loop,Bass Loops (Normal)
SMALL_SAMPLES/techno_TWHS - Hard Groove Essentials (Vol. 1)/Bass Loops (Normal)/TWHS_HGE1_BASS_LOOP_03_144BPM_Em.wav,techno,loop,Bass Loops (Normal)
SMALL_SAMPLES/techno_TWHS - Hard Groove Essentials (Vol. 1)/Bass Loops (Normal)/TWHS_HGE1_BASS_LOOP_05_144BPM_Gm.wav,techno,loop,Bass Loops (Normal)
SMALL_SAMPLES/techno_TWHS - Hard Groove Essentials (Vol. 1)/Bass Loops (Normal)/TWHS_HGE1_BASS_LOOP_11_144BPM_Fm.wav,techno,loop,Bass Loops (Normal)
SMALL_SAMPLES/techno_TWHS - Hard Groove Essentials (Vol. 1)/Bass Loops (Normal)/TWHS_HGE1_BASS_LOOP_01_144BPM_Gm.wav,techno,loop,Bass Loops (Normal)
SMALL_SAMPLES/techno_TWHS - Hard Groove Essentials (Vol. 1)/Bass Loops (Normal)/TWHS_HGE1_BASS_LOOP_20_145BPM_F#m.wav,techno,loop,Bass Loops (Normal)
SMALL_SAMPLES/techno_TWHS - Hard Groove Essentials (Vol. 1)/Bass Loops (Normal)/TWHS_HGE1_BASS_LOOP_13_145BPM_D#m.wav,techno,loop,Bass Loops (Normal)
SMALL_SAMPLES/techno_TWHS - Hard Groove Essentials (Vol. 1)/Bass Loops (Normal)/TWHS_HGE1_BASS_LOOP_14_145BPM_D#m.wav,techno,loop,Bass Loops (Normal)
SMALL_SAMPLES/techno_TWHS - Hard Groove Essentials (Vol. 1)/Bass Loops (Normal)/TWHS_HGE1_BASS_LOOP_15_145BPM_D#m.wav,techno,loop,Bass Loops (Normal)
SMALL_SAMPLES/techno_TWHS - Hard Groove Essentials (Vol. 1)/Bass Loops (Normal)/TWHS_HGE1_BASS_LOOP_07_144BPM_Gm.wav,techno,loop,Bass Loops (Normal)
SMALL_SAMPLES/techno_TWHS - Hard Groove Essentials (Vol. 1)/Bass Loops (Normal)/TWHS_HGE1_BASS_LOOP_17_144BPM_Fm.wav,techno,loop,Bass Loops (Normal)
SMALL_SAMPLES/techno_TWHS - Hard Groove Essentials (Vol. 1)/Bass Loops (Normal)/TWHS_HGE1_BASS_LOOP_02_145BPM_D#m.wav,techno,loop,Bass Loops (Normal)
SMALL_SAMPLES/techno_TWHS - Hard Groove Essentials (Vol. 1)/Bass Loops (Normal)/TWHS_HGE1_BASS_LOOP_18_145BPM_F#m.wav,techno,loop,Bass Loops (Normal)
SMALL_SAMPLES/techno_TWHS - Hard Groove Essentials (Vol. 1)/Bass Loops (Normal)/TWHS_HGE1_BASS_LOOP_19_145BPM_F#m.wav,techno,loop,Bass Loops (Normal)
SMALL_SAMPLES/techno_TWHS - Hard Groove Essentials (Vol. 1)/Bass Loops (Normal)/TWHS_HGE1_BASS_LOOP_16_145BPM_D#m.wav,techno,loop,Bass Loops (Normal)
SMALL_SAMPLES/techno_TWHS - Hard Groove Essentials (Vol. 1)/Bass Loops (Normal)/TWHS_HGE1_BASS_LOOP_04_145BPM_D#m.wav,techno,loop,Bass Loops (Normal)
SMALL_SAMPLES/techno_TWHS - Hard Groove Essentials (Vol. 1)/Buildups/TWHS_HGE1_BUILDUP_06_144BPM.wav,techno,other,Buildups
SMALL_SAMPLES/techno_TWHS - Hard Groove Essentials (Vol. 1)/Buildups/TWHS_HGE1_BUILDUP_02_144BPM.wav,techno,other,Buildups
SMALL_SAMPLES/techno_TWHS - Hard Groove Essentials (Vol. 1)/Buildups/TWHS_HGE1_BUILDUP_07_144BPM.wav,techno,other,Buildups
SMALL_SAMPLES/techno_TWHS - Hard Groove Essentials (Vol. 1)/Buildups/TWHS_HGE1_BUILDUP_09_145BPM.wav,techno,other,Buildups
SMALL_SAMPLES/techno_TWHS - Hard Groove Essentials (Vol. 1)/Buildups/TWHS_HGE1_BUILDUP_04_145BPM.wav,techno,other,Buildups
SMALL_SAMPLES/techno_TWHS - Hard Groove Essentials (Vol. 1)/Buildups/TWHS_HGE1_BUILDUP_05_144BPM.wav,techno,other,Buildups
SMALL_SAMPLES/techno_TWHS - Hard Groove Essentials (Vol. 1)/Buildups/TWHS_HGE1_BUILDUP_01_145BPM.wav,techno,other,Buildups
SMALL_SAMPLES/techno_TWHS - Hard Groove Essentials (Vol. 1)/Buildups/TWHS_HGE1_BUILDUP_10_145BPM.wav,techno,other,Buildups
SMALL_SAMPLES/techno_TWHS - Hard Groove Essentials (Vol. 1)/Buildups/TWHS_HGE1_BUILDUP_08_144BPM.wav,techno,other,Buildups
SMALL_SAMPLES/techno_TWHS - Hard Groove Essentials (Vol. 1)/Buildups/TWHS_HGE1_BUILDUP_03_143BPM.wav,techno,other,Buildups
SMALL_SAMPLES/techno_TWHS - Hard Groove Essentials (Vol. 1)/Fills/TWHS_HGE1_FILL_29_145BPM.wav,techno,loop,Fills
SMALL_SAMPLES/techno_TWHS - Hard Groove Essentials (Vol. 1)/Fills/TWHS_HGE1_FILL_2_145BPM.wav,techno,loop,Fills
SMALL_SAMPLES/techno_TWHS - Hard Groove Essentials (Vol. 1)/Fills/TWHS_HGE1_FILL_24_145BPM.wav,techno,loop,Fills
SMALL_SAMPLES/techno_TWHS - Hard Groove Essentials (Vol. 1)/Fills/TWHS_HGE1_FILL_13_145BPM.wav,techno,loop,Fills
SMALL_SAMPLES/techno_TWHS - Hard Groove Essentials (Vol. 1)/Fills/TWHS_HGE1_FILL_16_145BPM.wav,techno,loop,Fills
SMALL_SAMPLES/techno_TWHS - Hard Groove Essentials (Vol. 1)/Fills/TWHS_HGE1_FILL_21_145BPM.wav,techno,loop,Fills
SMALL_SAMPLES/techno_TWHS - Hard Groove Essentials (Vol. 1)/Fills/TWHS_HGE1_FILL_30_145BPM.wav,techno,loop,Fills
SMALL_SAMPLES/techno_TWHS - Hard Groove Essentials (Vol. 1)/Fills/TWHS_HGE1_FILL_7_145BPM.wav,techno,loop,Fills
SMALL_SAMPLES/techno_TWHS - Hard Groove Essentials (Vol. 1)/Fills/TWHS_HGE1_FILL_11_145BPM.wav,techno,loop,Fills
SMALL_SAMPLES/techno_TWHS - Hard Groove Essentials (Vol. 1)/Fills/TWHS_HGE1_FILL_26_145BPM.wav,techno,loop,Fills
SMALL_SAMPLES/techno_TWHS - Hard Groove Essentials (Vol. 1)/Fills/TWHS_HGE1_FILL_8_145BPM.wav,techno,loop,Fills
SMALL_SAMPLES/techno_TWHS - Hard Groove Essentials (Vol. 1)/Fills/TWHS_HGE1_FILL_23_145BPM.wav,techno,loop,Fills
SMALL_SAMPLES/techno_TWHS - Hard Groove Essentials (Vol. 1)/Fills/TWHS_HGE1_FILL_14_145BPM.wav,techno,loop,Fills
SMALL_SAMPLES/techno_TWHS - Hard Groove Essentials (Vol. 1)/Fills/TWHS_HGE1_FILL_5_145BPM.wav,techno,loop,Fills
SMALL_SAMPLES/techno_TWHS - Hard Groove Essentials (Vol. 1)/Fills/TWHS_HGE1_FILL_19_145BPM.wav,techno,loop,Fills
SMALL_SAMPLES/techno_TWHS - Hard Groove Essentials (Vol. 1)/Fills/TWHS_HGE1_FILL_17_145BPM.wav,techno,loop,Fills
SMALL_SAMPLES/techno_TWHS - Hard Groove Essentials (Vol. 1)/Fills/TWHS_HGE1_FILL_20_145BPM.wav,techno,loop,Fills
SMALL_SAMPLES/techno_TWHS - Hard Groove Essentials (Vol. 1)/Fills/TWHS_HGE1_FILL_6_145BPM.wav,techno,loop,Fills
SMALL_SAMPLES/techno_TWHS - Hard Groove Essentials (Vol. 1)/Fills/TWHS_HGE1_FILL_28_145BPM.wav,techno,loop,Fills
SMALL_SAMPLES/techno_TWHS - Hard Groove Essentials (Vol. 1)/Fills/TWHS_HGE1_FILL_3_145BPM.wav,techno,loop,Fills
SMALL_SAMPLES/techno_TWHS - Hard Groove Essentials (Vol. 1)/Fills/TWHS_HGE1_FILL_25_145BPM.wav,techno,loop,Fills
SMALL_SAMPLES/techno_TWHS - Hard Groove Essentials (Vol. 1)/Fills/TWHS_HGE1_FILL_12_145BPM.wav,techno,loop,Fills
SMALL_SAMPLES/techno_TWHS - Hard Groove Essentials (Vol. 1)/Fills/TWHS_HGE1_FILL_9_145BPM.wav,techno,loop,Fills
SMALL_SAMPLES/techno_TWHS - Hard Groove Essentials (Vol. 1)/Fills/TWHS_HGE1_FILL_22_145BPM.wav,techno,loop,Fills
SMALL_SAMPLES/techno_TWHS - Hard Groove Essentials (Vol. 1)/Fills/TWHS_HGE1_FILL_15_145BPM.wav,techno,loop,Fills
SMALL_SAMPLES/techno_TWHS - Hard Groove Essentials (Vol. 1)/Fills/TWHS_HGE1_FILL_4_145BPM.wav,techno,loop,Fills
SMALL_SAMPLES/techno_TWHS - Hard Groove Essentials (Vol. 1)/Fills/TWHS_HGE1_FILL_18_145BPM.wav,techno,loop,Fills
SMALL_SAMPLES/techno_TWHS - Hard Groove Essentials (Vol. 1)/Fills/TWHS_HGE1_FILL_1_145BPM.wav,techno,loop,Fills
SMALL_SAMPLES/techno_TWHS - Hard Groove Essentials (Vol. 1)/Fills/TWHS_HGE1_FILL_10_145BPM.wav,techno,loop,Fills
SMALL_SAMPLES/techno_TWHS - Hard Groove Essentials (Vol. 1)/Fills/TWHS_HGE1_FILL_27_145BPM.wav,techno,loop,Fills
SMALL_SAMPLES/techno_TWHS - Hard Groove Essentials (Vol. 1)/Bass Loops (Rumbles)/TWHS_HGE1_RUMBLE_LOOP_04_144BPM.wav,techno,loop,Bass Loops (Rumbles)
SMALL_SAMPLES/techno_TWHS - Hard Groove Essentials (Vol. 1)/Bass Loops (Rumbles)/TWHS_HGE1_RUMBLE_LOOP_07_143BPM.wav,techno,loop,Bass Loops (Rumbles)
SMALL_SAMPLES/techno_TWHS - Hard Groove Essentials (Vol. 1)/Bass Loops (Rumbles)/TWHS_HGE1_RUMBLE_LOOP_03_142BPM.wav,techno,loop,Bass Loops (Rumbles)
SMALL_SAMPLES/techno_TWHS - Hard Groove Essentials (Vol. 1)/Bass Loops (Rumbles)/TWHS_HGE1_RUMBLE_LOOP_08_143BPM.wav,techno,loop,Bass Loops (Rumbles)
SMALL_SAMPLES/techno_TWHS - Hard Groove Essentials (Vol. 1)/Bass Loops (Rumbles)/TWHS_HGE1_RUMBLE_LOOP_05_143BPM.wav,techno,loop,Bass Loops (Rumbles)
SMALL_SAMPLES/techno_TWHS - Hard Groove Essentials (Vol. 1)/Bass Loops (Rumbles)/TWHS_HGE1_RUMBLE_LOOP_06_143BPM.wav,techno,loop,Bass Loops (Rumbles)
SMALL_SAMPLES/techno_TWHS - Hard Groove Essentials (Vol. 1)/Bass Loops (Rumbles)/TWHS_HGE1_RUMBLE_LOOP_09_145BPM.wav,techno,loop,Bass Loops (Rumbles)
SMALL_SAMPLES/techno_TWHS - Hard Groove Essentials (Vol. 1)/Bass Loops (Rumbles)/TWHS_HGE1_RUMBLE_LOOP_10_145BPM.wav,techno,loop,Bass Loops (Rumbles)
SMALL_SAMPLES/techno_TWHS - Hard Groove Essentials (Vol. 1)/Bass Loops (Rumbles)/TWHS_HGE1_RUMBLE_LOOP_02_140BPM.wav,techno,loop,Bass Loops (Rumbles)
SMALL_SAMPLES/techno_TWHS - Hard Groove Essentials (Vol. 1)/Bass Loops (Rumbles)/TWHS_HGE1_RUMBLE_LOOP_01_145BPM.wav,techno,loop,Bass Loops (Rumbles)
SMALL_SAMPLES/dnb_KAN Liquid Rollers Vol.1/Piano & Rhodes Music Loops/KLR1_B_174_Musicloop_11_(B-F#-D#-E).wav,dnb,loop,Piano & Rhodes Music Loops
SMALL_SAMPLES/dnb_KAN Liquid Rollers Vol.1/Piano & Rhodes Music Loops/KLR1_E_174_Musicloop_32_(E-A).wav,dnb,loop,Piano & Rhodes Music Loops
SMALL_SAMPLES/dnb_KAN Liquid Rollers Vol.1/Piano & Rhodes Music Loops/KLR1_A_174_Musicloop_02_(A_D).wav,dnb,loop,Piano & Rhodes Music Loops
SMALL_SAMPLES/dnb_KAN Liquid Rollers Vol.1/Piano & Rhodes Music Loops/KLR1_E_174_Musicloop_29_(E-C-A).wav,dnb,loop,Piano & Rhodes Music Loops
SMALL_SAMPLES/dnb_KAN Liquid Rollers Vol.1/Piano & Rhodes Music Loops/KLR1_C#_174_Musicloop_17.wav,dnb,loop,Piano & Rhodes Music Loops
SMALL_SAMPLES/dnb_KAN Liquid Rollers Vol.1/Piano & Rhodes Music Loops/KLR1_D_174_Musicloop_20_(D-C).wav,dnb,loop,Piano & Rhodes Music Loops
SMALL_SAMPLES/dnb_KAN Liquid Rollers Vol.1/Piano & Rhodes Music Loops/KLR1_C#_174_Musicloop_16.wav,dnb,loop,Piano & Rhodes Music Loops
SMALL_SAMPLES/dnb_KAN Liquid Rollers Vol.1/Piano & Rhodes Music Loops/KLR1_E_174_Musicloop_27_(E-G).wav,dnb,loop,Piano & Rhodes Music Loops
SMALL_SAMPLES/dnb_KAN Liquid Rollers Vol.1/Piano & Rhodes Music Loops/KLR1_A_174_Musicloop_06_(A-G-D).wav,dnb,loop,Piano & Rhodes Music Loops
SMALL_SAMPLES/dnb_KAN Liquid Rollers Vol.1/Piano & Rhodes Music Loops/KLR1_B_174_Musicloop_08_(B-A-G-F#).wav,dnb,loop,Piano & Rhodes Music Loops
SMALL_SAMPLES/dnb_KAN Liquid Rollers Vol.1/Piano & Rhodes Music Loops/KLR1_D#_174_Musicloop_23.wav,dnb,loop,Piano & Rhodes Music Loops
SMALL_SAMPLES/dnb_KAN Liquid Rollers Vol.1/Piano & Rhodes Music Loops/KLR1_F_174_Musicloop_37.wav,dnb,loop,Piano & Rhodes Music Loops
SMALL_SAMPLES/dnb_KAN Liquid Rollers Vol.1/Piano & Rhodes Music Loops/KLR1_C_174_Musicloop_14_(C-D#).wav,dnb,loop,Piano & Rhodes Music Loops
SMALL_SAMPLES/dnb_KAN Liquid Rollers Vol.1/Piano & Rhodes Music Loops/KLR1_G#_174_Musicloop_43_(G#-C#).wav,dnb,loop,Piano & Rhodes Music Loops
SMALL_SAMPLES/dnb_KAN Liquid Rollers Vol.1/Piano & Rhodes Music Loops/KLR1_E_174_Musicloop_28_(E-F-A).wav,dnb,loop,Piano & Rhodes Music Loops
SMALL_SAMPLES/dnb_KAN Liquid Rollers Vol.1/Piano & Rhodes Music Loops/KLR1_A_174_Musicloop_01.wav,dnb,loop,Piano & Rhodes Music Loops
SMALL_SAMPLES/dnb_KAN Liquid Rollers Vol.1/Piano & Rhodes Music Loops/KLR1_B_174_Musicloop_07_(B-A-G-A).wav,dnb,loop,Piano & Rhodes Music Loops
SMALL_SAMPLES/dnb_KAN Liquid Rollers Vol.1/Piano & Rhodes Music Loops/KLR1_F#_174_Musicloop_40.wav,dnb,loop,Piano & Rhodes Music Loops
SMALL_SAMPLES/dnb_KAN Liquid Rollers Vol.1/Piano & Rhodes Music Loops/KLR1_F_174_Musicloop_34_(F-G#).wav,dnb,loop,Piano & Rhodes Music Loops
SMALL_SAMPLES/dnb_KAN Liquid Rollers Vol.1/Piano & Rhodes Music Loops/KLR1_B_174_Musicloop_10_(B-F#-D#-E).wav,dnb,loop,Piano & Rhodes Music Loops
SMALL_SAMPLES/dnb_KAN Liquid Rollers Vol.1/Piano & Rhodes Music Loops/KLR1_D#_174_Musicloop_22_(D#-F#_G#).wav,dnb,loop,Piano & Rhodes Music Loops
SMALL_SAMPLES/dnb_KAN Liquid Rollers Vol.1/Piano & Rhodes Music Loops/KLR1_F_174_Musicloop_38_(F-A).wav,dnb,loop,Piano & Rhodes Music Loops
SMALL_SAMPLES/dnb_KAN Liquid Rollers Vol.1/Piano & Rhodes Music Loops/KLR1_B_174_Musicloop_09.wav,dnb,loop,Piano & Rhodes Music Loops
SMALL_SAMPLES/dnb_KAN Liquid Rollers Vol.1/Piano & Rhodes Music Loops/KLR1_A_174_Musicloop_03_(A-A#-F-D).wav,dnb,loop,Piano & Rhodes Music Loops
SMALL_SAMPLES/dnb_KAN Liquid Rollers Vol.1/Piano & Rhodes Music Loops/KLR1_D_174_Musicloop_21.wav,dnb,loop,Piano & Rhodes Music Loops
SMALL_SAMPLES/dnb_KAN Liquid Rollers Vol.1/Piano & Rhodes Music Loops/KLR1_F_174_Musicloop_35_(F-G-E-A).wav,dnb,loop,Piano & Rhodes Music Loops
SMALL_SAMPLES/dnb_KAN Liquid Rollers Vol.1/Piano & Rhodes Music Loops/KLR1_A_174_Musicloop_04_(A-A#-F-D).wav,dnb,loop,Piano & Rhodes Music Loops
SMALL_SAMPLES/dnb_KAN Liquid Rollers Vol.1/Piano & Rhodes Music Loops/KLR1_F_174_Musicloop_36_(F-G-E-A).wav,dnb,loop,Piano & Rhodes Music Loops
SMALL_SAMPLES/dnb_KAN Liquid Rollers Vol.1/Piano & Rhodes Music Loops/KLR1_A_174_Musicloop_05_(A-A#-F-D).wav,dnb,loop,Piano & Rhodes Music Loops
SMALL_SAMPLES/dnb_KAN Liquid Rollers Vol.1/Piano & Rhodes Music Loops/KLR1_G_174_Musicloop_41_(G-F-D#-D).wav,dnb,loop,Piano & Rhodes Music Loops
SMALL_SAMPLES/dnb_KAN Liquid Rollers Vol.1/Piano & Rhodes Music Loops/KLR1_E_174_Musicloop_26_(E-D).wav,dnb,loop,Piano & Rhodes Music Loops
SMALL_SAMPLES/dnb_KAN Liquid Rollers Vol.1/Piano & Rhodes Music Loops/KLR1_C_174_Musicloop_13_(C-F#-A-D#).wav,dnb,loop,Piano & Rhodes Music Loops
SMALL_SAMPLES/dnb_KAN Liquid Rollers Vol.1/Piano & Rhodes Music Loops/KLR1_D_174_Musicloop_18.wav,dnb,loop,Piano & Rhodes Music Loops
SMALL_SAMPLES/dnb_KAN Liquid Rollers Vol.1/Piano & Rhodes Music Loops/KLR1_G#_174_Musicloop_42_(G#-D#-A#-B-A#).wav,dnb,loop,Piano & Rhodes Music Loops
SMALL_SAMPLES/dnb_KAN Liquid Rollers Vol.1/Piano & Rhodes Music Loops/KLR1_B_174_Musicloop_12_(B-A).wav,dnb,loop,Piano & Rhodes Music Loops
SMALL_SAMPLES/dnb_KAN Liquid Rollers Vol.1/Piano & Rhodes Music Loops/KLR1_D_174_Musicloop_19_(D-G).wav,dnb,loop,Piano & Rhodes Music Loops
SMALL_SAMPLES/dnb_KAN Liquid Rollers Vol.1/Piano & Rhodes Music Loops/KLR1_E_174_Musicloop_25_(E-C-B).wav,dnb,loop,Piano & Rhodes Music Loops
SMALL_SAMPLES/dnb_KAN Liquid Rollers Vol.1/Piano & Rhodes Music Loops/KLR1_E_174_Musicloop_31.wav,dnb,loop,Piano & Rhodes Music Loops
SMALL_SAMPLES/dnb_KAN Liquid Rollers Vol.1/Piano & Rhodes Music Loops/KLR1_F_174_Musicloop_33_(F-C#-G#-F#).wav,dnb,loop,Piano & Rhodes Music Loops
SMALL_SAMPLES/dnb_KAN Liquid Rollers Vol.1/Piano & Rhodes Music Loops/KLR1_E_174_Musicloop_30.wav,dnb,loop,Piano & Rhodes Music Loops
SMALL_SAMPLES/dnb_KAN Liquid Rollers Vol.1/Piano & Rhodes Music Loops/KLR1_E_174_Musicloop_24.wav,dnb,loop,Piano & Rhodes Music Loops
SMALL_SAMPLES/dnb_KAN Liquid Rollers Vol.1/Piano & Rhodes Music Loops/KLR1_F#_174_Musicloop_39.wav,dnb,loop,Piano & Rhodes Music Loops
SMALL_SAMPLES/dnb_KAN Liquid Rollers Vol.1/Drum Loops/KLR1_174_Drumloop_39.wav,dnb,loop,Drum Loops
SMALL_SAMPLES/dnb_KAN Liquid Rollers Vol.1/Drum Loops/KLR1_174_Drumloop_11.wav,dnb,loop,Drum Loops
SMALL_SAMPLES/dnb_KAN Liquid Rollers Vol.1/Drum Loops/KLR1_174_Drumloop_05.wav,dnb,loop,Drum Loops
SMALL_SAMPLES/dnb_KAN Liquid Rollers Vol.1/Drum Loops/KLR1_174_Drumloop_04.wav,dnb,loop,Drum Loops
SMALL_SAMPLES/dnb_KAN Liquid Rollers Vol.1/Drum Loops/KLR1_174_Drumloop_10.wav,dnb,loop,Drum Loops
SMALL_SAMPLES/dnb_KAN Liquid Rollers Vol.1/Drum Loops/KLR1_174_Drumloop_38.wav,dnb,loop,Drum Loops
SMALL_SAMPLES/dnb_KAN Liquid Rollers Vol.1/Drum Loops/KLR1_174_Drumloop_06.wav,dnb,loop,Drum Loops
SMALL_SAMPLES/dnb_KAN Liquid Rollers Vol.1/Drum Loops/KLR1_174_Drumloop_12.wav,dnb,loop,Drum Loops
SMALL_SAMPLES/dnb_KAN Liquid Rollers Vol.1/Drum Loops/KLR1_174_Drumloop_13.wav,dnb,loop,Drum Loops
SMALL_SAMPLES/dnb_KAN Liquid Rollers Vol.1/Drum Loops/KLR1_174_Drumloop_07.wav,dnb,loop,Drum Loops
SMALL_SAMPLES/dnb_KAN Liquid Rollers Vol.1/Drum Loops/KLR1_174_Drumloop_03.wav,dnb,loop,Drum Loops
SMALL_SAMPLES/dnb_KAN Liquid Rollers Vol.1/Drum Loops/KLR1_174_Drumloop_17.wav,dnb,loop,Drum Loops
SMALL_SAMPLES/dnb_KAN Liquid Rollers Vol.1/Drum Loops/KLR1_174_Drumloop_16.wav,dnb,loop,Drum Loops
SMALL_SAMPLES/dnb_KAN Liquid Rollers Vol.1/Drum Loops/KLR1_174_Drumloop_02.wav,dnb,loop,Drum Loops
SMALL_SAMPLES/dnb_KAN Liquid Rollers Vol.1/Drum Loops/KLR1_174_Drumloop_14.wav,dnb,loop,Drum Loops
SMALL_SAMPLES/dnb_KAN Liquid Rollers Vol.1/Drum Loops/KLR1_174_Drumloop_28.wav,dnb,loop,Drum Loops
SMALL_SAMPLES/dnb_KAN Liquid Rollers Vol.1/Drum Loops/KLR1_174_Drumloop_29.wav,dnb,loop,Drum Loops
SMALL_SAMPLES/dnb_KAN Liquid Rollers Vol.1/Drum Loops/KLR1_174_Drumloop_01.wav,dnb,loop,Drum Loops
SMALL_SAMPLES/dnb_KAN Liquid Rollers Vol.1/Drum Loops/KLR1_174_Drumloop_15.wav,dnb,loop,Drum Loops
SMALL_SAMPLES/dnb_KAN Liquid Rollers Vol.1/Drum Loops/KLR1_174_Drumloop_18.wav,dnb,loop,Drum Loops
SMALL_SAMPLES/dnb_KAN Liquid Rollers Vol.1/Drum Loops/KLR1_174_Drumloop_30.wav,dnb,loop,Drum Loops
SMALL_SAMPLES/dnb_KAN Liquid Rollers Vol.1/Drum Loops/KLR1_174_Drumloop_24.wav,dnb,loop,Drum Loops
SMALL_SAMPLES/dnb_KAN Liquid Rollers Vol.1/Drum Loops/KLR1_174_Drumloop_25.wav,dnb,loop,Drum Loops
SMALL_SAMPLES/dnb_KAN Liquid Rollers Vol.1/Drum Loops/KLR1_174_Drumloop_31.wav,dnb,loop,Drum Loops
SMALL_SAMPLES/dnb_KAN Liquid Rollers Vol.1/Drum Loops/KLR1_174_Drumloop_19.wav,dnb,loop,Drum Loops
SMALL_SAMPLES/dnb_KAN Liquid Rollers Vol.1/Drum Loops/KLR1_174_Drumloop_27.wav,dnb,loop,Drum Loops
SMALL_SAMPLES/dnb_KAN Liquid Rollers Vol.1/Drum Loops/KLR1_174_Drumloop_33.wav,dnb,loop,Drum Loops
SMALL_SAMPLES/dnb_KAN Liquid Rollers Vol.1/Drum Loops/KLR1_174_Drumloop_32.wav,dnb,loop,Drum Loops
SMALL_SAMPLES/dnb_KAN Liquid Rollers Vol.1/Drum Loops/KLR1_174_Drumloop_26.wav,dnb,loop,Drum Loops
SMALL_SAMPLES/dnb_KAN Liquid Rollers Vol.1/Drum Loops/KLR1_174_Drumloop_22.wav,dnb,loop,Drum Loops
SMALL_SAMPLES/dnb_KAN Liquid Rollers Vol.1/Drum Loops/KLR1_174_Drumloop_36.wav,dnb,loop,Drum Loops
SMALL_SAMPLES/dnb_KAN Liquid Rollers Vol.1/Drum Loops/KLR1_174_Drumloop_37.wav,dnb,loop,Drum Loops
SMALL_SAMPLES/dnb_KAN Liquid Rollers Vol.1/Drum Loops/KLR1_174_Drumloop_23.wav,dnb,loop,Drum Loops
SMALL_SAMPLES/dnb_KAN Liquid Rollers Vol.1/Drum Loops/KLR1_174_Drumloop_35.wav,dnb,loop,Drum Loops
SMALL_SAMPLES/dnb_KAN Liquid Rollers Vol.1/Drum Loops/KLR1_174_Drumloop_21.wav,dnb,loop,Drum Loops
SMALL_SAMPLES/dnb_KAN Liquid Rollers Vol.1/Drum Loops/KLR1_174_Drumloop_09.wav,dnb,loop,Drum Loops
SMALL_SAMPLES/dnb_KAN Liquid Rollers Vol.1/Drum Loops/KLR1_174_Drumloop_08.wav,dnb,loop,Drum Loops
SMALL_SAMPLES/dnb_KAN Liquid Rollers Vol.1/Drum Loops/KLR1_174_Drumloop_20.wav,dnb,loop,Drum Loops
SMALL_SAMPLES/dnb_KAN Liquid Rollers Vol.1/Drum Loops/KLR1_174_Drumloop_34.wav,dnb,loop,Drum Loops
SMALL_SAMPLES/dnb_KAN Liquid Rollers Vol.1/Drum Loops/KLR1_174_Drumloop_41.wav,dnb,loop,Drum Loops
SMALL_SAMPLES/dnb_KAN Liquid Rollers Vol.1/Drum Loops/KLR1_174_Drumloop_40.wav,dnb,loop,Drum Loops
SMALL_SAMPLES/dnb_KAN Liquid Rollers Vol.1/Drum Loops/KLR1_174_Drumloop_42.wav,dnb,loop,Drum Loops
SMALL_SAMPLES/dnb_KAN Liquid Rollers Vol.1/Drum Loops/KLR1_174_Drumloop_43.wav,dnb,loop,Drum Loops
SMALL_SAMPLES/dnb_KAN Liquid Rollers Vol.1/FX/KLR1_FX_Fill_07.wav,dnb,other,FX
SMALL_SAMPLES/dnb_KAN Liquid Rollers Vol.1/FX/KLR1_FX_Crash_09.wav,dnb,other,FX
SMALL_SAMPLES/dnb_KAN Liquid Rollers Vol.1/FX/KLR1_FX_Crash_08.wav,dnb,other,FX
SMALL_SAMPLES/dnb_KAN Liquid Rollers Vol.1/FX/KLR1_FX_Fill_06.wav,dnb,other,FX
SMALL_SAMPLES/dnb_KAN Liquid Rollers Vol.1/FX/KLR1_FX_Fill_04.wav,dnb,other,FX
SMALL_SAMPLES/dnb_KAN Liquid Rollers Vol.1/FX/KLR1_FX_Fill_10.wav,dnb,other,FX
SMALL_SAMPLES/dnb_KAN Liquid Rollers Vol.1/FX/KLR1_FX_Fill_05.wav,dnb,other,FX
SMALL_SAMPLES/dnb_KAN Liquid Rollers Vol.1/FX/KLR1_FX_Fill_01.wav,dnb,other,FX
SMALL_SAMPLES/dnb_KAN Liquid Rollers Vol.1/FX/KLR1_FX_Fill_02.wav,dnb,other,FX
SMALL_SAMPLES/dnb_KAN Liquid Rollers Vol.1/FX/KLR1_FX_Fill_03.wav,dnb,other,FX
SMALL_SAMPLES/dnb_KAN Liquid Rollers Vol.1/FX/KLR1_FX_09.wav,dnb,other,FX
SMALL_SAMPLES/dnb_KAN Liquid Rollers Vol.1/FX/KLR1_174_Riser_20.wav,dnb,other,FX
SMALL_SAMPLES/dnb_KAN Liquid Rollers Vol.1/FX/KLR1_174_Riser_08.wav,dnb,other,FX
SMALL_SAMPLES/dnb_KAN Liquid Rollers Vol.1/FX/KLR1_174_Riser_09.wav,dnb,other,FX
SMALL_SAMPLES/dnb_KAN Liquid Rollers Vol.1/FX/KLR1_FX_08.wav,dnb,other,FX
SMALL_SAMPLES/dnb_KAN Liquid Rollers Vol.1/FX/KLR1_174_Riser_19.wav,dnb,other,FX
SMALL_SAMPLES/dnb_KAN Liquid Rollers Vol.1/FX/KLR1_174_Riser_18.wav,dnb,other,FX
SMALL_SAMPLES/dnb_KAN Liquid Rollers Vol.1/FX/KLR1_174_Riser_15.wav,dnb,other,FX
SMALL_SAMPLES/dnb_KAN Liquid Rollers Vol.1/FX/KLR1_174_Riser_01.wav,dnb,other,FX
SMALL_SAMPLES/dnb_KAN Liquid Rollers Vol.1/FX/KLR1_FX_14.wav,dnb,other,FX
SMALL_SAMPLES/dnb_KAN Liquid Rollers Vol.1/FX/KLR1_FX_15.wav,dnb,other,FX
SMALL_SAMPLES/dnb_KAN Liquid Rollers Vol.1/FX/KLR1_FX_01.wav,dnb,other,FX
SMALL_SAMPLES/dnb_KAN Liquid Rollers Vol.1/FX/KLR1_174_Riser_14.wav,dnb,other,FX
SMALL_SAMPLES/dnb_KAN Liquid Rollers Vol.1/FX/KLR1_174_Riser_02.wav,dnb,other,FX
SMALL_SAMPLES/dnb_KAN Liquid Rollers Vol.1/FX/KLR1_174_Riser_16.wav,dnb,other,FX
SMALL_SAMPLES/dnb_KAN Liquid Rollers Vol.1/FX/KLR1_FX_03.wav,dnb,other,FX
SMALL_SAMPLES/dnb_KAN Liquid Rollers Vol.1/FX/KLR1_FX_02.wav,dnb,other,FX
SMALL_SAMPLES/dnb_KAN Liquid Rollers Vol.1/FX/KLR1_174_Riser_17.wav,dnb,other,FX
SMALL_SAMPLES/dnb_KAN Liquid Rollers Vol.1/FX/KLR1_174_Riser_03.wav,dnb,other,FX
SMALL_SAMPLES/dnb_KAN Liquid Rollers Vol.1/FX/KLR1_FX_12.wav,dnb,other,FX
SMALL_SAMPLES/dnb_KAN Liquid Rollers Vol.1/FX/KLR1_FX_06.wav,dnb,other,FX
SMALL_SAMPLES/dnb_KAN Liquid Rollers Vol.1/FX/KLR1_174_Riser_07.wav,dnb,other,FX
SMALL_SAMPLES/dnb_KAN Liquid Rollers Vol.1/FX/KLR1_174_Riser_13.wav,dnb,other,FX
SMALL_SAMPLES/dnb_KAN Liquid Rollers Vol.1/FX/KLR1_174_Riser_12.wav,dnb,other,FX
SMALL_SAMPLES/dnb_KAN Liquid Rollers Vol.1/FX/KLR1_174_Riser_06.wav,dnb,other,FX
SMALL_SAMPLES/dnb_KAN Liquid Rollers Vol.1/FX/KLR1_FX_07.wav,dnb,other,FX
SMALL_SAMPLES/dnb_KAN Liquid Rollers Vol.1/FX/KLR1_FX_13.wav,dnb,other,FX
SMALL_SAMPLES/dnb_KAN Liquid Rollers Vol.1/FX/KLR1_FX_05.wav,dnb,other,FX
SMALL_SAMPLES/dnb_KAN Liquid Rollers Vol.1/FX/KLR1_FX_11.wav,dnb,other,FX
SMALL_SAMPLES/dnb_KAN Liquid Rollers Vol.1/FX/KLR1_174_Riser_10.wav,dnb,other,FX
SMALL_SAMPLES/dnb_KAN Liquid Rollers Vol.1/FX/KLR1_174_Riser_04.wav,dnb,other,FX
SMALL_SAMPLES/dnb_KAN Liquid Rollers Vol.1/FX/KLR1_174_Riser_05.wav,dnb,other,FX
SMALL_SAMPLES/dnb_KAN Liquid Rollers Vol.1/FX/KLR1_174_Riser_11.wav,dnb,other,FX
SMALL_SAMPLES/dnb_KAN Liquid Rollers Vol.1/FX/KLR1_FX_10.wav,dnb,other,FX
SMALL_SAMPLES/dnb_KAN Liquid Rollers Vol.1/FX/KLR1_FX_04.wav,dnb,other,FX
SMALL_SAMPLES/dnb_KAN Liquid Rollers Vol.1/FX/KLR1_FX_Crash_01.wav,dnb,other,FX
SMALL_SAMPLES/dnb_KAN Liquid Rollers Vol.1/FX/KLR1_FX_Crash_03.wav,dnb,other,FX
SMALL_SAMPLES/dnb_KAN Liquid Rollers Vol.1/FX/KLR1_FX_Crash_02.wav,dnb,other,FX
SMALL_SAMPLES/dnb_KAN Liquid Rollers Vol.1/FX/KLR1_FX_Fill_08.wav,dnb,other,FX
SMALL_SAMPLES/dnb_KAN Liquid Rollers Vol.1/FX/KLR1_FX_Crash_06.wav,dnb,other,FX
SMALL_SAMPLES/dnb_KAN Liquid Rollers Vol.1/FX/KLR1_FX_Crash_07.wav,dnb,other,FX
SMALL_SAMPLES/dnb_KAN Liquid Rollers Vol.1/FX/KLR1_FX_Fill_09.wav,dnb,other,FX
SMALL_SAMPLES/dnb_KAN Liquid Rollers Vol.1/FX/KLR1_FX_Crash_05.wav,dnb,other,FX
SMALL_SAMPLES/dnb_KAN Liquid Rollers Vol.1/FX/KLR1_FX_Crash_10.wav,dnb,other,FX
SMALL_SAMPLES/dnb_KAN Liquid Rollers Vol.1/FX/KLR1_FX_Crash_04.wav,dnb,other,FX
SMALL_SAMPLES/dnb_KAN Liquid Rollers Vol.1/Vocals/KLR1_174_F#_Vocal_17.wav,dnb,other,Vocals
SMALL_SAMPLES/dnb_KAN Liquid Rollers Vol.1/Vocals/KLR1_174_D_Vocal_09.wav,dnb,other,Vocals
SMALL_SAMPLES/dnb_KAN Liquid Rollers Vol.1/Vocals/KLR1_174_Vocal_28.wav,dnb,other,Vocals
SMALL_SAMPLES/dnb_KAN Liquid Rollers Vol.1/Vocals/KLR1_174_D_Vocal_08.wav,dnb,other,Vocals
SMALL_SAMPLES/dnb_KAN Liquid Rollers Vol.1/Vocals/KLR1_174_G#_Vocal_22.wav,dnb,other,Vocals
SMALL_SAMPLES/dnb_KAN Liquid Rollers Vol.1/Vocals/KLR1_174_F_Vocal_16.wav,dnb,other,Vocals
SMALL_SAMPLES/dnb_KAN Liquid Rollers Vol.1/Vocals/KLR1_174_A_Vocal_02.wav,dnb,other,Vocals
SMALL_SAMPLES/dnb_KAN Liquid Rollers Vol.1/Vocals/KLR1_174_G#_Vocal_21.wav,dnb,other,Vocals
SMALL_SAMPLES/dnb_KAN Liquid Rollers Vol.1/Vocals/KLR1_174_A#_Vocal_03.wav,dnb,other,Vocals
SMALL_SAMPLES/dnb_KAN Liquid Rollers Vol.1/Vocals/KLR1_174_A_Vocal_01.wav,dnb,other,Vocals
SMALL_SAMPLES/dnb_KAN Liquid Rollers Vol.1/Vocals/KLR1_174_B_Vocal_04.wav,dnb,other,Vocals
SMALL_SAMPLES/dnb_KAN Liquid Rollers Vol.1/Vocals/KLR1_174_Vocal_23.wav,dnb,other,Vocals
SMALL_SAMPLES/dnb_KAN Liquid Rollers Vol.1/Vocals/KLR1_174_B_Vocal_05.wav,dnb,other,Vocals
SMALL_SAMPLES/dnb_KAN Liquid Rollers Vol.1/Vocals/KLR1_174_E_Vocal_11.wav,dnb,other,Vocals
SMALL_SAMPLES/dnb_KAN Liquid Rollers Vol.1/Vocals/KLR1_174_E_Vocal_13.wav,dnb,other,Vocals
SMALL_SAMPLES/dnb_KAN Liquid Rollers Vol.1/Vocals/KLR1_174_G_Vocal_20.wav,dnb,other,Vocals
SMALL_SAMPLES/dnb_KAN Liquid Rollers Vol.1/Vocals/KLR1_174_E_Vocal_12.wav,dnb,other,Vocals
SMALL_SAMPLES/dnb_KAN Liquid Rollers Vol.1/Vocals/KLR1_174_Vocal_24.wav,dnb,other,Vocals
SMALL_SAMPLES/dnb_KAN Liquid Rollers Vol.1/Vocals/KLR1_174_G_Vocal_19.wav,dnb,other,Vocals
SMALL_SAMPLES/dnb_KAN Liquid Rollers Vol.1/Vocals/KLR1_174_Vocal_25.wav,dnb,other,Vocals
SMALL_SAMPLES/dnb_KAN Liquid Rollers Vol.1/Vocals/KLR1_174_F#_Vocal_18.wav,dnb,other,Vocals
SMALL_SAMPLES/dnb_KAN Liquid Rollers Vol.1/Vocals/KLR1_174_E_Vocal_15.wav,dnb,other,Vocals
SMALL_SAMPLES/dnb_KAN Liquid Rollers Vol.1/Vocals/KLR1_174_C_Vocal_06.wav,dnb,other,Vocals
SMALL_SAMPLES/dnb_KAN Liquid Rollers Vol.1/Vocals/KLR1_174_Vocal_27.wav,dnb,other,Vocals
SMALL_SAMPLES/dnb_KAN Liquid Rollers Vol.1/Vocals/KLR1_174_Vocal_26.wav,dnb,other,Vocals
SMALL_SAMPLES/dnb_KAN Liquid Rollers Vol.1/Vocals/KLR1_174_D_Vocal_07.wav,dnb,other,Vocals
SMALL_SAMPLES/dnb_KAN Liquid Rollers Vol.1/Vocals/KLR1_174_D#_Vocal_10.wav,dnb,other,Vocals
SMALL_SAMPLES/dnb_KAN Liquid Rollers Vol.1/Vocals/KLR1_174_E_Vocal_14.wav,dnb,other,Vocals
SMALL_SAMPLES/dnb_KAN Liquid Rollers Vol.1/Atmosphere/KLR1_C_174_Atmos_06.wav,dnb,other,Atmosphere
SMALL_SAMPLES/dnb_KAN Liquid Rollers Vol.1/Atmosphere/KLR1_C_174_Atmos_07.wav,dnb,other,Atmosphere
SMALL_SAMPLES/dnb_KAN Liquid Rollers Vol.1/Atmosphere/KLR1_D#_174_Atmos_14.wav,dnb,other,Atmosphere
SMALL_SAMPLES/dnb_KAN Liquid Rollers Vol.1/Atmosphere/KLR1_G_174_Atmos_29.wav,dnb,other,Atmosphere
SMALL_SAMPLES/dnb_KAN Liquid Rollers Vol.1/Atmosphere/KLR1_C_174_Atmos_05.wav,dnb,other,Atmosphere
SMALL_SAMPLES/dnb_KAN Liquid Rollers Vol.1/Atmosphere/KLR1_C_174_Atmos_04.wav,dnb,other,Atmosphere
SMALL_SAMPLES/dnb_KAN Liquid Rollers Vol.1/Atmosphere/KLR1_A#_174_Atmos_02.wav,dnb,other,Atmosphere
SMALL_SAMPLES/dnb_KAN Liquid Rollers Vol.1/Atmosphere/KLR1_G_174_Atmos_28.wav,dnb,other,Atmosphere
SMALL_SAMPLES/dnb_KAN Liquid Rollers Vol.1/Atmosphere/KLR1_D#_174_Atmos_12.wav,dnb,other,Atmosphere
SMALL_SAMPLES/dnb_KAN Liquid Rollers Vol.1/Atmosphere/KLR1_D#_174_Atmos_13.wav,dnb,other,Atmosphere
SMALL_SAMPLES/dnb_KAN Liquid Rollers Vol.1/Atmosphere/KLR1_E_174_Atmos_21.wav,dnb,other,Atmosphere
SMALL_SAMPLES/dnb_KAN Liquid Rollers Vol.1/Atmosphere/KLR1_E_174_Atmos_20.wav,dnb,other,Atmosphere
SMALL_SAMPLES/dnb_KAN Liquid Rollers Vol.1/Atmosphere/KLR1_E_174_Atmos_18.wav,dnb,other,Atmosphere
SMALL_SAMPLES/dnb_KAN Liquid Rollers Vol.1/Atmosphere/KLR1_B_174_Atmos_03.wav,dnb,other,Atmosphere
SMALL_SAMPLES/dnb_KAN Liquid Rollers Vol.1/Atmosphere/KLR1_E_174_Atmos_19.wav,dnb,other,Atmosphere
SMALL_SAMPLES/dnb_KAN Liquid Rollers Vol.1/Atmosphere/KLR1_F_174_Atmos_22.wav,dnb,other,Atmosphere
SMALL_SAMPLES/dnb_KAN Liquid Rollers Vol.1/Atmosphere/KLR1_F_174_Atmos_23.wav,dnb,other,Atmosphere
SMALL_SAMPLES/dnb_KAN Liquid Rollers Vol.1/Atmosphere/KLR1_E_174_Atmos_15.wav,dnb,other,Atmosphere
SMALL_SAMPLES/dnb_KAN Liquid Rollers Vol.1/Atmosphere/KLR1_E_174_Atmos_17.wav,dnb,other,Atmosphere
SMALL_SAMPLES/dnb_KAN Liquid Rollers Vol.1/Atmosphere/KLR1_E_174_Atmos_16.wav,dnb,other,Atmosphere
SMALL_SAMPLES/dnb_KAN Liquid Rollers Vol.1/Atmosphere/KLR1_F_174_Atmos_24.wav,dnb,other,Atmosphere
SMALL_SAMPLES/dnb_KAN Liquid Rollers Vol.1/Atmosphere/KLR1_F#_174_Atmos_25.wav,dnb,other,Atmosphere
SMALL_SAMPLES/dnb_KAN Liquid Rollers Vol.1/Atmosphere/KLR1_F#_174_Atmos_27.wav,dnb,other,Atmosphere
SMALL_SAMPLES/dnb_KAN Liquid Rollers Vol.1/Atmosphere/KLR1_A_174_Atmos_01.wav,dnb,other,Atmosphere
SMALL_SAMPLES/dnb_KAN Liquid Rollers Vol.1/Atmosphere/KLR1_F#_174_Atmos_26.wav,dnb,other,Atmosphere
SMALL_SAMPLES/dnb_KAN Liquid Rollers Vol.1/Atmosphere/KLR1_G_174_Atmos_31.wav,dnb,other,Atmosphere
SMALL_SAMPLES/dnb_KAN Liquid Rollers Vol.1/Atmosphere/KLR1_C_174_Atmos_09.wav,dnb,other,Atmosphere
SMALL_SAMPLES/dnb_KAN Liquid Rollers Vol.1/Atmosphere/KLR1_C_174_Atmos_08.wav,dnb,other,Atmosphere
SMALL_SAMPLES/dnb_KAN Liquid Rollers Vol.1/Atmosphere/KLR1_G_174_Atmos_30.wav,dnb,other,Atmosphere
SMALL_SAMPLES/dnb_KAN Liquid Rollers Vol.1/Atmosphere/KLR1_D_174_Atmos_10.wav,dnb,other,Atmosphere
SMALL_SAMPLES/dnb_KAN Liquid Rollers Vol.1/Atmosphere/KLR1_D_174_Atmos_11.wav,dnb,other,Atmosphere
SMALL_SAMPLES/dnb_KAN Liquid Rollers Vol.1/Pad Loops/KLR1_G#_174_Padloop_25_(G#-F#-C#).wav,dnb,loop,Pad Loops
SMALL_SAMPLES/dnb_KAN Liquid Rollers Vol.1/Pad Loops/KLR1_E_174_Padloop_14_(E-F#).wav,dnb,loop,Pad Loops
SMALL_SAMPLES/dnb_KAN Liquid Rollers Vol.1/Pad Loops/KLR1_D_174_Padloop_09_(D-F#-B).wav,dnb,loop,Pad Loops
SMALL_SAMPLES/dnb_KAN Liquid Rollers Vol.1/Pad Loops/KLR1_G_174_Padloop_24_(G-F-D#-D).wav,dnb,loop,Pad Loops
SMALL_SAMPLES/dnb_KAN Liquid Rollers Vol.1/Pad Loops/KLR1_D_174_Padloop_10_(D-A).wav,dnb,loop,Pad Loops
SMALL_SAMPLES/dnb_KAN Liquid Rollers Vol.1/Pad Loops/KLR1_C_174_Padloop_03_(G#-F-C-A#).wav,dnb,loop,Pad Loops
SMALL_SAMPLES/dnb_KAN Liquid Rollers Vol.1/Pad Loops/KLR1_D_174_Padloop_08_(D-F-C-G).wav,dnb,loop,Pad Loops
SMALL_SAMPLES/dnb_KAN Liquid Rollers Vol.1/Pad Loops/KLR1_F_174_Padloop_18_(F-D#).wav,dnb,loop,Pad Loops
SMALL_SAMPLES/dnb_KAN Liquid Rollers Vol.1/Pad Loops/KLR1_E_174_Padloop_11_(B-E-A-D).wav,dnb,loop,Pad Loops
SMALL_SAMPLES/dnb_KAN Liquid Rollers Vol.1/Pad Loops/KLR1_F_174_Padloop_17_(F-C).wav,dnb,loop,Pad Loops
SMALL_SAMPLES/dnb_KAN Liquid Rollers Vol.1/Pad Loops/KLR1_F#_174_Padloop_20.wav,dnb,loop,Pad Loops
SMALL_SAMPLES/dnb_KAN Liquid Rollers Vol.1/Pad Loops/KLR1_C_174_Padloop_04_(D#-F#-B-C#).wav,dnb,loop,Pad Loops
SMALL_SAMPLES/dnb_KAN Liquid Rollers Vol.1/Pad Loops/KLR1_G_174_Padloop_22_(G-F-D).wav,dnb,loop,Pad Loops
SMALL_SAMPLES/dnb_KAN Liquid Rollers Vol.1/Pad Loops/KLR1_F_174_Padloop_16_(F-C-F-G).wav,dnb,loop,Pad Loops
SMALL_SAMPLES/dnb_KAN Liquid Rollers Vol.1/Pad Loops/KLR1_G_174_Padloop_21_(G-D-G#-A#).wav,dnb,loop,Pad Loops
SMALL_SAMPLES/dnb_KAN Liquid Rollers Vol.1/Pad Loops/KLR1_C_174_Padloop_05_(D#-G#-F#-B).wav,dnb,loop,Pad Loops
SMALL_SAMPLES/dnb_KAN Liquid Rollers Vol.1/Pad Loops/KLR1_F_174_Padloop_19.wav,dnb,loop,Pad Loops
SMALL_SAMPLES/dnb_KAN Liquid Rollers Vol.1/Pad Loops/KLR1_A_174_Padloop_02_(A-G-F-G).wav,dnb,loop,Pad Loops
SMALL_SAMPLES/dnb_KAN Liquid Rollers Vol.1/Pad Loops/KLR1_C#_174_Padloop_07_(C#-D#-F-C#).wav,dnb,loop,Pad Loops
SMALL_SAMPLES/dnb_KAN Liquid Rollers Vol.1/Pad Loops/KLR1_A_174_Padloop_01_(A-C-D).wav,dnb,loop,Pad Loops
SMALL_SAMPLES/dnb_KAN Liquid Rollers Vol.1/Pad Loops/KLR1_G_174_Padloop_23_(G-C).wav,dnb,loop,Pad Loops
SMALL_SAMPLES/dnb_KAN Liquid Rollers Vol.1/Pad Loops/KLR1_E_174_Padloop_12_(C-C#-D-D#-E-B-C-B).wav,dnb,loop,Pad Loops
SMALL_SAMPLES/dnb_KAN Liquid Rollers Vol.1/Pad Loops/KLR1_E_174_Padloop_15_(E-G-F#).wav,dnb,loop,Pad Loops
SMALL_SAMPLES/dnb_KAN Liquid Rollers Vol.1/Pad Loops/KLR1_C_174_Padloop_06_(C-D#-G-D#).wav,dnb,loop,Pad Loops
SMALL_SAMPLES/dnb_KAN Liquid Rollers Vol.1/Pad Loops/KLR1_E_174_Padloop_13_(E-B).wav,dnb,loop,Pad Loops
SMALL_SAMPLES/dnb_KAN Liquid Rollers Vol.1/Bass Loops/KLR1_F_174_Bassloop_46_(F-A).wav,dnb,loop,Bass Loops
SMALL_SAMPLES/dnb_KAN Liquid Rollers Vol.1/Bass Loops/KLR1_E_174_Bassloop_40_(B-E-A-D).wav,dnb,loop,Bass Loops
SMALL_SAMPLES/dnb_KAN Liquid Rollers Vol.1/Bass Loops/KLR1_B_174_Bassloop_15_(B-A).wav,dnb,loop,Bass Loops
SMALL_SAMPLES/dnb_KAN Liquid Rollers Vol.1/Bass Loops/KLR1_G_174_Bassloop_58_(G-C-A#).wav,dnb,loop,Bass Loops
SMALL_SAMPLES/dnb_KAN Liquid Rollers Vol.1/Bass Loops/KLR1_C#_174_Bassloop_21.wav,dnb,loop,Bass Loops
SMALL_SAMPLES/dnb_KAN Liquid Rollers Vol.1/Bass Loops/KLR1_C#_174_Bassloop_20.wav,dnb,loop,Bass Loops
SMALL_SAMPLES/dnb_KAN Liquid Rollers Vol.1/Bass Loops/KLR1_F_174_Bassloop_48.wav,dnb,loop,Bass Loops
SMALL_SAMPLES/dnb_KAN Liquid Rollers Vol.1/Bass Loops/KLR1_E_174_Bassloop_36_(E-G).wav,dnb,loop,Bass Loops
SMALL_SAMPLES/dnb_KAN Liquid Rollers Vol.1/Bass Loops/KLR1_E_174_Bassloop_33_(E-B-A).wav,dnb,loop,Bass Loops
SMALL_SAMPLES/dnb_KAN Liquid Rollers Vol.1/Bass Loops/KLR1_G_174_Bassloop_54_(G-F-D).wav,dnb,loop,Bass Loops
SMALL_SAMPLES/dnb_KAN Liquid Rollers Vol.1/Bass Loops/KLR1_F#_174_Bassloop_51.wav,dnb,loop,Bass Loops
SMALL_SAMPLES/dnb_KAN Liquid Rollers Vol.1/Bass Loops/KLR1_D#_174_Bassloop_28.wav,dnb,loop,Bass Loops
SMALL_SAMPLES/dnb_KAN Liquid Rollers Vol.1/Bass Loops/KLR1_D#_174_Bassloop_29.wav,dnb,loop,Bass Loops
SMALL_SAMPLES/dnb_KAN Liquid Rollers Vol.1/Bass Loops/KLR1_F#_174_Bassloop_50.wav,dnb,loop,Bass Loops
SMALL_SAMPLES/dnb_KAN Liquid Rollers Vol.1/Bass Loops/KLR1_E_174_Bassloop_39.wav,dnb,loop,Bass Loops
SMALL_SAMPLES/dnb_KAN Liquid Rollers Vol.1/Bass Loops/KLR1_F#_174_Bassloop_52.wav,dnb,loop,Bass Loops
SMALL_SAMPLES/dnb_KAN Liquid Rollers Vol.1/Bass Loops/KLR1_C_174_Bassloop_17.wav,dnb,loop,Bass Loops
SMALL_SAMPLES/dnb_KAN Liquid Rollers Vol.1/Bass Loops/KLR1_G#_174_Bassloop_61_(G#-F#-C#).wav,dnb,loop,Bass Loops
SMALL_SAMPLES/dnb_KAN Liquid Rollers Vol.1/Bass Loops/KLR1_C_174_Bassloop_16.wav,dnb,loop,Bass Loops
SMALL_SAMPLES/dnb_KAN Liquid Rollers Vol.1/Bass Loops/KLR1_D_174_Bassloop_25_(D-A).wav,dnb,loop,Bass Loops
SMALL_SAMPLES/dnb_KAN Liquid Rollers Vol.1/Bass Loops/KLR1_A_174_Bassloop_03_(A-F-D-C).wav,dnb,loop,Bass Loops
SMALL_SAMPLES/dnb_KAN Liquid Rollers Vol.1/Bass Loops/KLR1_F#_174_Bassloop_53_(F#-E-D-C).wav,dnb,loop,Bass Loops
SMALL_SAMPLES/dnb_KAN Liquid Rollers Vol.1/Bass Loops/KLR1_A_174_Bassloop_02_(A-D).wav,dnb,loop,Bass Loops
SMALL_SAMPLES/dnb_KAN Liquid Rollers Vol.1/Bass Loops/KLR1_A_174_Bassloop_10_(A-G-D-C).wav,dnb,loop,Bass Loops
SMALL_SAMPLES/dnb_KAN Liquid Rollers Vol.1/Bass Loops/KLR1_A_174_Bassloop_06.wav,dnb,loop,Bass Loops
SMALL_SAMPLES/dnb_KAN Liquid Rollers Vol.1/Bass Loops/KLR1_C#_174_Bassloop_19_(C#-G#-A#-F#).wav,dnb,loop,Bass Loops
SMALL_SAMPLES/dnb_KAN Liquid Rollers Vol.1/Bass Loops/KLR1_E_174_Bassloop_37_(E-G).wav,dnb,loop,Bass Loops
SMALL_SAMPLES/dnb_KAN Liquid Rollers Vol.1/Bass Loops/KLR1_A_174_Bassloop_07.wav,dnb,loop,Bass Loops
SMALL_SAMPLES/dnb_KAN Liquid Rollers Vol.1/Bass Loops/KLR1_D_174_Bassloop_24.wav,dnb,loop,Bass Loops
SMALL_SAMPLES/dnb_KAN Liquid Rollers Vol.1/Bass Loops/KLR1_A_174_Bassloop_04_(E-A).wav,dnb,loop,Bass Loops
SMALL_SAMPLES/dnb_KAN Liquid Rollers Vol.1/Bass Loops/KLR1_E_174_Bassloop_32.wav,dnb,loop,Bass Loops
SMALL_SAMPLES/dnb_KAN Liquid Rollers Vol.1/Bass Loops/KLR1_E_174_Bassloop_38_(E-G-B).wav,dnb,loop,Bass Loops
SMALL_SAMPLES/dnb_KAN Liquid Rollers Vol.1/Bass Loops/KLR1_A_174_Bassloop_09.wav,dnb,loop,Bass Loops
SMALL_SAMPLES/dnb_KAN Liquid Rollers Vol.1/Bass Loops/KLR1_D_174_Bassloop_27.wav,dnb,loop,Bass Loops
SMALL_SAMPLES/dnb_KAN Liquid Rollers Vol.1/Bass Loops/KLR1_A_174_Bassloop_08.wav,dnb,loop,Bass Loops
SMALL_SAMPLES/dnb_KAN Liquid Rollers Vol.1/Bass Loops/KLR1_D_174_Bassloop_22.wav,dnb,loop,Bass Loops
SMALL_SAMPLES/dnb_KAN Liquid Rollers Vol.1/Bass Loops/KLR1_B_174_Bassloop_13_(B-E).wav,dnb,loop,Bass Loops
SMALL_SAMPLES/dnb_KAN Liquid Rollers Vol.1/Bass Loops/KLR1_D_174_Bassloop_23.wav,dnb,loop,Bass Loops
SMALL_SAMPLES/dnb_KAN Liquid Rollers Vol.1/Bass Loops/KLR1_D_174_Bassloop_26_(D-A).wav,dnb,loop,Bass Loops
SMALL_SAMPLES/dnb_KAN Liquid Rollers Vol.1/Bass Loops/KLR1_E_174_Bassloop_34.wav,dnb,loop,Bass Loops
SMALL_SAMPLES/dnb_KAN Liquid Rollers Vol.1/Bass Loops/KLR1_F#_174_Bassloop_49.wav,dnb,loop,Bass Loops
SMALL_SAMPLES/dnb_KAN Liquid Rollers Vol.1/Bass Loops/KLR1_C_174_Bassloop_18.wav,dnb,loop,Bass Loops
SMALL_SAMPLES/dnb_KAN Liquid Rollers Vol.1/Bass Loops/KLR1_D#_174_Bassloop_30.wav,dnb,loop,Bass Loops
SMALL_SAMPLES/dnb_KAN Liquid Rollers Vol.1/Bass Loops/KLR1_D#_174_Bassloop_31.wav,dnb,loop,Bass Loops
SMALL_SAMPLES/dnb_KAN Liquid Rollers Vol.1/Bass Loops/KLR1_F_174_Bassloop_44.wav,dnb,loop,Bass Loops
SMALL_SAMPLES/dnb_KAN Liquid Rollers Vol.1/Bass Loops/KLR1_F_174_Bassloop_45.wav,dnb,loop,Bass Loops
SMALL_SAMPLES/dnb_KAN Liquid Rollers Vol.1/Bass Loops/KLR1_A_174_Bassloop_01_(A-C).wav,dnb,loop,Bass Loops
SMALL_SAMPLES/dnb_KAN Liquid Rollers Vol.1/Bass Loops/KLR1_A_174_Bassloop_05_(A-F).wav,dnb,loop,Bass Loops
SMALL_SAMPLES/dnb_KAN Liquid Rollers Vol.1/Bass Loops/KLR1_F_174_Bassloop_47.wav,dnb,loop,Bass Loops
SMALL_SAMPLES/dnb_KAN Liquid Rollers Vol.1/Bass Loops/KLR1_G#_174_Bassloop_59.wav,dnb,loop,Bass Loops
SMALL_SAMPLES/dnb_KAN Liquid Rollers Vol.1/Bass Loops/KLR1_B_174_Bassloop_11_(B-G).wav,dnb,loop,Bass Loops
SMALL_SAMPLES/dnb_KAN Liquid Rollers Vol.1/Bass Loops/KLR1_F_174_Bassloop_42.wav,dnb,loop,Bass Loops
SMALL_SAMPLES/dnb_KAN Liquid Rollers Vol.1/Bass Loops/KLR1_B_174_Bassloop_12_(B-E).wav,dnb,loop,Bass Loops
SMALL_SAMPLES/dnb_KAN Liquid Rollers Vol.1/Bass Loops/KLR1_G_174_Bassloop_57.wav,dnb,loop,Bass Loops
SMALL_SAMPLES/dnb_KAN Liquid Rollers Vol.1/Bass Loops/KLR1_G_174_Bassloop_56.wav,dnb,loop,Bass Loops
SMALL_SAMPLES/dnb_KAN Liquid Rollers Vol.1/Bass Loops/KLR1_F_174_Bassloop_43.wav,dnb,loop,Bass Loops
SMALL_SAMPLES/dnb_KAN Liquid Rollers Vol.1/Bass Loops/KLR1_F_174_Bassloop_41.wav,dnb,loop,Bass Loops
SMALL_SAMPLES/dnb_KAN Liquid Rollers Vol.1/Bass Loops/KLR1_E_174_Bassloop_35_(E-G).wav,dnb,loop,Bass Loops
SMALL_SAMPLES/dnb_KAN Liquid Rollers Vol.1/Bass Loops/KLR1_G#_174_Bassloop_60_(G#-D#-A#-B-A#).wav,dnb,loop,Bass Loops
SMALL_SAMPLES/dnb_KAN Liquid Rollers Vol.1/Bass Loops/KLR1_G_174_Bassloop_55_(G-F-D).wav,dnb,loop,Bass Loops
SMALL_SAMPLES/dnb_KAN Liquid Rollers Vol.1/Bass Loops/KLR1_B_174_Bassloop_14_(B-A-G-F#).wav,dnb,loop,Bass Loops
SMALL_SAMPLES/dnb_KAN Liquid Rollers Vol.1/Synth Loops/KLR1_G_174_Musicloop_30_(G-F-D).wav,dnb,loop,Synth Loops
SMALL_SAMPLES/dnb_KAN Liquid Rollers Vol.1/Synth Loops/KLR1_E_174_Musicloop_17.wav,dnb,loop,Synth Loops
SMALL_SAMPLES/dnb_KAN Liquid Rollers Vol.1/Synth Loops/KLR1_F_174_Musicloop_24.wav,dnb,loop,Synth Loops
SMALL_SAMPLES/dnb_KAN Liquid Rollers Vol.1/Synth Loops/KLR1_C_174_Synthloop_07.wav,dnb,loop,Synth Loops
SMALL_SAMPLES/dnb_KAN Liquid Rollers Vol.1/Synth Loops/KLR1_E_174_Musicloop_19_(E-G).wav,dnb,loop,Synth Loops
SMALL_SAMPLES/dnb_KAN Liquid Rollers Vol.1/Synth Loops/KLR1_A_174_Musicloop_01_(A-D-C).wav,dnb,loop,Synth Loops
SMALL_SAMPLES/dnb_KAN Liquid Rollers Vol.1/Synth Loops/KLR1_F_174_Musicloop_22.wav,dnb,loop,Synth Loops
SMALL_SAMPLES/dnb_KAN Liquid Rollers Vol.1/Synth Loops/KLR1_F_174_Musicloop_23.wav,dnb,loop,Synth Loops
SMALL_SAMPLES/dnb_KAN Liquid Rollers Vol.1/Synth Loops/KLR1_E_174_Musicloop_16_(E-D).wav,dnb,loop,Synth Loops
SMALL_SAMPLES/dnb_KAN Liquid Rollers Vol.1/Synth Loops/KLR1_D_174_Musicloop_14.wav,dnb,loop,Synth Loops
SMALL_SAMPLES/dnb_KAN Liquid Rollers Vol.1/Synth Loops/KLR1_A_174_Musicloop_03.wav,dnb,loop,Synth Loops
SMALL_SAMPLES/dnb_KAN Liquid Rollers Vol.1/Synth Loops/KLR1_A_174_Musicloop_02.wav,dnb,loop,Synth Loops
SMALL_SAMPLES/dnb_KAN Liquid Rollers Vol.1/Synth Loops/KLR1_D_174_Musicloop_10_(D-A-G).wav,dnb,loop,Synth Loops
SMALL_SAMPLES/dnb_KAN Liquid Rollers Vol.1/Synth Loops/KLR1_B_174_Musicloop_04_(B-G).wav,dnb,loop,Synth Loops
SMALL_SAMPLES/dnb_KAN Liquid Rollers Vol.1/Synth Loops/KLR1_F#_174 _Musicloop_28.wav,dnb,loop,Synth Loops
SMALL_SAMPLES/dnb_KAN Liquid Rollers Vol.1/Synth Loops/KLR1_D_174_Musicloop_11.wav,dnb,loop,Synth Loops
SMALL_SAMPLES/dnb_KAN Liquid Rollers Vol.1/Synth Loops/KLR1_E_174_Musicloop_15_(E-B-A).wav,dnb,loop,Synth Loops
SMALL_SAMPLES/dnb_KAN Liquid Rollers Vol.1/Synth Loops/KLR1_F#_174 _Musicloop_29.wav,dnb,loop,Synth Loops
SMALL_SAMPLES/dnb_KAN Liquid Rollers Vol.1/Synth Loops/KLR1_D_174_Musicloop_09.wav,dnb,loop,Synth Loops
SMALL_SAMPLES/dnb_KAN Liquid Rollers Vol.1/Synth Loops/KLR1_F#_174 _Musicloop_27.wav,dnb,loop,Synth Loops
SMALL_SAMPLES/dnb_KAN Liquid Rollers Vol.1/Synth Loops/KLR1_F#_174 _Musicloop_26_(F#-A).wav,dnb,loop,Synth Loops
SMALL_SAMPLES/dnb_KAN Liquid Rollers Vol.1/Synth Loops/KLR1_G#_174 _Musicloop_31_(G#-F#-C#).wav,dnb,loop,Synth Loops
SMALL_SAMPLES/dnb_KAN Liquid Rollers Vol.1/Synth Loops/KLR1_C_174_Musicloop_6.wav,dnb,loop,Synth Loops
SMALL_SAMPLES/dnb_KAN Liquid Rollers Vol.1/Synth Loops/KLR1_D_174_Musicloop_12_(D-A).wav,dnb,loop,Synth Loops
SMALL_SAMPLES/dnb_KAN Liquid Rollers Vol.1/Synth Loops/KLR1_C#_174_Musicloop_08.wav,dnb,loop,Synth Loops
SMALL_SAMPLES/dnb_KAN Liquid Rollers Vol.1/Synth Loops/KLR1_E_174_Musicloop_20.wav,dnb,loop,Synth Loops
SMALL_SAMPLES/dnb_KAN Liquid Rollers Vol.1/Synth Loops/KLR1_C_174_Musicloop_05_(C-G).wav,dnb,loop,Synth Loops
SMALL_SAMPLES/dnb_KAN Liquid Rollers Vol.1/Synth Loops/KLR1_E_174_Musicloop_21.wav,dnb,loop,Synth Loops
SMALL_SAMPLES/dnb_KAN Liquid Rollers Vol.1/Synth Loops/KLR1_E_174_Musicloop_18.wav,dnb,loop,Synth Loops
SMALL_SAMPLES/dnb_KAN Liquid Rollers Vol.1/Synth Loops/KLR1_F#_174 _Musicloop_25_(F#-E-D-C).wav,dnb,loop,Synth Loops
SMALL_SAMPLES/dnb_KAN Liquid Rollers Vol.1/Synth Loops/KLR1_D_174_Musicloop_13_(D-A).wav,dnb,loop,Synth Loops
SMALL_SAMPLES/dnb_KAN Liquid Rollers Vol.1/Synth Loops/KLR1_G#_174 _Musicloop_32_(G#-F#-C#).wav,dnb,loop,Synth Loops
SMALL_SAMPLES/dnb_KAN Liquid Rollers Vol.1/Top Loops/KLR1_174_Shakerloop_09.wav,dnb,loop,Top Loops
SMALL_SAMPLES/dnb_KAN Liquid Rollers Vol.1/Top Loops/KLR1_174_Shakerloop_08.wav,dnb,loop,Top Loops
SMALL_SAMPLES/dnb_KAN Liquid Rollers Vol.1/Top Loops/KLR1_174_Percloop_01.wav,dnb,loop,Top Loops
SMALL_SAMPLES/dnb_KAN Liquid Rollers Vol.1/Top Loops/KLR1_174_Percloop_03.wav,dnb,loop,Top Loops
SMALL_SAMPLES/dnb_KAN Liquid Rollers Vol.1/Top Loops/KLR1_174_Percloop_02.wav,dnb,loop,Top Loops
SMALL_SAMPLES/dnb_KAN Liquid Rollers Vol.1/Top Loops/KLR1_174_Percloop_06.wav,dnb,loop,Top Loops
SMALL_SAMPLES/dnb_KAN Liquid Rollers Vol.1/Top Loops/KLR1_174_Percloop_07.wav,dnb,loop,Top Loops
SMALL_SAMPLES/dnb_KAN Liquid Rollers Vol.1/Top Loops/KLR1_174_Percloop_05.wav,dnb,loop,Top Loops
SMALL_SAMPLES/dnb_KAN Liquid Rollers Vol.1/Top Loops/KLR1_174_Percloop_04.wav,dnb,loop,Top Loops
SMALL_SAMPLES/dnb_KAN Liquid Rollers Vol.1/Top Loops/KLR1_174_Percloop_10.wav,dnb,loop,Top Loops
SMALL_SAMPLES/dnb_KAN Liquid Rollers Vol.1/Top Loops/KLR1_174_Rideloop_01.wav,dnb,loop,Top Loops
SMALL_SAMPLES/dnb_KAN Liquid Rollers Vol.1/Top Loops/KLR1_174_Toploop_06.wav,dnb,loop,Top Loops
SMALL_SAMPLES/dnb_KAN Liquid Rollers Vol.1/Top Loops/KLR1_174_Toploop_12.wav,dnb,loop,Top Loops
SMALL_SAMPLES/dnb_KAN Liquid Rollers Vol.1/Top Loops/KLR1_174_Toploop_07.wav,dnb,loop,Top Loops
SMALL_SAMPLES/dnb_KAN Liquid Rollers Vol.1/Top Loops/KLR1_174_Rideloop_02.wav,dnb,loop,Top Loops
SMALL_SAMPLES/dnb_KAN Liquid Rollers Vol.1/Top Loops/KLR1_174_Toploop_11.wav,dnb,loop,Top Loops
SMALL_SAMPLES/dnb_KAN Liquid Rollers Vol.1/Top Loops/KLR1_174_Toploop_05.wav,dnb,loop,Top Loops
SMALL_SAMPLES/dnb_KAN Liquid Rollers Vol.1/Top Loops/KLR1_174_Percloop_08_(D).wav,dnb,loop,Top Loops
SMALL_SAMPLES/dnb_KAN Liquid Rollers Vol.1/Top Loops/KLR1_174_Toploop_04.wav,dnb,loop,Top Loops
SMALL_SAMPLES/dnb_KAN Liquid Rollers Vol.1/Top Loops/KLR1_174_Toploop_10.wav,dnb,loop,Top Loops
SMALL_SAMPLES/dnb_KAN Liquid Rollers Vol.1/Top Loops/KLR1_174_Rideloop_03.wav,dnb,loop,Top Loops
SMALL_SAMPLES/dnb_KAN Liquid Rollers Vol.1/Top Loops/KLR1_174_Rideloop_07.wav,dnb,loop,Top Loops
SMALL_SAMPLES/dnb_KAN Liquid Rollers Vol.1/Top Loops/KLR1_174_Toploop_01.wav,dnb,loop,Top Loops
SMALL_SAMPLES/dnb_KAN Liquid Rollers Vol.1/Top Loops/KLR1_174_Rideloop_06.wav,dnb,loop,Top Loops
SMALL_SAMPLES/dnb_KAN Liquid Rollers Vol.1/Top Loops/KLR1_174_Rideloop_10.wav,dnb,loop,Top Loops
SMALL_SAMPLES/dnb_KAN Liquid Rollers Vol.1/Top Loops/KLR1_174_Rideloop_04.wav,dnb,loop,Top Loops
SMALL_SAMPLES/dnb_KAN Liquid Rollers Vol.1/Top Loops/KLR1_174_Toploop_03.wav,dnb,loop,Top Loops
SMALL_SAMPLES/dnb_KAN Liquid Rollers Vol.1/Top Loops/KLR1_174_Toploop_02.wav,dnb,loop,Top Loops
SMALL_SAMPLES/dnb_KAN Liquid Rollers Vol.1/Top Loops/KLR1_174_Rideloop_05.wav,dnb,loop,Top Loops
SMALL_SAMPLES/dnb_KAN Liquid Rollers Vol.1/Top Loops/KLR1_174_Rideloop_08.wav,dnb,loop,Top Loops
SMALL_SAMPLES/dnb_KAN Liquid Rollers Vol.1/Top Loops/KLR1_174_Rideloop_09.wav,dnb,loop,Top Loops
SMALL_SAMPLES/dnb_KAN Liquid Rollers Vol.1/Top Loops/KLR1_174_Toploop_09.wav,dnb,loop,Top Loops
SMALL_SAMPLES/dnb_KAN Liquid Rollers Vol.1/Top Loops/KLR1_174_Toploop_08.wav,dnb,loop,Top Loops
SMALL_SAMPLES/dnb_KAN Liquid Rollers Vol.1/Top Loops/KLR1_174_Percloop_09.wav,dnb,loop,Top Loops
SMALL_SAMPLES/dnb_KAN Liquid Rollers Vol.1/Top Loops/KLR1_174_Shakerloop_01.wav,dnb,loop,Top Loops
SMALL_SAMPLES/dnb_KAN Liquid Rollers Vol.1/Top Loops/KLR1_174_Shakerloop_03.wav,dnb,loop,Top Loops
SMALL_SAMPLES/dnb_KAN Liquid Rollers Vol.1/Top Loops/KLR1_174_Shakerloop_02.wav,dnb,loop,Top Loops
SMALL_SAMPLES/dnb_KAN Liquid Rollers Vol.1/Top Loops/KLR1_174_Shakerloop_06.wav,dnb,loop,Top Loops
SMALL_SAMPLES/dnb_KAN Liquid Rollers Vol.1/Top Loops/KLR1_174_Shakerloop_07.wav,dnb,loop,Top Loops
SMALL_SAMPLES/dnb_KAN Liquid Rollers Vol.1/Top Loops/KLR1_174_Shakerloop_05.wav,dnb,loop,Top Loops
SMALL_SAMPLES/dnb_KAN Liquid Rollers Vol.1/Top Loops/KLR1_174_Shakerloop_10.wav,dnb,loop,Top Loops
SMALL_SAMPLES/dnb_KAN Liquid Rollers Vol.1/Top Loops/KLR1_174_Shakerloop_04.wav,dnb,loop,Top Loops
SMALL_SAMPLES/garage_dubstep-Ghost Syndicate - Odyssey ΓÇô Deep Dubstep & Future Garage Sample Pack/GS_ODS_Bonus/GS_ODS_Drum_FX_Loops/GS_ODS_138_Drums_Wet.wav,garage_dubstep,other,GS_ODS_Bonus
SMALL_SAMPLES/garage_dubstep-Ghost Syndicate - Odyssey ΓÇô Deep Dubstep & Future Garage Sample Pack/GS_ODS_Bonus/GS_ODS_Drum_FX_Loops/GS_ODS_140_Drums_Wet_03.wav,garage_dubstep,other,GS_ODS_Bonus
SMALL_SAMPLES/garage_dubstep-Ghost Syndicate - Odyssey ΓÇô Deep Dubstep & Future Garage Sample Pack/GS_ODS_Bonus/GS_ODS_Drum_FX_Loops/GS_ODS_140_Drums_Wet_02.wav,garage_dubstep,other,GS_ODS_Bonus
SMALL_SAMPLES/garage_dubstep-Ghost Syndicate - Odyssey ΓÇô Deep Dubstep & Future Garage Sample Pack/GS_ODS_Bonus/GS_ODS_Drum_FX_Loops/GS_ODS_140_Drums_Wet_01.wav,garage_dubstep,other,GS_ODS_Bonus
SMALL_SAMPLES/garage_dubstep-Ghost Syndicate - Odyssey ΓÇô Deep Dubstep & Future Garage Sample Pack/GS_ODS_Bonus/GS_ODS_Drum_FX_Loops/GS_ODS_140_Drums_Wet_05.wav,garage_dubstep,other,GS_ODS_Bonus
SMALL_SAMPLES/garage_dubstep-Ghost Syndicate - Odyssey ΓÇô Deep Dubstep & Future Garage Sample Pack/GS_ODS_Bonus/GS_ODS_Drum_FX_Loops/GS_ODS_140_Drums_Wet_04.wav,garage_dubstep,other,GS_ODS_Bonus
SMALL_SAMPLES/garage_dubstep-Ghost Syndicate - Odyssey ΓÇô Deep Dubstep & Future Garage Sample Pack/GS_ODS_Bonus/GS_ODS_Drum_FX_Loops/GS_ODS_140_Drums_Wet_06.wav,garage_dubstep,other,GS_ODS_Bonus
SMALL_SAMPLES/garage_dubstep-Ghost Syndicate - Odyssey ΓÇô Deep Dubstep & Future Garage Sample Pack/GS_ODS_Bonus/GS_ODS_Drum_FX_Loops/GS_ODS_145_Drums_Wet.wav,garage_dubstep,other,GS_ODS_Bonus
SMALL_SAMPLES/garage_dubstep-Ghost Syndicate - Odyssey ΓÇô Deep Dubstep & Future Garage Sample Pack/GS_ODS_Bonus/GS_ODS_Drum_FX_Loops/GS_ODS_141_Drums_Wet.wav,garage_dubstep,other,GS_ODS_Bonus
SMALL_SAMPLES/garage_dubstep-Ghost Syndicate - Odyssey ΓÇô Deep Dubstep & Future Garage Sample Pack/GS_ODS_Bonus/GS_ODS_Drum_FX_Loops/GS_ODS_137_Drums_Wet.wav,garage_dubstep,other,GS_ODS_Bonus
SMALL_SAMPLES/house_Sample Market - Originals Sidney Charles/Drum Loops/Clap & Snare Loops/SM_SC_127_Snappy_Clap.wav,house,loop,Drum Loops
SMALL_SAMPLES/house_Sample Market - Originals Sidney Charles/Drum Loops/Clap & Snare Loops/SM_SC_127_Washy_Clap.wav,house,loop,Drum Loops
SMALL_SAMPLES/house_Sample Market - Originals Sidney Charles/Drum Loops/Clap & Snare Loops/SM_SC_128_Rough909_Snare.wav,house,loop,Drum Loops
SMALL_SAMPLES/house_Sample Market - Originals Sidney Charles/Drum Loops/Clap & Snare Loops/SM_SC_127_Washy_Snare.wav,house,loop,Drum Loops
SMALL_SAMPLES/house_Sample Market - Originals Sidney Charles/Drum Loops/Clap & Snare Loops/SM_SC_128_Sharp_Snare.wav,house,loop,Drum Loops
SMALL_SAMPLES/house_Sample Market - Originals Sidney Charles/Drum Loops/Clap & Snare Loops/SM_SC_128_Wayback_Clap.wav,house,loop,Drum Loops
SMALL_SAMPLES/house_Sample Market - Originals Sidney Charles/Drum Loops/Clap & Snare Loops/SM_SC_128_Formula_Clap.wav,house,loop,Drum Loops
SMALL_SAMPLES/house_Sample Market - Originals Sidney Charles/Drum Loops/Clap & Snare Loops/SM_SC_127_Content_Sare.wav,house,loop,Drum Loops
SMALL_SAMPLES/house_Sample Market - Originals Sidney Charles/Drum Loops/Clap & Snare Loops/SM_SC_127_Oldschool_Clap.wav,house,loop,Drum Loops
SMALL_SAMPLES/house_Sample Market - Originals Sidney Charles/Drum Loops/Clap & Snare Loops/SM_SC_128_Push_Clap.wav,house,loop,Drum Loops
SMALL_SAMPLES/house_Sample Market - Originals Sidney Charles/Drum Loops/Clap & Snare Loops/SM_SC_125_Follow_Snare.wav,house,loop,Drum Loops
SMALL_SAMPLES/house_Sample Market - Originals Sidney Charles/Drum Loops/Clap & Snare Loops/SM_SC_128_Sharp_Clap.wav,house,loop,Drum Loops
SMALL_SAMPLES/house_Sample Market - Originals Sidney Charles/Drum Loops/Clap & Snare Loops/SM_SC_123_Moral_Clap.wav,house,loop,Drum Loops
SMALL_SAMPLES/house_Sample Market - Originals Sidney Charles/Drum Loops/Clap & Snare Loops/SM_SC_125_Crust_Clap.wav,house,loop,Drum Loops
SMALL_SAMPLES/house_Sample Market - Originals Sidney Charles/Drum Loops/Clap & Snare Loops/SM_SC_128_Weirdo_Clap.wav,house,loop,Drum Loops
SMALL_SAMPLES/house_Sample Market - Originals Sidney Charles/Drum Loops/Clap & Snare Loops/SM_SC_128_Huff_Clap.wav,house,loop,Drum Loops
SMALL_SAMPLES/house_Sample Market - Originals Sidney Charles/Drum Loops/Clap & Snare Loops/SM_SC_127_Temple_Clap.wav,house,loop,Drum Loops
SMALL_SAMPLES/house_Sample Market - Originals Sidney Charles/Drum Loops/Clap & Snare Loops/SM_SC_125_Core_Clap.wav,house,loop,Drum Loops
SMALL_SAMPLES/house_Sample Market - Originals Sidney Charles/Drum Loops/Clap & Snare Loops/SM_SC_128_Transition_Clap.wav,house,loop,Drum Loops
SMALL_SAMPLES/house_Sample Market - Originals Sidney Charles/Drum Loops/Clap & Snare Loops/SM_SC_128_Rough909_Clap.wav,house,loop,Drum Loops
SMALL_SAMPLES/house_Sample Market - Originals Sidney Charles/Drum Loops/Clap & Snare Loops/SM_SC_128_Huff_Snare.wav,house,loop,Drum Loops
SMALL_SAMPLES/house_Sample Market - Originals Sidney Charles/Drum Loops/Clap & Snare Loops/SM_SC_129_Battery_Clap.wav,house,loop,Drum Loops
SMALL_SAMPLES/house_Sample Market - Originals Sidney Charles/Drum Loops/Clap & Snare Loops/SM_SC_126_Loopster_Clap.wav,house,loop,Drum Loops
SMALL_SAMPLES/house_Sample Market - Originals Sidney Charles/Drum Loops/Clap & Snare Loops/SM_SC_123_Moral_Snare.wav,house,loop,Drum Loops
SMALL_SAMPLES/house_Sample Market - Originals Sidney Charles/Drum Loops/Clap & Snare Loops/SM_SC_127_Arturo_Clap.wav,house,loop,Drum Loops
SMALL_SAMPLES/house_Sample Market - Originals Sidney Charles/Drum Loops/Clap & Snare Loops/SM_SC_128_Transition_Snare.wav,house,loop,Drum Loops
SMALL_SAMPLES/house_Sample Market - Originals Sidney Charles/Drum Loops/Clap & Snare Loops/SM_SC_129_Jode_RImSnare.wav,house,loop,Drum Loops
SMALL_SAMPLES/house_Sample Market - Originals Sidney Charles/Drum Loops/Clap & Snare Loops/SM_SC_128_HeadHigh_Clap.wav,house,loop,Drum Loops
SMALL_SAMPLES/house_Sample Market - Originals Sidney Charles/Drum Loops/Clap & Snare Loops/SM_SC_125_Distord909_Clap.wav,house,loop,Drum Loops
SMALL_SAMPLES/house_Sample Market - Originals Sidney Charles/Drum Loops/Clap & Snare Loops/SM_SC_125_Trekker_Clap.wav,house,loop,Drum Loops
SMALL_SAMPLES/house_Sample Market - Originals Sidney Charles/Drum Loops/Clap & Snare Loops/SM_SC_128_Formula_Snare.wav,house,loop,Drum Loops
SMALL_SAMPLES/house_Sample Market - Originals Sidney Charles/Drum Loops/Clap & Snare Loops/SM_SC_129_Jode_Clap.wav,house,loop,Drum Loops
SMALL_SAMPLES/house_Sample Market - Originals Sidney Charles/Drum Loops/Clap & Snare Loops/SM_SC_126_Fantasy_Clap.wav,house,loop,Drum Loops
SMALL_SAMPLES/house_Sample Market - Originals Sidney Charles/Drum Loops/Clap & Snare Loops/SM_SC_126_Flap_Snare.wav,house,loop,Drum Loops
SMALL_SAMPLES/house_Sample Market - Originals Sidney Charles/Drum Loops/Kick Loops/SM_SC_128_Idol_Kick.wav,house,loop,Drum Loops
SMALL_SAMPLES/house_Sample Market - Originals Sidney Charles/Drum Loops/Kick Loops/SM_SC_128_Hammer_Kick.wav,house,loop,Drum Loops
SMALL_SAMPLES/house_Sample Market - Originals Sidney Charles/Drum Loops/Kick Loops/SM_SC_127_Frooty_Kick.wav,house,loop,Drum Loops
SMALL_SAMPLES/house_Sample Market - Originals Sidney Charles/Drum Loops/Kick Loops/SM_SC_128_Boomy_Kick.wav,house,loop,Drum Loops
SMALL_SAMPLES/house_Sample Market - Originals Sidney Charles/Drum Loops/Kick Loops/SM_SC_128_Thumb_Kick.wav,house,loop,Drum Loops
SMALL_SAMPLES/house_Sample Market - Originals Sidney Charles/Drum Loops/Kick Loops/SM_SC_125_Heavy_Kick.wav,house,loop,Drum Loops
SMALL_SAMPLES/house_Sample Market - Originals Sidney Charles/Drum Loops/Kick Loops/SM_SC_126_Dynamic_Kick.wav,house,loop,Drum Loops
SMALL_SAMPLES/house_Sample Market - Originals Sidney Charles/Drum Loops/Kick Loops/SM_SC_128_Muffin_Kick.wav,house,loop,Drum Loops
SMALL_SAMPLES/house_Sample Market - Originals Sidney Charles/Drum Loops/Kick Loops/SM_SC_126_Stripped_Kick.wav,house,loop,Drum Loops
SMALL_SAMPLES/house_Sample Market - Originals Sidney Charles/Drum Loops/Kick Loops/SM_SC_128_Shindo_Kick.wav,house,loop,Drum Loops
SMALL_SAMPLES/house_Sample Market - Originals Sidney Charles/Drum Loops/Kick Loops/SM_SC_128_Expert_Kick.wav,house,loop,Drum Loops
SMALL_SAMPLES/house_Sample Market - Originals Sidney Charles/Drum Loops/Kick Loops/SM_SC_128_Homeboy_Kick.wav,house,loop,Drum Loops
SMALL_SAMPLES/house_Sample Market - Originals Sidney Charles/Drum Loops/Kick Loops/SM_SC_129_Phat_Kick.wav,house,loop,Drum Loops
SMALL_SAMPLES/house_Sample Market - Originals Sidney Charles/Drum Loops/Kick Loops/SM_SC_129_Battery_Kick.wav,house,loop,Drum Loops
SMALL_SAMPLES/house_Sample Market - Originals Sidney Charles/Drum Loops/Kick Loops/SM_SC_128_Frizz_Kick.wav,house,loop,Drum Loops
SMALL_SAMPLES/house_Sample Market - Originals Sidney Charles/Drum Loops/Kick Loops/SM_SC_125_Distord909_Kick.wav,house,loop,Drum Loops
SMALL_SAMPLES/house_Sample Market - Originals Sidney Charles/Drum Loops/Percussion Loops/SM_SC_127_Homtie_Percussion.wav,house,loop,Drum Loops
SMALL_SAMPLES/house_Sample Market - Originals Sidney Charles/Drum Loops/Percussion Loops/SM_SC_128_Ruby_Percussion.wav,house,loop,Drum Loops
SMALL_SAMPLES/house_Sample Market - Originals Sidney Charles/Drum Loops/Percussion Loops/SM_SC_128_Slick_Percussion.wav,house,loop,Drum Loops
SMALL_SAMPLES/house_Sample Market - Originals Sidney Charles/Drum Loops/Percussion Loops/SM_SC_128_Huff_Percussion.wav,house,loop,Drum Loops
SMALL_SAMPLES/house_Sample Market - Originals Sidney Charles/Drum Loops/Percussion Loops/SM_SC_127_Oldschool_Percussion.wav,house,loop,Drum Loops
SMALL_SAMPLES/house_Sample Market - Originals Sidney Charles/Drum Loops/Percussion Loops/SM_SC_127_Temple_Percussion.wav,house,loop,Drum Loops
SMALL_SAMPLES/house_Sample Market - Originals Sidney Charles/Drum Loops/Percussion Loops/SM_SC_127_Brody_Percussion.wav,house,loop,Drum Loops
SMALL_SAMPLES/house_Sample Market - Originals Sidney Charles/Drum Loops/Percussion Loops/SM_SC_128_Rough909_Tom_Percussion.wav,house,loop,Drum Loops
SMALL_SAMPLES/house_Sample Market - Originals Sidney Charles/Drum Loops/Percussion Loops/SM_SC_128_Weirdo_Percussion.wav,house,loop,Drum Loops
SMALL_SAMPLES/house_Sample Market - Originals Sidney Charles/Drum Loops/Percussion Loops/SM_SC_126_Fantasy_Percussion.wav,house,loop,Drum Loops
SMALL_SAMPLES/house_Sample Market - Originals Sidney Charles/Drum Loops/Percussion Loops/SM_SC_128_Push_Percussion.wav,house,loop,Drum Loops
SMALL_SAMPLES/house_Sample Market - Originals Sidney Charles/Drum Loops/Percussion Loops/SM_SC_127_washy_Percussion.wav,house,loop,Drum Loops
SMALL_SAMPLES/house_Sample Market - Originals Sidney Charles/Drum Loops/Percussion Loops/SM_SC_123_Moral_Percussion.wav,house,loop,Drum Loops
SMALL_SAMPLES/house_Sample Market - Originals Sidney Charles/Drum Loops/Percussion Loops/SM_SC_128_Formula_Percussion.wav,house,loop,Drum Loops
SMALL_SAMPLES/house_Sample Market - Originals Sidney Charles/Drum Loops/Percussion Loops/SM_SC_125_Distord909_Rim_Percussion.wav,house,loop,Drum Loops
SMALL_SAMPLES/house_Sample Market - Originals Sidney Charles/Drum Loops/Percussion Loops/SM_SC_128_HeadHigh_Percussion.wav,house,loop,Drum Loops
SMALL_SAMPLES/house_Sample Market - Originals Sidney Charles/Drum Loops/Percussion Loops/SM_SC_127_Timbo_Percussion.wav,house,loop,Drum Loops
SMALL_SAMPLES/house_Sample Market - Originals Sidney Charles/Drum Loops/Percussion Loops/SM_SC_128_Funi_Percussion.wav,house,loop,Drum Loops
SMALL_SAMPLES/house_Sample Market - Originals Sidney Charles/Drum Loops/Percussion Loops/SM_SC_129_Klitsch_Percussion.wav,house,loop,Drum Loops
SMALL_SAMPLES/house_Sample Market - Originals Sidney Charles/Drum Loops/Percussion Loops/SM_SC_128_Steph_Percussion.wav,house,loop,Drum Loops
SMALL_SAMPLES/house_Sample Market - Originals Sidney Charles/Drum Loops/Percussion Loops/SM_SC_128_Sharp_Percussion.wav,house,loop,Drum Loops
SMALL_SAMPLES/house_Sample Market - Originals Sidney Charles/Drum Loops/Percussion Loops/SM_SC_125_Distord909_Tom_Percussion.wav,house,loop,Drum Loops
SMALL_SAMPLES/house_Sample Market - Originals Sidney Charles/Drum Loops/Percussion Loops/SM_SC_127_Snimrare_Percussion.wav,house,loop,Drum Loops
SMALL_SAMPLES/house_Sample Market - Originals Sidney Charles/Drum Loops/Percussion Loops/SM_SC_128_Atom_Percussion.wav,house,loop,Drum Loops
SMALL_SAMPLES/house_Sample Market - Originals Sidney Charles/Drum Loops/Percussion Loops/SM_SC_128_Timtom_Percussion.wav,house,loop,Drum Loops
SMALL_SAMPLES/house_Sample Market - Originals Sidney Charles/Drum Loops/Percussion Loops/SM_SC_128_Wayback_Percussion.wav,house,loop,Drum Loops
SMALL_SAMPLES/house_Sample Market - Originals Sidney Charles/Drum Loops/Percussion Loops/SM_SC_129_Jode_Percussion.wav,house,loop,Drum Loops
SMALL_SAMPLES/house_Sample Market - Originals Sidney Charles/Drum Loops/Percussion Loops/SM_SC_128_Rough909_Rim_Percussion.wav,house,loop,Drum Loops
SMALL_SAMPLES/house_Sample Market - Originals Sidney Charles/Drum Loops/Percussion Loops/SM_SC_127_Arturo_Percussion.wav,house,loop,Drum Loops
SMALL_SAMPLES/house_Sample Market - Originals Sidney Charles/Drum Loops/Percussion Loops/SM_SC_127_Volta_Percussion.wav,house,loop,Drum Loops
SMALL_SAMPLES/house_Sample Market - Originals Sidney Charles/Drum Loops/Percussion Loops/SM_SC_128_Foxy_Percussion.wav,house,loop,Drum Loops
SMALL_SAMPLES/house_Sample Market - Originals Sidney Charles/Drum Loops/Percussion Loops/SM_SC_127_Shakubum_Percussion.wav,house,loop,Drum Loops
SMALL_SAMPLES/house_Sample Market - Originals Sidney Charles/Drum Loops/Percussion Loops/SM_SC_126_Redus_Percussion.wav,house,loop,Drum Loops
SMALL_SAMPLES/house_Sample Market - Originals Sidney Charles/Drum Loops/Full Drum Loops/SM_SC_127_Washy_Full.wav,house,loop,Drum Loops
SMALL_SAMPLES/house_Sample Market - Originals Sidney Charles/Drum Loops/Full Drum Loops/SM_SC_127_Snappy_Full.wav,house,loop,Drum Loops
SMALL_SAMPLES/house_Sample Market - Originals Sidney Charles/Drum Loops/Full Drum Loops/SM_SC_128_Wayback_Full.wav,house,loop,Drum Loops
SMALL_SAMPLES/house_Sample Market - Originals Sidney Charles/Drum Loops/Full Drum Loops/SM_SC_128_Formula_Full.wav,house,loop,Drum Loops
SMALL_SAMPLES/house_Sample Market - Originals Sidney Charles/Drum Loops/Full Drum Loops/SM_SC_128_Sharp_Full.wav,house,loop,Drum Loops
SMALL_SAMPLES/house_Sample Market - Originals Sidney Charles/Drum Loops/Full Drum Loops/SM_SC_128_Push_Full.wav,house,loop,Drum Loops
SMALL_SAMPLES/house_Sample Market - Originals Sidney Charles/Drum Loops/Full Drum Loops/SM_SC_127_Oldschool_Full.wav,house,loop,Drum Loops
SMALL_SAMPLES/house_Sample Market - Originals Sidney Charles/Drum Loops/Full Drum Loops/SM_SC_128_Huff_Full.wav,house,loop,Drum Loops
SMALL_SAMPLES/house_Sample Market - Originals Sidney Charles/Drum Loops/Full Drum Loops/SM_SC_127_Temple_Full.wav,house,loop,Drum Loops
SMALL_SAMPLES/house_Sample Market - Originals Sidney Charles/Drum Loops/Full Drum Loops/SM_SC_125_Crust_Full_b.wav,house,loop,Drum Loops
SMALL_SAMPLES/house_Sample Market - Originals Sidney Charles/Drum Loops/Full Drum Loops/SM_SC_128_Weirdo_Full.wav,house,loop,Drum Loops
SMALL_SAMPLES/house_Sample Market - Originals Sidney Charles/Drum Loops/Full Drum Loops/SM_SC_125_Crust_Full_a.wav,house,loop,Drum Loops
SMALL_SAMPLES/house_Sample Market - Originals Sidney Charles/Drum Loops/Full Drum Loops/SM_SC_123_Moral_Full.wav,house,loop,Drum Loops
SMALL_SAMPLES/house_Sample Market - Originals Sidney Charles/Drum Loops/Full Drum Loops/SM_SC_125_Follow_Full.wav,house,loop,Drum Loops
SMALL_SAMPLES/house_Sample Market - Originals Sidney Charles/Drum Loops/Full Drum Loops/SM_SC_128_Rough909_Full.wav,house,loop,Drum Loops
SMALL_SAMPLES/house_Sample Market - Originals Sidney Charles/Drum Loops/Full Drum Loops/SM_SC_128_Transition_Full.wav,house,loop,Drum Loops
SMALL_SAMPLES/house_Sample Market - Originals Sidney Charles/Drum Loops/Full Drum Loops/SM_SC_127_Arturo_Full.wav,house,loop,Drum Loops
SMALL_SAMPLES/house_Sample Market - Originals Sidney Charles/Drum Loops/Full Drum Loops/SM_SC_126_Loopster_Full.wav,house,loop,Drum Loops
SMALL_SAMPLES/house_Sample Market - Originals Sidney Charles/Drum Loops/Full Drum Loops/SM_SC_127_Content_Full.wav,house,loop,Drum Loops
SMALL_SAMPLES/house_Sample Market - Originals Sidney Charles/Drum Loops/Full Drum Loops/SM_SC_125_Distord909_Full_a.wav,house,loop,Drum Loops
SMALL_SAMPLES/house_Sample Market - Originals Sidney Charles/Drum Loops/Full Drum Loops/SM_SC_129_Streets_Full.wav,house,loop,Drum Loops
SMALL_SAMPLES/house_Sample Market - Originals Sidney Charles/Drum Loops/Full Drum Loops/SM_SC_125_Distord909_Full_b.wav,house,loop,Drum Loops
SMALL_SAMPLES/house_Sample Market - Originals Sidney Charles/Drum Loops/Full Drum Loops/SM_SC_128_HeadHigh_Full.wav,house,loop,Drum Loops
SMALL_SAMPLES/house_Sample Market - Originals Sidney Charles/Drum Loops/Full Drum Loops/SM_SC_129_Jode_Full.wav,house,loop,Drum Loops
SMALL_SAMPLES/house_Sample Market - Originals Sidney Charles/Drum Loops/Full Drum Loops/SM_SC_126_Fantasy_Full.wav,house,loop,Drum Loops
SMALL_SAMPLES/house_Sample Market - Originals Sidney Charles/Drum Loops/Hi Hat Loops/SM_SC_125_Crust_Hats.wav,house,loop,Drum Loops
SMALL_SAMPLES/house_Sample Market - Originals Sidney Charles/Drum Loops/Hi Hat Loops/SM_SC_128_Weirdo_Hats.wav,house,loop,Drum Loops
SMALL_SAMPLES/house_Sample Market - Originals Sidney Charles/Drum Loops/Hi Hat Loops/SM_SC_125_Cuffler_Hats.wav,house,loop,Drum Loops
SMALL_SAMPLES/house_Sample Market - Originals Sidney Charles/Drum Loops/Hi Hat Loops/SM_SC_128_Huff_Hats.wav,house,loop,Drum Loops
SMALL_SAMPLES/house_Sample Market - Originals Sidney Charles/Drum Loops/Hi Hat Loops/SM_SC_127_Temple_Hats.wav,house,loop,Drum Loops
SMALL_SAMPLES/house_Sample Market - Originals Sidney Charles/Drum Loops/Hi Hat Loops/SM_SC_123_Moral_Hats.wav,house,loop,Drum Loops
SMALL_SAMPLES/house_Sample Market - Originals Sidney Charles/Drum Loops/Hi Hat Loops/SM_SC_126_Limit_Hats.wav,house,loop,Drum Loops
SMALL_SAMPLES/house_Sample Market - Originals Sidney Charles/Drum Loops/Hi Hat Loops/SM_SC_128_Sharp_Hats.wav,house,loop,Drum Loops
SMALL_SAMPLES/house_Sample Market - Originals Sidney Charles/Drum Loops/Hi Hat Loops/SM_SC_127_Swinga_Hats.wav,house,loop,Drum Loops
SMALL_SAMPLES/house_Sample Market - Originals Sidney Charles/Drum Loops/Hi Hat Loops/SM_SC_127_Alto_Hats.wav,house,loop,Drum Loops
SMALL_SAMPLES/house_Sample Market - Originals Sidney Charles/Drum Loops/Hi Hat Loops/SM_SC_127_Oldschool_Hats.wav,house,loop,Drum Loops
SMALL_SAMPLES/house_Sample Market - Originals Sidney Charles/Drum Loops/Hi Hat Loops/SM_SC_128_Push_Hats.wav,house,loop,Drum Loops
SMALL_SAMPLES/house_Sample Market - Originals Sidney Charles/Drum Loops/Hi Hat Loops/SM_SC_128_Wayback_Hats.wav,house,loop,Drum Loops
SMALL_SAMPLES/house_Sample Market - Originals Sidney Charles/Drum Loops/Hi Hat Loops/SM_SC_128_Formula_Hats.wav,house,loop,Drum Loops
SMALL_SAMPLES/house_Sample Market - Originals Sidney Charles/Drum Loops/Hi Hat Loops/SM_SC_128_Rough909_2_Hats.wav,house,loop,Drum Loops
SMALL_SAMPLES/house_Sample Market - Originals Sidney Charles/Drum Loops/Hi Hat Loops/SM_SC_126_Panide_Hats.wav,house,loop,Drum Loops
SMALL_SAMPLES/house_Sample Market - Originals Sidney Charles/Drum Loops/Hi Hat Loops/SM_SC_127_Washy_Hats.wav,house,loop,Drum Loops
SMALL_SAMPLES/house_Sample Market - Originals Sidney Charles/Drum Loops/Hi Hat Loops/SM_SC_127_Welan_Hats.wav,house,loop,Drum Loops
SMALL_SAMPLES/house_Sample Market - Originals Sidney Charles/Drum Loops/Hi Hat Loops/SM_SC_127_Snappy_Hats.wav,house,loop,Drum Loops
SMALL_SAMPLES/house_Sample Market - Originals Sidney Charles/Drum Loops/Hi Hat Loops/SM_SC_127_Shoffle_Hats.wav,house,loop,Drum Loops
SMALL_SAMPLES/house_Sample Market - Originals Sidney Charles/Drum Loops/Hi Hat Loops/SM_SC_129_Jode_Hats.wav,house,loop,Drum Loops
SMALL_SAMPLES/house_Sample Market - Originals Sidney Charles/Drum Loops/Hi Hat Loops/SM_SC_126_Fantasy_Hats.wav,house,loop,Drum Loops
SMALL_SAMPLES/house_Sample Market - Originals Sidney Charles/Drum Loops/Hi Hat Loops/SM_SC_128_Shortcut_Hats.wav,house,loop,Drum Loops
SMALL_SAMPLES/house_Sample Market - Originals Sidney Charles/Drum Loops/Hi Hat Loops/SM_SC_128_Chunk_Hats.wav,house,loop,Drum Loops
SMALL_SAMPLES/house_Sample Market - Originals Sidney Charles/Drum Loops/Hi Hat Loops/SM_SC_128_Flew_Hats.wav,house,loop,Drum Loops
SMALL_SAMPLES/house_Sample Market - Originals Sidney Charles/Drum Loops/Hi Hat Loops/SM_SC_128_Shaft_Hats.wav,house,loop,Drum Loops
SMALL_SAMPLES/house_Sample Market - Originals Sidney Charles/Drum Loops/Hi Hat Loops/SM_SC_128_Chunky_Hats.wav,house,loop,Drum Loops
SMALL_SAMPLES/house_Sample Market - Originals Sidney Charles/Drum Loops/Hi Hat Loops/SM_SC_125_Distord909_Hats.wav,house,loop,Drum Loops
SMALL_SAMPLES/house_Sample Market - Originals Sidney Charles/Drum Loops/Hi Hat Loops/SM_SC_128_HeadHigh_Hats.wav,house,loop,Drum Loops
SMALL_SAMPLES/house_Sample Market - Originals Sidney Charles/Drum Loops/Hi Hat Loops/SM_SC_126_Loopster_Hats.wav,house,loop,Drum Loops
SMALL_SAMPLES/house_Sample Market - Originals Sidney Charles/Drum Loops/Hi Hat Loops/SM_SC_127_Content_Hats.wav,house,loop,Drum Loops
SMALL_SAMPLES/house_Sample Market - Originals Sidney Charles/Drum Loops/Hi Hat Loops/SM_SC_127_Arturo_Hats.wav,house,loop,Drum Loops
SMALL_SAMPLES/house_Sample Market - Originals Sidney Charles/Drum Loops/Hi Hat Loops/SM_SC_129_Battery_Hats.wav,house,loop,Drum Loops
SMALL_SAMPLES/house_Sample Market - Originals Sidney Charles/Drum Loops/Hi Hat Loops/SM_SC_127_TipTop_Hats.wav,house,loop,Drum Loops
SMALL_SAMPLES/house_Sample Market - Originals Sidney Charles/Drum Loops/Hi Hat Loops/SM_SC_128_Rough909_1_Hats.wav,house,loop,Drum Loops
SMALL_SAMPLES/house_Sample Market - Originals Sidney Charles/Drum Loops/Hi Hat Loops/SM_SC_125_Follow_Hats.wav,house,loop,Drum Loops
SMALL_SAMPLES/house_Sample Market - Originals Sidney Charles/Drum Loops/Hi Hat Loops/SM_SC_128_Strombo_Hats.wav,house,loop,Drum Loops
SMALL_SAMPLES/house_Sample Market - Originals Sidney Charles/Drum Loops/Hi Hat Loops/SM_SC_128_Transition_Hats.wav,house,loop,Drum Loops
SMALL_SAMPLES/house_Sample Market - Originals Sidney Charles/Drum Loops/Hi Hat Loops/SM_SC_128_Chory_Hats.wav,house,loop,Drum Loops
SMALL_SAMPLES/house_Sample Market - Originals Sidney Charles/Drum Loops/Hi Hat Loops/SM_SC_128_Ridley_Hats.wav,house,loop,Drum Loops
SMALL_SAMPLES/house_Sample Market - Originals Sidney Charles/Drum Loops/No Kick Loops/SM_SC_128_Transition_NoKick.wav,house,loop,Drum Loops
SMALL_SAMPLES/house_Sample Market - Originals Sidney Charles/Drum Loops/No Kick Loops/SM_SC_123_Moral_NoKick.wav,house,loop,Drum Loops
SMALL_SAMPLES/house_Sample Market - Originals Sidney Charles/Drum Loops/No Kick Loops/SM_SC_128_Weirdo_NoKick.wav,house,loop,Drum Loops
SMALL_SAMPLES/house_Sample Market - Originals Sidney Charles/Drum Loops/No Kick Loops/SM_SC_125_Crust_NoKick.wav,house,loop,Drum Loops
SMALL_SAMPLES/house_Sample Market - Originals Sidney Charles/Drum Loops/No Kick Loops/SM_SC_127_Temple_NoKick.wav,house,loop,Drum Loops
SMALL_SAMPLES/house_Sample Market - Originals Sidney Charles/Drum Loops/No Kick Loops/SM_SC_126_Fantasy_NoKick.wav,house,loop,Drum Loops
SMALL_SAMPLES/house_Sample Market - Originals Sidney Charles/Drum Loops/No Kick Loops/SM_SC_128_Push_NoKick.wav,house,loop,Drum Loops
SMALL_SAMPLES/house_Sample Market - Originals Sidney Charles/Drum Loops/No Kick Loops/SM_SC_127_Washy_NoKick.wav,house,loop,Drum Loops
SMALL_SAMPLES/house_Sample Market - Originals Sidney Charles/Drum Loops/No Kick Loops/SM_SC_129_Streets_NoKick.wav,house,loop,Drum Loops
SMALL_SAMPLES/house_Sample Market - Originals Sidney Charles/Drum Loops/No Kick Loops/SM_SC_127_Arturo_NoKick.wav,house,loop,Drum Loops
SMALL_SAMPLES/house_Sample Market - Originals Sidney Charles/Drum Loops/No Kick Loops/SM_SC_128_Wayback_NoKick.wav,house,loop,Drum Loops
SMALL_SAMPLES/house_Sample Market - Originals Sidney Charles/Drum Loops/No Kick Loops/SM_SC_128_HeadHigh_NoKick.wav,house,loop,Drum Loops
SMALL_SAMPLES/house_Sample Market - Originals Sidney Charles/Drum Loops/No Kick Loops/SM_SC_128_Huff_NoKick.wav,house,loop,Drum Loops
SMALL_SAMPLES/house_Sample Market - Originals Sidney Charles/Drum Loops/No Kick Loops/SM_SC_127_Snappy_NoKick.wav,house,loop,Drum Loops
SMALL_SAMPLES/house_Sample Market - Originals Sidney Charles/Drum Loops/No Kick Loops/SM_SC_128_Rough909_NoKick.wav,house,loop,Drum Loops
SMALL_SAMPLES/house_Sample Market - Originals Sidney Charles/Drum Loops/No Kick Loops/SM_SC_125_Follow_NoKick.wav,house,loop,Drum Loops
SMALL_SAMPLES/house_Sample Market - Originals Sidney Charles/Drum Loops/No Kick Loops/SM_SC_127_Content_NoKick.wav,house,loop,Drum Loops
SMALL_SAMPLES/house_Sample Market - Originals Sidney Charles/Drum Loops/No Kick Loops/SM_SC_128_Sharp_NoKick.wav,house,loop,Drum Loops
SMALL_SAMPLES/house_Sample Market - Originals Sidney Charles/Drum Loops/No Kick Loops/SM_SC_126_Loopster_NoKick.wav,house,loop,Drum Loops
SMALL_SAMPLES/house_Sample Market - Originals Sidney Charles/Drum Loops/No Kick Loops/SM_SC_127_Oldschool_NoKick.wav,house,loop,Drum Loops
SMALL_SAMPLES/house_Sample Market - Originals Sidney Charles/Drum Loops/No Kick Loops/SM_SC_128_Formula_NoKick.wav,house,loop,Drum Loops
SMALL_SAMPLES/house_Sample Market - Originals Sidney Charles/Drum Loops/No Kick Loops/SM_SC_125_Distord909_NoKick.wav,house,loop,Drum Loops
SMALL_SAMPLES/house_Sample Market - Originals Sidney Charles/Drum Loops/No Kick Loops/SM_SC_129_Jode_NoKick.wav,house,loop,Drum Loops
SMALL_SAMPLES/house_Sample Market - Originals Sidney Charles/Single Hits/Kick/SM_SC_Kick_15-.wav,house,oneshot,Single Hits
SMALL_SAMPLES/house_Sample Market - Originals Sidney Charles/Single Hits/Kick/SM_SC_Kick_03.wav,house,oneshot,Single Hits
SMALL_SAMPLES/house_Sample Market - Originals Sidney Charles/Single Hits/Kick/SM_SC_Kick_16.wav,house,oneshot,Single Hits
SMALL_SAMPLES/house_Sample Market - Originals Sidney Charles/Single Hits/Kick/SM_SC_Kick_02.wav,house,oneshot,Single Hits
SMALL_SAMPLES/house_Sample Market - Originals Sidney Charles/Single Hits/Kick/SM_SC_Kick_14.wav,house,oneshot,Single Hits
SMALL_SAMPLES/house_Sample Market - Originals Sidney Charles/Single Hits/Kick/SM_SC_Kick_01.wav,house,oneshot,Single Hits
SMALL_SAMPLES/house_Sample Market - Originals Sidney Charles/Single Hits/Kick/SM_SC_Kick_15.wav,house,oneshot,Single Hits
SMALL_SAMPLES/house_Sample Market - Originals Sidney Charles/Single Hits/Kick/SM_SC_Kick_11.wav,house,oneshot,Single Hits
SMALL_SAMPLES/house_Sample Market - Originals Sidney Charles/Single Hits/Kick/SM_SC_Kick_05.wav,house,oneshot,Single Hits
SMALL_SAMPLES/house_Sample Market - Originals Sidney Charles/Single Hits/Kick/SM_SC_Kick_04.wav,house,oneshot,Single Hits
SMALL_SAMPLES/house_Sample Market - Originals Sidney Charles/Single Hits/Kick/SM_SC_Kick_10.wav,house,oneshot,Single Hits
SMALL_SAMPLES/house_Sample Market - Originals Sidney Charles/Single Hits/Kick/SM_SC_Kick_06.wav,house,oneshot,Single Hits
SMALL_SAMPLES/house_Sample Market - Originals Sidney Charles/Single Hits/Kick/SM_SC_Kick_12.wav,house,oneshot,Single Hits
SMALL_SAMPLES/house_Sample Market - Originals Sidney Charles/Single Hits/Kick/SM_SC_Kick_13.wav,house,oneshot,Single Hits
SMALL_SAMPLES/house_Sample Market - Originals Sidney Charles/Single Hits/Kick/SM_SC_Kick_07.wav,house,oneshot,Single Hits
SMALL_SAMPLES/house_Sample Market - Originals Sidney Charles/Single Hits/Kick/SM_SC_Kick_09.wav,house,oneshot,Single Hits
SMALL_SAMPLES/house_Sample Market - Originals Sidney Charles/Single Hits/Kick/SM_SC_Kick_08.wav,house,oneshot,Single Hits
SMALL_SAMPLES/house_Sample Market - Originals Sidney Charles/Single Hits/Percussion/SM_SC_Perc_03.wav,house,oneshot,Single Hits
SMALL_SAMPLES/house_Sample Market - Originals Sidney Charles/Single Hits/Percussion/SM_SC_Perc_02.wav,house,oneshot,Single Hits
SMALL_SAMPLES/house_Sample Market - Originals Sidney Charles/Single Hits/Percussion/SM_SC_Perc_14.wav,house,oneshot,Single Hits
SMALL_SAMPLES/house_Sample Market - Originals Sidney Charles/Single Hits/Percussion/SM_SC_Perc_15.wav,house,oneshot,Single Hits
SMALL_SAMPLES/house_Sample Market - Originals Sidney Charles/Single Hits/Percussion/SM_SC_Perc_01.wav,house,oneshot,Single Hits
SMALL_SAMPLES/house_Sample Market - Originals Sidney Charles/Single Hits/Percussion/SM_SC_Perc_05.wav,house,oneshot,Single Hits
SMALL_SAMPLES/house_Sample Market - Originals Sidney Charles/Single Hits/Percussion/SM_SC_Perc_11.wav,house,oneshot,Single Hits
SMALL_SAMPLES/house_Sample Market - Originals Sidney Charles/Single Hits/Percussion/SM_SC_Perc_10.wav,house,oneshot,Single Hits
SMALL_SAMPLES/house_Sample Market - Originals Sidney Charles/Single Hits/Percussion/SM_SC_Perc_04.wav,house,oneshot,Single Hits
SMALL_SAMPLES/house_Sample Market - Originals Sidney Charles/Single Hits/Percussion/SM_SC_Perc_12.wav,house,oneshot,Single Hits
SMALL_SAMPLES/house_Sample Market - Originals Sidney Charles/Single Hits/Percussion/SM_SC_Perc_06.wav,house,oneshot,Single Hits
SMALL_SAMPLES/house_Sample Market - Originals Sidney Charles/Single Hits/Percussion/SM_SC_Perc_07.wav,house,oneshot,Single Hits
SMALL_SAMPLES/house_Sample Market - Originals Sidney Charles/Single Hits/Percussion/SM_SC_Perc_13.wav,house,oneshot,Single Hits
SMALL_SAMPLES/house_Sample Market - Originals Sidney Charles/Single Hits/Percussion/SM_SC_Perc_09.wav,house,oneshot,Single Hits
SMALL_SAMPLES/house_Sample Market - Originals Sidney Charles/Single Hits/Percussion/SM_SC_Perc_08.wav,house,oneshot,Single Hits
SMALL_SAMPLES/house_Sample Market - Originals Sidney Charles/Single Hits/Bass Hits/SM_SC_Bass_03_C.wav,house,oneshot,Single Hits
SMALL_SAMPLES/house_Sample Market - Originals Sidney Charles/Single Hits/Bass Hits/SM_SC_Bass_01_C.wav,house,oneshot,Single Hits
SMALL_SAMPLES/house_Sample Market - Originals Sidney Charles/Single Hits/Bass Hits/SM_SC_Bass_05_C.wav,house,oneshot,Single Hits
SMALL_SAMPLES/house_Sample Market - Originals Sidney Charles/Single Hits/Bass Hits/SM_SC_Bass_07_C.wav,house,oneshot,Single Hits
SMALL_SAMPLES/house_Sample Market - Originals Sidney Charles/Single Hits/Bass Hits/SM_SC_Bass_02_C.wav,house,oneshot,Single Hits
SMALL_SAMPLES/house_Sample Market - Originals Sidney Charles/Single Hits/Bass Hits/SM_SC_Bass_06_C.wav,house,oneshot,Single Hits
SMALL_SAMPLES/house_Sample Market - Originals Sidney Charles/Single Hits/Bass Hits/SM_SC_Bass_04_C.wav,house,oneshot,Single Hits
SMALL_SAMPLES/house_Sample Market - Originals Sidney Charles/Single Hits/Bass Hits/SM_SC_Bass_11_C.wav,house,oneshot,Single Hits
SMALL_SAMPLES/house_Sample Market - Originals Sidney Charles/Single Hits/Bass Hits/SM_SC_Bass_08_C.wav,house,oneshot,Single Hits
SMALL_SAMPLES/house_Sample Market - Originals Sidney Charles/Single Hits/Bass Hits/SM_SC_Bass_10_C.wav,house,oneshot,Single Hits
SMALL_SAMPLES/house_Sample Market - Originals Sidney Charles/Single Hits/Bass Hits/SM_SC_Bass_09_C.wav,house,oneshot,Single Hits
SMALL_SAMPLES/house_Sample Market - Originals Sidney Charles/Single Hits/Claps/SM_SC_Clap_09.wav,house,oneshot,Single Hits
SMALL_SAMPLES/house_Sample Market - Originals Sidney Charles/Single Hits/Claps/SM_SC_Clap_08.wav,house,oneshot,Single Hits
SMALL_SAMPLES/house_Sample Market - Originals Sidney Charles/Single Hits/Claps/SM_SC_Clap_11.wav,house,oneshot,Single Hits
SMALL_SAMPLES/house_Sample Market - Originals Sidney Charles/Single Hits/Claps/SM_SC_Clap_05.wav,house,oneshot,Single Hits
SMALL_SAMPLES/house_Sample Market - Originals Sidney Charles/Single Hits/Claps/SM_SC_Clap_04.wav,house,oneshot,Single Hits
SMALL_SAMPLES/house_Sample Market - Originals Sidney Charles/Single Hits/Claps/SM_SC_Clap_10.wav,house,oneshot,Single Hits
SMALL_SAMPLES/house_Sample Market - Originals Sidney Charles/Single Hits/Claps/SM_SC_Clap_06.wav,house,oneshot,Single Hits
SMALL_SAMPLES/house_Sample Market - Originals Sidney Charles/Single Hits/Claps/SM_SC_Clap_12.wav,house,oneshot,Single Hits
SMALL_SAMPLES/house_Sample Market - Originals Sidney Charles/Single Hits/Claps/SM_SC_Clap_13.wav,house,oneshot,Single Hits
SMALL_SAMPLES/house_Sample Market - Originals Sidney Charles/Single Hits/Claps/SM_SC_Clap_07.wav,house,oneshot,Single Hits
SMALL_SAMPLES/house_Sample Market - Originals Sidney Charles/Single Hits/Claps/SM_SC_Clap_03.wav,house,oneshot,Single Hits
SMALL_SAMPLES/house_Sample Market - Originals Sidney Charles/Single Hits/Claps/SM_SC_Clap_02.wav,house,oneshot,Single Hits
SMALL_SAMPLES/house_Sample Market - Originals Sidney Charles/Single Hits/Claps/SM_SC_Clap_14.wav,house,oneshot,Single Hits
SMALL_SAMPLES/house_Sample Market - Originals Sidney Charles/Single Hits/Claps/SM_SC_Clap_01.wav,house,oneshot,Single Hits
SMALL_SAMPLES/house_Sample Market - Originals Sidney Charles/Single Hits/Claps/SM_SC_Clap_15.wav,house,oneshot,Single Hits
SMALL_SAMPLES/house_Sample Market - Originals Sidney Charles/Single Hits/Hi Hat/SM_SC_Hat_18.wav,house,oneshot,Single Hits
SMALL_SAMPLES/house_Sample Market - Originals Sidney Charles/Single Hits/Hi Hat/SM_SC_Hat_19.wav,house,oneshot,Single Hits
SMALL_SAMPLES/house_Sample Market - Originals Sidney Charles/Single Hits/Hi Hat/SM_SC_Hat_22.wav,house,oneshot,Single Hits
SMALL_SAMPLES/house_Sample Market - Originals Sidney Charles/Single Hits/Hi Hat/SM_SC_Hat_23.wav,house,oneshot,Single Hits
SMALL_SAMPLES/house_Sample Market - Originals Sidney Charles/Single Hits/Hi Hat/SM_SC_Hat_09.wav,house,oneshot,Single Hits
SMALL_SAMPLES/house_Sample Market - Originals Sidney Charles/Single Hits/Hi Hat/SM_SC_Hat_21.wav,house,oneshot,Single Hits
SMALL_SAMPLES/house_Sample Market - Originals Sidney Charles/Single Hits/Hi Hat/SM_SC_Hat_20.wav,house,oneshot,Single Hits
SMALL_SAMPLES/house_Sample Market - Originals Sidney Charles/Single Hits/Hi Hat/SM_SC_Hat_08.wav,house,oneshot,Single Hits
SMALL_SAMPLES/house_Sample Market - Originals Sidney Charles/Single Hits/Hi Hat/SM_SC_Hat_05.wav,house,oneshot,Single Hits
SMALL_SAMPLES/house_Sample Market - Originals Sidney Charles/Single Hits/Hi Hat/SM_SC_Hat_11.wav,house,oneshot,Single Hits
SMALL_SAMPLES/house_Sample Market - Originals Sidney Charles/Single Hits/Hi Hat/SM_SC_Hat_10.wav,house,oneshot,Single Hits
SMALL_SAMPLES/house_Sample Market - Originals Sidney Charles/Single Hits/Hi Hat/SM_SC_Hat_04.wav,house,oneshot,Single Hits
SMALL_SAMPLES/house_Sample Market - Originals Sidney Charles/Single Hits/Hi Hat/SM_SC_Hat_12.wav,house,oneshot,Single Hits
SMALL_SAMPLES/house_Sample Market - Originals Sidney Charles/Single Hits/Hi Hat/SM_SC_Hat_06.wav,house,oneshot,Single Hits
SMALL_SAMPLES/house_Sample Market - Originals Sidney Charles/Single Hits/Hi Hat/SM_SC_Hat_07.wav,house,oneshot,Single Hits
SMALL_SAMPLES/house_Sample Market - Originals Sidney Charles/Single Hits/Hi Hat/SM_SC_Hat_13.wav,house,oneshot,Single Hits
SMALL_SAMPLES/house_Sample Market - Originals Sidney Charles/Single Hits/Hi Hat/SM_SC_Hat_17.wav,house,oneshot,Single Hits
SMALL_SAMPLES/house_Sample Market - Originals Sidney Charles/Single Hits/Hi Hat/SM_SC_Hat_03.wav,house,oneshot,Single Hits
SMALL_SAMPLES/house_Sample Market - Originals Sidney Charles/Single Hits/Hi Hat/SM_SC_Hat_02.wav,house,oneshot,Single Hits
SMALL_SAMPLES/house_Sample Market - Originals Sidney Charles/Single Hits/Hi Hat/SM_SC_Hat_16.wav,house,oneshot,Single Hits
SMALL_SAMPLES/house_Sample Market - Originals Sidney Charles/Single Hits/Hi Hat/SM_SC_Hat_14.wav,house,oneshot,Single Hits
SMALL_SAMPLES/house_Sample Market - Originals Sidney Charles/Single Hits/Hi Hat/SM_SC_Hat_15.wav,house,oneshot,Single Hits
SMALL_SAMPLES/house_Sample Market - Originals Sidney Charles/Single Hits/Hi Hat/SM_SC_Hat_01.wav,house,oneshot,Single Hits
SMALL_SAMPLES/house_Sample Market - Originals Sidney Charles/Single Hits/Snares/SM_SC_Snare_01.wav,house,oneshot,Single Hits
SMALL_SAMPLES/house_Sample Market - Originals Sidney Charles/Single Hits/Snares/SM_SC_Snare_02.wav,house,oneshot,Single Hits
SMALL_SAMPLES/house_Sample Market - Originals Sidney Charles/Single Hits/Snares/SM_SC_Snare_03.wav,house,oneshot,Single Hits
SMALL_SAMPLES/house_Sample Market - Originals Sidney Charles/Single Hits/Snares/SM_SC_Snare_07.wav,house,oneshot,Single Hits
SMALL_SAMPLES/house_Sample Market - Originals Sidney Charles/Single Hits/Snares/SM_SC_Snare_06.wav,house,oneshot,Single Hits
SMALL_SAMPLES/house_Sample Market - Originals Sidney Charles/Single Hits/Snares/SM_SC_Snare_04.wav,house,oneshot,Single Hits
SMALL_SAMPLES/house_Sample Market - Originals Sidney Charles/Single Hits/Snares/SM_SC_Snare_05.wav,house,oneshot,Single Hits
SMALL_SAMPLES/house_Sample Market - Originals Sidney Charles/Single Hits/Snares/SM_SC_Snare_08.wav,house,oneshot,Single Hits
SMALL_SAMPLES/house_Sample Market - Originals Sidney Charles/Single Hits/Snares/SM_SC_Snare_09.wav,house,oneshot,Single Hits
SMALL_SAMPLES/house_Sample Market - Originals Sidney Charles/Single Hits/Synth Hits/SM_SC_Synth_01_Cm.wav,house,oneshot,Single Hits
SMALL_SAMPLES/house_Sample Market - Originals Sidney Charles/Single Hits/Synth Hits/SM_SC_Synth_05_A#.wav,house,oneshot,Single Hits
SMALL_SAMPLES/house_Sample Market - Originals Sidney Charles/Single Hits/Synth Hits/SM_SC_Synth_07_Cm.wav,house,oneshot,Single Hits
SMALL_SAMPLES/house_Sample Market - Originals Sidney Charles/Single Hits/Synth Hits/SM_SC_Synth_04_Fm.wav,house,oneshot,Single Hits
SMALL_SAMPLES/house_Sample Market - Originals Sidney Charles/Single Hits/Synth Hits/SM_SC_Synth_06_Fm.wav,house,oneshot,Single Hits
SMALL_SAMPLES/house_Sample Market - Originals Sidney Charles/Single Hits/Synth Hits/SM_SC_Synth_10_A#.wav,house,oneshot,Single Hits
SMALL_SAMPLES/house_Sample Market - Originals Sidney Charles/Single Hits/Synth Hits/SM_SC_Synth_11_C.wav,house,oneshot,Single Hits
SMALL_SAMPLES/house_Sample Market - Originals Sidney Charles/Single Hits/Synth Hits/SM_SC_Synth_02_Cm.wav,house,oneshot,Single Hits
SMALL_SAMPLES/house_Sample Market - Originals Sidney Charles/Single Hits/Synth Hits/SM_SC_Synth_03_D#.wav,house,oneshot,Single Hits
SMALL_SAMPLES/house_Sample Market - Originals Sidney Charles/Single Hits/Synth Hits/SM_SC_Synth_08_Cm.wav,house,oneshot,Single Hits
SMALL_SAMPLES/house_Sample Market - Originals Sidney Charles/Single Hits/Synth Hits/SM_SC_Synth_09_Gm.wav,house,oneshot,Single Hits
SMALL_SAMPLES/techno_TWHS - Hard Groove Essentials (Vol. 1)/Drum Oneshots/Percs/TWHS_HGE1_PERC_19.wav,techno,oneshot,Drum Oneshots
SMALL_SAMPLES/techno_TWHS - Hard Groove Essentials (Vol. 1)/Drum Oneshots/Percs/TWHS_HGE1_PERC_18.wav,techno,oneshot,Drum Oneshots
SMALL_SAMPLES/techno_TWHS - Hard Groove Essentials (Vol. 1)/Drum Oneshots/Percs/TWHS_HGE1_PERC_20.wav,techno,oneshot,Drum Oneshots
SMALL_SAMPLES/techno_TWHS - Hard Groove Essentials (Vol. 1)/Drum Oneshots/Percs/TWHS_HGE1_PERC_08.wav,techno,oneshot,Drum Oneshots
SMALL_SAMPLES/techno_TWHS - Hard Groove Essentials (Vol. 1)/Drum Oneshots/Percs/TWHS_HGE1_PERC_09.wav,techno,oneshot,Drum Oneshots
SMALL_SAMPLES/techno_TWHS - Hard Groove Essentials (Vol. 1)/Drum Oneshots/Percs/TWHS_HGE1_PERC_13.wav,techno,oneshot,Drum Oneshots
SMALL_SAMPLES/techno_TWHS - Hard Groove Essentials (Vol. 1)/Drum Oneshots/Percs/TWHS_HGE1_PERC_07.wav,techno,oneshot,Drum Oneshots
SMALL_SAMPLES/techno_TWHS - Hard Groove Essentials (Vol. 1)/Drum Oneshots/Percs/TWHS_HGE1_PERC_06.wav,techno,oneshot,Drum Oneshots
SMALL_SAMPLES/techno_TWHS - Hard Groove Essentials (Vol. 1)/Drum Oneshots/Percs/TWHS_HGE1_PERC_12.wav,techno,oneshot,Drum Oneshots
SMALL_SAMPLES/techno_TWHS - Hard Groove Essentials (Vol. 1)/Drum Oneshots/Percs/TWHS_HGE1_PERC_04.wav,techno,oneshot,Drum Oneshots
SMALL_SAMPLES/techno_TWHS - Hard Groove Essentials (Vol. 1)/Drum Oneshots/Percs/TWHS_HGE1_PERC_10.wav,techno,oneshot,Drum Oneshots
SMALL_SAMPLES/techno_TWHS - Hard Groove Essentials (Vol. 1)/Drum Oneshots/Percs/TWHS_HGE1_PERC_11.wav,techno,oneshot,Drum Oneshots
SMALL_SAMPLES/techno_TWHS - Hard Groove Essentials (Vol. 1)/Drum Oneshots/Percs/TWHS_HGE1_PERC_05.wav,techno,oneshot,Drum Oneshots
SMALL_SAMPLES/techno_TWHS - Hard Groove Essentials (Vol. 1)/Drum Oneshots/Percs/TWHS_HGE1_PERC_01.wav,techno,oneshot,Drum Oneshots
SMALL_SAMPLES/techno_TWHS - Hard Groove Essentials (Vol. 1)/Drum Oneshots/Percs/TWHS_HGE1_PERC_15.wav,techno,oneshot,Drum Oneshots
SMALL_SAMPLES/techno_TWHS - Hard Groove Essentials (Vol. 1)/Drum Oneshots/Percs/TWHS_HGE1_PERC_14.wav,techno,oneshot,Drum Oneshots
SMALL_SAMPLES/techno_TWHS - Hard Groove Essentials (Vol. 1)/Drum Oneshots/Percs/TWHS_HGE1_PERC_16.wav,techno,oneshot,Drum Oneshots
SMALL_SAMPLES/techno_TWHS - Hard Groove Essentials (Vol. 1)/Drum Oneshots/Percs/TWHS_HGE1_PERC_02.wav,techno,oneshot,Drum Oneshots
SMALL_SAMPLES/techno_TWHS - Hard Groove Essentials (Vol. 1)/Drum Oneshots/Percs/TWHS_HGE1_PERC_03.wav,techno,oneshot,Drum Oneshots
SMALL_SAMPLES/techno_TWHS - Hard Groove Essentials (Vol. 1)/Drum Oneshots/Percs/TWHS_HGE1_PERC_17.wav,techno,oneshot,Drum Oneshots
SMALL_SAMPLES/techno_TWHS - Hard Groove Essentials (Vol. 1)/Drum Oneshots/Claps/TWHS_HGE1_CLAP_15.wav,techno,oneshot,Drum Oneshots
SMALL_SAMPLES/techno_TWHS - Hard Groove Essentials (Vol. 1)/Drum Oneshots/Claps/TWHS_HGE1_CLAP_01.wav,techno,oneshot,Drum Oneshots
SMALL_SAMPLES/techno_TWHS - Hard Groove Essentials (Vol. 1)/Drum Oneshots/Claps/TWHS_HGE1_CLAP_14.wav,techno,oneshot,Drum Oneshots
SMALL_SAMPLES/techno_TWHS - Hard Groove Essentials (Vol. 1)/Drum Oneshots/Claps/TWHS_HGE1_CLAP_02.wav,techno,oneshot,Drum Oneshots
SMALL_SAMPLES/techno_TWHS - Hard Groove Essentials (Vol. 1)/Drum Oneshots/Claps/TWHS_HGE1_CLAP_16.wav,techno,oneshot,Drum Oneshots
SMALL_SAMPLES/techno_TWHS - Hard Groove Essentials (Vol. 1)/Drum Oneshots/Claps/TWHS_HGE1_CLAP_17.wav,techno,oneshot,Drum Oneshots
SMALL_SAMPLES/techno_TWHS - Hard Groove Essentials (Vol. 1)/Drum Oneshots/Claps/TWHS_HGE1_CLAP_03.wav,techno,oneshot,Drum Oneshots
SMALL_SAMPLES/techno_TWHS - Hard Groove Essentials (Vol. 1)/Drum Oneshots/Claps/TWHS_HGE1_CLAP_07.wav,techno,oneshot,Drum Oneshots
SMALL_SAMPLES/techno_TWHS - Hard Groove Essentials (Vol. 1)/Drum Oneshots/Claps/TWHS_HGE1_CLAP_13.wav,techno,oneshot,Drum Oneshots
SMALL_SAMPLES/techno_TWHS - Hard Groove Essentials (Vol. 1)/Drum Oneshots/Claps/TWHS_HGE1_CLAP_12.wav,techno,oneshot,Drum Oneshots
SMALL_SAMPLES/techno_TWHS - Hard Groove Essentials (Vol. 1)/Drum Oneshots/Claps/TWHS_HGE1_CLAP_06.wav,techno,oneshot,Drum Oneshots
SMALL_SAMPLES/techno_TWHS - Hard Groove Essentials (Vol. 1)/Drum Oneshots/Claps/TWHS_HGE1_CLAP_10.wav,techno,oneshot,Drum Oneshots
SMALL_SAMPLES/techno_TWHS - Hard Groove Essentials (Vol. 1)/Drum Oneshots/Claps/TWHS_HGE1_CLAP_04.wav,techno,oneshot,Drum Oneshots
SMALL_SAMPLES/techno_TWHS - Hard Groove Essentials (Vol. 1)/Drum Oneshots/Claps/TWHS_HGE1_CLAP_05.wav,techno,oneshot,Drum Oneshots
SMALL_SAMPLES/techno_TWHS - Hard Groove Essentials (Vol. 1)/Drum Oneshots/Claps/TWHS_HGE1_CLAP_11.wav,techno,oneshot,Drum Oneshots
SMALL_SAMPLES/techno_TWHS - Hard Groove Essentials (Vol. 1)/Drum Oneshots/Claps/TWHS_HGE1_CLAP_20.wav,techno,oneshot,Drum Oneshots
SMALL_SAMPLES/techno_TWHS - Hard Groove Essentials (Vol. 1)/Drum Oneshots/Claps/TWHS_HGE1_CLAP_08.wav,techno,oneshot,Drum Oneshots
SMALL_SAMPLES/techno_TWHS - Hard Groove Essentials (Vol. 1)/Drum Oneshots/Claps/TWHS_HGE1_CLAP_09.wav,techno,oneshot,Drum Oneshots
SMALL_SAMPLES/techno_TWHS - Hard Groove Essentials (Vol. 1)/Drum Oneshots/Claps/TWHS_HGE1_CLAP_19.wav,techno,oneshot,Drum Oneshots
SMALL_SAMPLES/techno_TWHS - Hard Groove Essentials (Vol. 1)/Drum Oneshots/Claps/TWHS_HGE1_CLAP_18.wav,techno,oneshot,Drum Oneshots
SMALL_SAMPLES/techno_TWHS - Hard Groove Essentials (Vol. 1)/Drum Oneshots/Kicks/TWHS_HGE1_KICK_19.wav,techno,oneshot,Drum Oneshots
SMALL_SAMPLES/techno_TWHS - Hard Groove Essentials (Vol. 1)/Drum Oneshots/Kicks/TWHS_HGE1_KICK_18.wav,techno,oneshot,Drum Oneshots
SMALL_SAMPLES/techno_TWHS - Hard Groove Essentials (Vol. 1)/Drum Oneshots/Kicks/TWHS_HGE1_KICK_20.wav,techno,oneshot,Drum Oneshots
SMALL_SAMPLES/techno_TWHS - Hard Groove Essentials (Vol. 1)/Drum Oneshots/Kicks/TWHS_HGE1_KICK_08.wav,techno,oneshot,Drum Oneshots
SMALL_SAMPLES/techno_TWHS - Hard Groove Essentials (Vol. 1)/Drum Oneshots/Kicks/TWHS_HGE1_KICK_09.wav,techno,oneshot,Drum Oneshots
SMALL_SAMPLES/techno_TWHS - Hard Groove Essentials (Vol. 1)/Drum Oneshots/Kicks/TWHS_HGE1_KICK_07.wav,techno,oneshot,Drum Oneshots
SMALL_SAMPLES/techno_TWHS - Hard Groove Essentials (Vol. 1)/Drum Oneshots/Kicks/TWHS_HGE1_KICK_13.wav,techno,oneshot,Drum Oneshots
SMALL_SAMPLES/techno_TWHS - Hard Groove Essentials (Vol. 1)/Drum Oneshots/Kicks/TWHS_HGE1_KICK_12.wav,techno,oneshot,Drum Oneshots
SMALL_SAMPLES/techno_TWHS - Hard Groove Essentials (Vol. 1)/Drum Oneshots/Kicks/TWHS_HGE1_KICK_06.wav,techno,oneshot,Drum Oneshots
SMALL_SAMPLES/techno_TWHS - Hard Groove Essentials (Vol. 1)/Drum Oneshots/Kicks/TWHS_HGE1_KICK_10.wav,techno,oneshot,Drum Oneshots
SMALL_SAMPLES/techno_TWHS - Hard Groove Essentials (Vol. 1)/Drum Oneshots/Kicks/TWHS_HGE1_KICK_04.wav,techno,oneshot,Drum Oneshots
SMALL_SAMPLES/techno_TWHS - Hard Groove Essentials (Vol. 1)/Drum Oneshots/Kicks/TWHS_HGE1_KICK_05.wav,techno,oneshot,Drum Oneshots
SMALL_SAMPLES/techno_TWHS - Hard Groove Essentials (Vol. 1)/Drum Oneshots/Kicks/TWHS_HGE1_KICK_11.wav,techno,oneshot,Drum Oneshots
SMALL_SAMPLES/techno_TWHS - Hard Groove Essentials (Vol. 1)/Drum Oneshots/Kicks/TWHS_HGE1_KICK_15.wav,techno,oneshot,Drum Oneshots
SMALL_SAMPLES/techno_TWHS - Hard Groove Essentials (Vol. 1)/Drum Oneshots/Kicks/TWHS_HGE1_KICK_01.wav,techno,oneshot,Drum Oneshots
SMALL_SAMPLES/techno_TWHS - Hard Groove Essentials (Vol. 1)/Drum Oneshots/Kicks/TWHS_HGE1_KICK_14.wav,techno,oneshot,Drum Oneshots
SMALL_SAMPLES/techno_TWHS - Hard Groove Essentials (Vol. 1)/Drum Oneshots/Kicks/TWHS_HGE1_KICK_02.wav,techno,oneshot,Drum Oneshots
SMALL_SAMPLES/techno_TWHS - Hard Groove Essentials (Vol. 1)/Drum Oneshots/Kicks/TWHS_HGE1_KICK_16.wav,techno,oneshot,Drum Oneshots
SMALL_SAMPLES/techno_TWHS - Hard Groove Essentials (Vol. 1)/Drum Oneshots/Kicks/TWHS_HGE1_KICK_17.wav,techno,oneshot,Drum Oneshots
SMALL_SAMPLES/techno_TWHS - Hard Groove Essentials (Vol. 1)/Drum Oneshots/Kicks/TWHS_HGE1_KICK_03.wav,techno,oneshot,Drum Oneshots
SMALL_SAMPLES/techno_TWHS - Hard Groove Essentials (Vol. 1)/Drum Loops/Clap Loops/TWHS_HGE1_CLAP_LOOP_14_145BPM.wav,techno,loop,Drum Loops
SMALL_SAMPLES/techno_TWHS - Hard Groove Essentials (Vol. 1)/Drum Loops/Clap Loops/TWHS_HGE1_CLAP_LOOP_10_144BPM.wav,techno,loop,Drum Loops
SMALL_SAMPLES/techno_TWHS - Hard Groove Essentials (Vol. 1)/Drum Loops/Clap Loops/TWHS_HGE1_CLAP_LOOP_16_143BPM.wav,techno,loop,Drum Loops
SMALL_SAMPLES/techno_TWHS - Hard Groove Essentials (Vol. 1)/Drum Loops/Clap Loops/TWHS_HGE1_CLAP_LOOP_12_142BPM.wav,techno,loop,Drum Loops
SMALL_SAMPLES/techno_TWHS - Hard Groove Essentials (Vol. 1)/Drum Loops/Clap Loops/TWHS_HGE1_CLAP_LOOP_04_144BPM.wav,techno,loop,Drum Loops
SMALL_SAMPLES/techno_TWHS - Hard Groove Essentials (Vol. 1)/Drum Loops/Clap Loops/TWHS_HGE1_CLAP_LOOP_17_142BPM.wav,techno,loop,Drum Loops
SMALL_SAMPLES/techno_TWHS - Hard Groove Essentials (Vol. 1)/Drum Loops/Clap Loops/TWHS_HGE1_CLAP_LOOP_09_144BPM.wav,techno,loop,Drum Loops
SMALL_SAMPLES/techno_TWHS - Hard Groove Essentials (Vol. 1)/Drum Loops/Clap Loops/TWHS_HGE1_CLAP_LOOP_05_143BPM.wav,techno,loop,Drum Loops
SMALL_SAMPLES/techno_TWHS - Hard Groove Essentials (Vol. 1)/Drum Loops/Clap Loops/TWHS_HGE1_CLAP_LOOP_18_140BPM.wav,techno,loop,Drum Loops
SMALL_SAMPLES/techno_TWHS - Hard Groove Essentials (Vol. 1)/Drum Loops/Clap Loops/TWHS_HGE1_CLAP_LOOP_07_145BPM.wav,techno,loop,Drum Loops
SMALL_SAMPLES/techno_TWHS - Hard Groove Essentials (Vol. 1)/Drum Loops/Clap Loops/TWHS_HGE1_CLAP_LOOP_06_144BPM.wav,techno,loop,Drum Loops
SMALL_SAMPLES/techno_TWHS - Hard Groove Essentials (Vol. 1)/Drum Loops/Clap Loops/TWHS_HGE1_CLAP_LOOP_13_145BPM.wav,techno,loop,Drum Loops
SMALL_SAMPLES/techno_TWHS - Hard Groove Essentials (Vol. 1)/Drum Loops/Clap Loops/TWHS_HGE1_CLAP_LOOP_01_145BPM.wav,techno,loop,Drum Loops
SMALL_SAMPLES/techno_TWHS - Hard Groove Essentials (Vol. 1)/Drum Loops/Clap Loops/TWHS_HGE1_CLAP_LOOP_08_144BPM.wav,techno,loop,Drum Loops
SMALL_SAMPLES/techno_TWHS - Hard Groove Essentials (Vol. 1)/Drum Loops/Clap Loops/TWHS_HGE1_CLAP_LOOP_15_145BPM.wav,techno,loop,Drum Loops
SMALL_SAMPLES/techno_TWHS - Hard Groove Essentials (Vol. 1)/Drum Loops/Clap Loops/TWHS_HGE1_CLAP_LOOP_02_142BPM.wav,techno,loop,Drum Loops
SMALL_SAMPLES/techno_TWHS - Hard Groove Essentials (Vol. 1)/Drum Loops/Clap Loops/TWHS_HGE1_CLAP_LOOP_03_145BPM.wav,techno,loop,Drum Loops
SMALL_SAMPLES/techno_TWHS - Hard Groove Essentials (Vol. 1)/Drum Loops/Clap Loops/TWHS_HGE1_CLAP_LOOP_11_140BPM.wav,techno,loop,Drum Loops
SMALL_SAMPLES/techno_TWHS - Hard Groove Essentials (Vol. 1)/Drum Loops/Clap Loops/TWHS_HGE1_CLAP_LOOP_19_140BPM.wav,techno,loop,Drum Loops
SMALL_SAMPLES/techno_TWHS - Hard Groove Essentials (Vol. 1)/Drum Loops/Clap Loops/TWHS_HGE1_CLAP_LOOP_20_145BPM.wav,techno,loop,Drum Loops
SMALL_SAMPLES/techno_TWHS - Hard Groove Essentials (Vol. 1)/Drum Loops/Ride Loops/TWHS_HGE1_RIDE_LOOP_06_145BPM.wav,techno,loop,Drum Loops
SMALL_SAMPLES/techno_TWHS - Hard Groove Essentials (Vol. 1)/Drum Loops/Ride Loops/TWHS_HGE1_RIDE_LOOP_04_145BPM.wav,techno,loop,Drum Loops
SMALL_SAMPLES/techno_TWHS - Hard Groove Essentials (Vol. 1)/Drum Loops/Ride Loops/TWHS_HGE1_RIDE_LOOP_09_145BPM.wav,techno,loop,Drum Loops
SMALL_SAMPLES/techno_TWHS - Hard Groove Essentials (Vol. 1)/Drum Loops/Ride Loops/TWHS_HGE1_RIDE_LOOP_10_145BPM.wav,techno,loop,Drum Loops
SMALL_SAMPLES/techno_TWHS - Hard Groove Essentials (Vol. 1)/Drum Loops/Ride Loops/TWHS_HGE1_RIDE_LOOP_05_144BPM.wav,techno,loop,Drum Loops
SMALL_SAMPLES/techno_TWHS - Hard Groove Essentials (Vol. 1)/Drum Loops/Ride Loops/TWHS_HGE1_RIDE_LOOP_01_145BPM.wav,techno,loop,Drum Loops
SMALL_SAMPLES/techno_TWHS - Hard Groove Essentials (Vol. 1)/Drum Loops/Ride Loops/TWHS_HGE1_RIDE_LOOP_02_145BPM.wav,techno,loop,Drum Loops
SMALL_SAMPLES/techno_TWHS - Hard Groove Essentials (Vol. 1)/Drum Loops/Ride Loops/TWHS_HGE1_RIDE_LOOP_07_145BPM.wav,techno,loop,Drum Loops
SMALL_SAMPLES/techno_TWHS - Hard Groove Essentials (Vol. 1)/Drum Loops/Ride Loops/TWHS_HGE1_RIDE_LOOP_03_144BPM.wav,techno,loop,Drum Loops
SMALL_SAMPLES/techno_TWHS - Hard Groove Essentials (Vol. 1)/Drum Loops/Ride Loops/TWHS_HGE1_RIDE_LOOP_08_145BPM.wav,techno,loop,Drum Loops
SMALL_SAMPLES/techno_TWHS - Hard Groove Essentials (Vol. 1)/Drum Loops/Open Hat Loops/TWHS_HGE1_OPEN_HAT_LOOP_06_144BPM.wav,techno,loop,Drum Loops
SMALL_SAMPLES/techno_TWHS - Hard Groove Essentials (Vol. 1)/Drum Loops/Open Hat Loops/TWHS_HGE1_OPEN_HAT_LOOP_07_145BPM.wav,techno,loop,Drum Loops
SMALL_SAMPLES/techno_TWHS - Hard Groove Essentials (Vol. 1)/Drum Loops/Open Hat Loops/TWHS_HGE1_OPEN_HAT_LOOP_04_144BPM.wav,techno,loop,Drum Loops
SMALL_SAMPLES/techno_TWHS - Hard Groove Essentials (Vol. 1)/Drum Loops/Open Hat Loops/TWHS_HGE1_OPEN_HAT_LOOP_09_144BPM.wav,techno,loop,Drum Loops
SMALL_SAMPLES/techno_TWHS - Hard Groove Essentials (Vol. 1)/Drum Loops/Open Hat Loops/TWHS_HGE1_OPEN_HAT_LOOP_03_145BPM.wav,techno,loop,Drum Loops
SMALL_SAMPLES/techno_TWHS - Hard Groove Essentials (Vol. 1)/Drum Loops/Open Hat Loops/TWHS_HGE1_OPEN_HAT_LOOP_02_142BPM.wav,techno,loop,Drum Loops
SMALL_SAMPLES/techno_TWHS - Hard Groove Essentials (Vol. 1)/Drum Loops/Open Hat Loops/TWHS_HGE1_OPEN_HAT_LOOP_05_144BPM.wav,techno,loop,Drum Loops
SMALL_SAMPLES/techno_TWHS - Hard Groove Essentials (Vol. 1)/Drum Loops/Open Hat Loops/TWHS_HGE1_OPEN_HAT_LOOP_01_145BPM.wav,techno,loop,Drum Loops
SMALL_SAMPLES/techno_TWHS - Hard Groove Essentials (Vol. 1)/Drum Loops/Open Hat Loops/TWHS_HGE1_OPEN_HAT_LOOP_08_144BPM.wav,techno,loop,Drum Loops
SMALL_SAMPLES/techno_TWHS - Hard Groove Essentials (Vol. 1)/Drum Loops/Open Hat Loops/TWHS_HGE1_OPEN_HAT_LOOP_10_145BPM.wav,techno,loop,Drum Loops
SMALL_SAMPLES/techno_TWHS - Hard Groove Essentials (Vol. 1)/Drum Loops/Closed Hat Loops/TWHS_HGE1_CH_LOOP_05_135BPM.wav,techno,loop,Drum Loops
SMALL_SAMPLES/techno_TWHS - Hard Groove Essentials (Vol. 1)/Drum Loops/Closed Hat Loops/TWHS_HGE1_CH_LOOP_02_142BPM.wav,techno,loop,Drum Loops
SMALL_SAMPLES/techno_TWHS - Hard Groove Essentials (Vol. 1)/Drum Loops/Closed Hat Loops/TWHS_HGE1_CH_LOOP_07_135BPM.wav,techno,loop,Drum Loops
SMALL_SAMPLES/techno_TWHS - Hard Groove Essentials (Vol. 1)/Drum Loops/Closed Hat Loops/TWHS_HGE1_CH_LOOP_08_140BPM.wav,techno,loop,Drum Loops
SMALL_SAMPLES/techno_TWHS - Hard Groove Essentials (Vol. 1)/Drum Loops/Closed Hat Loops/TWHS_HGE1_CH_LOOP_03_142BPM.wav,techno,loop,Drum Loops
SMALL_SAMPLES/techno_TWHS - Hard Groove Essentials (Vol. 1)/Drum Loops/Closed Hat Loops/TWHS_HGE1_CH_LOOP_04_135BPM.wav,techno,loop,Drum Loops
SMALL_SAMPLES/techno_TWHS - Hard Groove Essentials (Vol. 1)/Drum Loops/Closed Hat Loops/TWHS_HGE1_CH_LOOP_09_140BPM.wav,techno,loop,Drum Loops
SMALL_SAMPLES/techno_TWHS - Hard Groove Essentials (Vol. 1)/Drum Loops/Closed Hat Loops/TWHS_HGE1_CH_LOOP_01_140BPM.wav,techno,loop,Drum Loops
SMALL_SAMPLES/techno_TWHS - Hard Groove Essentials (Vol. 1)/Drum Loops/Closed Hat Loops/TWHS_HGE1_CH_LOOP_10_140BPM.wav,techno,loop,Drum Loops
SMALL_SAMPLES/techno_TWHS - Hard Groove Essentials (Vol. 1)/Drum Loops/Closed Hat Loops/TWHS_HGE1_CH_LOOP_06_135BPM.wav,techno,loop,Drum Loops
SMALL_SAMPLES/techno_TWHS - Hard Groove Essentials (Vol. 1)/Drum Loops/Bongo Loops/TWHS_HGE1_BONGO_LOOP_11_144BPM.wav,techno,loop,Drum Loops
SMALL_SAMPLES/techno_TWHS - Hard Groove Essentials (Vol. 1)/Drum Loops/Bongo Loops/TWHS_HGE1_BONGO_LOOP_26_144BPM.wav,techno,loop,Drum Loops
SMALL_SAMPLES/techno_TWHS - Hard Groove Essentials (Vol. 1)/Drum Loops/Bongo Loops/TWHS_HGE1_BONGO_LOOP_08_144BPM.wav,techno,loop,Drum Loops
SMALL_SAMPLES/techno_TWHS - Hard Groove Essentials (Vol. 1)/Drum Loops/Bongo Loops/TWHS_HGE1_BONGO_LOOP_23_144BPM.wav,techno,loop,Drum Loops
SMALL_SAMPLES/techno_TWHS - Hard Groove Essentials (Vol. 1)/Drum Loops/Bongo Loops/TWHS_HGE1_BONGO_LOOP_14_144BPM.wav,techno,loop,Drum Loops
SMALL_SAMPLES/techno_TWHS - Hard Groove Essentials (Vol. 1)/Drum Loops/Bongo Loops/TWHS_HGE1_BONGO_LOOP_05_144BPM.wav,techno,loop,Drum Loops
SMALL_SAMPLES/techno_TWHS - Hard Groove Essentials (Vol. 1)/Drum Loops/Bongo Loops/TWHS_HGE1_BONGO_LOOP_19_144BPM.wav,techno,loop,Drum Loops
SMALL_SAMPLES/techno_TWHS - Hard Groove Essentials (Vol. 1)/Drum Loops/Bongo Loops/TWHS_HGE1_BONGO_LOOP_29_144BPM.wav,techno,loop,Drum Loops
SMALL_SAMPLES/techno_TWHS - Hard Groove Essentials (Vol. 1)/Drum Loops/Bongo Loops/TWHS_HGE1_BONGO_LOOP_02_144BPM.wav,techno,loop,Drum Loops
SMALL_SAMPLES/techno_TWHS - Hard Groove Essentials (Vol. 1)/Drum Loops/Bongo Loops/TWHS_HGE1_BONGO_LOOP_24_144BPM.wav,techno,loop,Drum Loops
SMALL_SAMPLES/techno_TWHS - Hard Groove Essentials (Vol. 1)/Drum Loops/Bongo Loops/TWHS_HGE1_BONGO_LOOP_13_144BPM.wav,techno,loop,Drum Loops
SMALL_SAMPLES/techno_TWHS - Hard Groove Essentials (Vol. 1)/Drum Loops/Bongo Loops/TWHS_HGE1_BONGO_LOOP_16_144BPM.wav,techno,loop,Drum Loops
SMALL_SAMPLES/techno_TWHS - Hard Groove Essentials (Vol. 1)/Drum Loops/Bongo Loops/TWHS_HGE1_BONGO_LOOP_21_144BPM.wav,techno,loop,Drum Loops
SMALL_SAMPLES/techno_TWHS - Hard Groove Essentials (Vol. 1)/Drum Loops/Bongo Loops/TWHS_HGE1_BONGO_LOOP_30_144BPM.wav,techno,loop,Drum Loops
SMALL_SAMPLES/techno_TWHS - Hard Groove Essentials (Vol. 1)/Drum Loops/Bongo Loops/TWHS_HGE1_BONGO_LOOP_07_144BPM.wav,techno,loop,Drum Loops
SMALL_SAMPLES/techno_TWHS - Hard Groove Essentials (Vol. 1)/Drum Loops/Bongo Loops/TWHS_HGE1_BONGO_LOOP_09_144BPM.wav,techno,loop,Drum Loops
SMALL_SAMPLES/techno_TWHS - Hard Groove Essentials (Vol. 1)/Drum Loops/Bongo Loops/TWHS_HGE1_BONGO_LOOP_22_144BPM.wav,techno,loop,Drum Loops
SMALL_SAMPLES/techno_TWHS - Hard Groove Essentials (Vol. 1)/Drum Loops/Bongo Loops/TWHS_HGE1_BONGO_LOOP_15_144BPM.wav,techno,loop,Drum Loops
SMALL_SAMPLES/techno_TWHS - Hard Groove Essentials (Vol. 1)/Drum Loops/Bongo Loops/TWHS_HGE1_BONGO_LOOP_04_144BPM.wav,techno,loop,Drum Loops
SMALL_SAMPLES/techno_TWHS - Hard Groove Essentials (Vol. 1)/Drum Loops/Bongo Loops/TWHS_HGE1_BONGO_LOOP_18_144BPM.wav,techno,loop,Drum Loops
SMALL_SAMPLES/techno_TWHS - Hard Groove Essentials (Vol. 1)/Drum Loops/Bongo Loops/TWHS_HGE1_BONGO_LOOP_01_144BPM.wav,techno,loop,Drum Loops
SMALL_SAMPLES/techno_TWHS - Hard Groove Essentials (Vol. 1)/Drum Loops/Bongo Loops/TWHS_HGE1_BONGO_LOOP_10_144BPM.wav,techno,loop,Drum Loops
SMALL_SAMPLES/techno_TWHS - Hard Groove Essentials (Vol. 1)/Drum Loops/Bongo Loops/TWHS_HGE1_BONGO_LOOP_27_144BPM.wav,techno,loop,Drum Loops
SMALL_SAMPLES/techno_TWHS - Hard Groove Essentials (Vol. 1)/Drum Loops/Bongo Loops/TWHS_HGE1_BONGO_LOOP_17_144BPM.wav,techno,loop,Drum Loops
SMALL_SAMPLES/techno_TWHS - Hard Groove Essentials (Vol. 1)/Drum Loops/Bongo Loops/TWHS_HGE1_BONGO_LOOP_20_144BPM.wav,techno,loop,Drum Loops
SMALL_SAMPLES/techno_TWHS - Hard Groove Essentials (Vol. 1)/Drum Loops/Bongo Loops/TWHS_HGE1_BONGO_LOOP_06_144BPM.wav,techno,loop,Drum Loops
SMALL_SAMPLES/techno_TWHS - Hard Groove Essentials (Vol. 1)/Drum Loops/Bongo Loops/TWHS_HGE1_BONGO_LOOP_28_144BPM.wav,techno,loop,Drum Loops
SMALL_SAMPLES/techno_TWHS - Hard Groove Essentials (Vol. 1)/Drum Loops/Bongo Loops/TWHS_HGE1_BONGO_LOOP_03_144BPM.wav,techno,loop,Drum Loops
SMALL_SAMPLES/techno_TWHS - Hard Groove Essentials (Vol. 1)/Drum Loops/Bongo Loops/TWHS_HGE1_BONGO_LOOP_25_144BPM.wav,techno,loop,Drum Loops
SMALL_SAMPLES/techno_TWHS - Hard Groove Essentials (Vol. 1)/Drum Loops/Bongo Loops/TWHS_HGE1_BONGO_LOOP_12_144BPM.wav,techno,loop,Drum Loops
SMALL_SAMPLES/techno_TWHS - Hard Groove Essentials (Vol. 1)/Drum Loops/Perc Loops/TWHS_HGE1_PERC_LOOP_07_145BPM.wav,techno,loop,Drum Loops
SMALL_SAMPLES/techno_TWHS - Hard Groove Essentials (Vol. 1)/Drum Loops/Perc Loops/TWHS_HGE1_PERC_LOOP_03_144BPM.wav,techno,loop,Drum Loops
SMALL_SAMPLES/techno_TWHS - Hard Groove Essentials (Vol. 1)/Drum Loops/Perc Loops/TWHS_HGE1_PERC_LOOP_05_143BPM.wav,techno,loop,Drum Loops
SMALL_SAMPLES/techno_TWHS - Hard Groove Essentials (Vol. 1)/Drum Loops/Perc Loops/TWHS_HGE1_PERC_LOOP_01_142BPM.wav,techno,loop,Drum Loops
SMALL_SAMPLES/techno_TWHS - Hard Groove Essentials (Vol. 1)/Drum Loops/Perc Loops/TWHS_HGE1_PERC_LOOP_09_144BPM.wav,techno,loop,Drum Loops
SMALL_SAMPLES/techno_TWHS - Hard Groove Essentials (Vol. 1)/Drum Loops/Perc Loops/TWHS_HGE1_PERC_LOOP_04_144BPM.wav,techno,loop,Drum Loops
SMALL_SAMPLES/techno_TWHS - Hard Groove Essentials (Vol. 1)/Drum Loops/Perc Loops/TWHS_HGE1_PERC_LOOP_10_144BPM.wav,techno,loop,Drum Loops
SMALL_SAMPLES/techno_TWHS - Hard Groove Essentials (Vol. 1)/Drum Loops/Perc Loops/TWHS_HGE1_PERC_LOOP_02_144BPM.wav,techno,loop,Drum Loops
SMALL_SAMPLES/techno_TWHS - Hard Groove Essentials (Vol. 1)/Drum Loops/Perc Loops/TWHS_HGE1_PERC_LOOP_08_142BPM.wav,techno,loop,Drum Loops
SMALL_SAMPLES/techno_TWHS - Hard Groove Essentials (Vol. 1)/Drum Loops/Perc Loops/TWHS_HGE1_PERC_LOOP_06_143BPM.wav,techno,loop,Drum Loops
SMALL_SAMPLES/techno_TWHS - Hard Groove Essentials (Vol. 1)/Drum Loops/Kick & Bass Loops/TWHS_HGE1_KICK_&_BASS_LOOP_04_145BPM_D#m.wav,techno,loop,Drum Loops
SMALL_SAMPLES/techno_TWHS - Hard Groove Essentials (Vol. 1)/Drum Loops/Kick & Bass Loops/TWHS_HGE1_KICK_&_BASS_LOOP_09_144BPM_Em.wav,techno,loop,Drum Loops
SMALL_SAMPLES/techno_TWHS - Hard Groove Essentials (Vol. 1)/Drum Loops/Kick & Bass Loops/TWHS_HGE1_KICK_&_BASS_LOOP_16_145BPM_D#m.wav,techno,loop,Drum Loops
SMALL_SAMPLES/techno_TWHS - Hard Groove Essentials (Vol. 1)/Drum Loops/Kick & Bass Loops/TWHS_HGE1_KICK_&_BASS_LOOP_02_145BPM_D#m.wav,techno,loop,Drum Loops
SMALL_SAMPLES/techno_TWHS - Hard Groove Essentials (Vol. 1)/Drum Loops/Kick & Bass Loops/TWHS_HGE1_KICK_&_BASS_LOOP_08_144BPM_Gm.wav,techno,loop,Drum Loops
SMALL_SAMPLES/techno_TWHS - Hard Groove Essentials (Vol. 1)/Drum Loops/Kick & Bass Loops/TWHS_HGE1_KICK_&_BASS_LOOP_20_143BPM_F#m.wav,techno,loop,Drum Loops
SMALL_SAMPLES/techno_TWHS - Hard Groove Essentials (Vol. 1)/Drum Loops/Kick & Bass Loops/TWHS_HGE1_KICK_&_BASS_LOOP_06_144BPM_Gm.wav,techno,loop,Drum Loops
SMALL_SAMPLES/techno_TWHS - Hard Groove Essentials (Vol. 1)/Drum Loops/Kick & Bass Loops/TWHS_HGE1_KICK_&_BASS_LOOP_15_145BPM_D#m.wav,techno,loop,Drum Loops
SMALL_SAMPLES/techno_TWHS - Hard Groove Essentials (Vol. 1)/Drum Loops/Kick & Bass Loops/TWHS_HGE1_KICK_&_BASS_LOOP_01_144BPM_Gm.wav,techno,loop,Drum Loops
SMALL_SAMPLES/techno_TWHS - Hard Groove Essentials (Vol. 1)/Drum Loops/Kick & Bass Loops/TWHS_HGE1_KICK_&_BASS_LOOP_14_145BPM_D#m.wav,techno,loop,Drum Loops
SMALL_SAMPLES/techno_TWHS - Hard Groove Essentials (Vol. 1)/Drum Loops/Kick & Bass Loops/TWHS_HGE1_KICK_&_BASS_LOOP_11_144BPM_Fm.wav,techno,loop,Drum Loops
SMALL_SAMPLES/techno_TWHS - Hard Groove Essentials (Vol. 1)/Drum Loops/Kick & Bass Loops/TWHS_HGE1_KICK_&_BASS_LOOP_05_144BPM_Gm.wav,techno,loop,Drum Loops
SMALL_SAMPLES/techno_TWHS - Hard Groove Essentials (Vol. 1)/Drum Loops/Kick & Bass Loops/TWHS_HGE1_KICK_&_BASS_LOOP_03_144BPM_Em.wav,techno,loop,Drum Loops
SMALL_SAMPLES/techno_TWHS - Hard Groove Essentials (Vol. 1)/Drum Loops/Kick & Bass Loops/TWHS_HGE1_KICK_&_BASS_LOOP_13_145BPM_D#m.wav,techno,loop,Drum Loops
SMALL_SAMPLES/techno_TWHS - Hard Groove Essentials (Vol. 1)/Drum Loops/Kick & Bass Loops/TWHS_HGE1_KICK_&_BASS_LOOP_10_144BPM_Em.wav,techno,loop,Drum Loops
SMALL_SAMPLES/techno_TWHS - Hard Groove Essentials (Vol. 1)/Drum Loops/Kick & Bass Loops/TWHS_HGE1_KICK_&_BASS_LOOP_17_144BPM_Fm.wav,techno,loop,Drum Loops
SMALL_SAMPLES/techno_TWHS - Hard Groove Essentials (Vol. 1)/Drum Loops/Kick & Bass Loops/TWHS_HGE1_KICK_&_BASS_LOOP_07_144BPM_Gm.wav,techno,loop,Drum Loops
SMALL_SAMPLES/techno_TWHS - Hard Groove Essentials (Vol. 1)/Drum Loops/Kick & Bass Loops/TWHS_HGE1_KICK_&_BASS_LOOP_19_143BPM_F#m.wav,techno,loop,Drum Loops
SMALL_SAMPLES/techno_TWHS - Hard Groove Essentials (Vol. 1)/Drum Loops/Kick & Bass Loops/TWHS_HGE1_KICK_&_BASS_LOOP_12_144BPM_D#m.wav,techno,loop,Drum Loops
SMALL_SAMPLES/techno_TWHS - Hard Groove Essentials (Vol. 1)/Drum Loops/Kick & Bass Loops/TWHS_HGE1_KICK_&_BASS_LOOP_18_143BPM_F#m.wav,techno,loop,Drum Loops
SMALL_SAMPLES/techno_TWHS - Hard Groove Essentials (Vol. 1)/Drum Loops/Kick Loops/TWHS_HGE1_KICK_LOOP_13_144BPM.wav,techno,loop,Drum Loops
SMALL_SAMPLES/techno_TWHS - Hard Groove Essentials (Vol. 1)/Drum Loops/Kick Loops/TWHS_HGE1_KICK_LOOP_20_145BPM.wav,techno,loop,Drum Loops
SMALL_SAMPLES/techno_TWHS - Hard Groove Essentials (Vol. 1)/Drum Loops/Kick Loops/TWHS_HGE1_KICK_LOOP_06_143BPM.wav,techno,loop,Drum Loops
SMALL_SAMPLES/techno_TWHS - Hard Groove Essentials (Vol. 1)/Drum Loops/Kick Loops/TWHS_HGE1_KICK_LOOP_18_145BPM.wav,techno,loop,Drum Loops
SMALL_SAMPLES/techno_TWHS - Hard Groove Essentials (Vol. 1)/Drum Loops/Kick Loops/TWHS_HGE1_KICK_LOOP_04_145BPM.wav,techno,loop,Drum Loops
SMALL_SAMPLES/techno_TWHS - Hard Groove Essentials (Vol. 1)/Drum Loops/Kick Loops/TWHS_HGE1_KICK_LOOP_05_144BPM.wav,techno,loop,Drum Loops
SMALL_SAMPLES/techno_TWHS - Hard Groove Essentials (Vol. 1)/Drum Loops/Kick Loops/TWHS_HGE1_KICK_LOOP_01_145BPM.wav,techno,loop,Drum Loops
SMALL_SAMPLES/techno_TWHS - Hard Groove Essentials (Vol. 1)/Drum Loops/Kick Loops/TWHS_HGE1_KICK_LOOP_08_144BPM.wav,techno,loop,Drum Loops
SMALL_SAMPLES/techno_TWHS - Hard Groove Essentials (Vol. 1)/Drum Loops/Kick Loops/TWHS_HGE1_KICK_LOOP_02_140BPM.wav,techno,loop,Drum Loops
SMALL_SAMPLES/techno_TWHS - Hard Groove Essentials (Vol. 1)/Drum Loops/Kick Loops/TWHS_HGE1_KICK_LOOP_15_142BPM.wav,techno,loop,Drum Loops
SMALL_SAMPLES/techno_TWHS - Hard Groove Essentials (Vol. 1)/Drum Loops/Kick Loops/TWHS_HGE1_KICK_LOOP_11_143BPM.wav,techno,loop,Drum Loops
SMALL_SAMPLES/techno_TWHS - Hard Groove Essentials (Vol. 1)/Drum Loops/Kick Loops/TWHS_HGE1_KICK_LOOP_12_144BPM.wav,techno,loop,Drum Loops
SMALL_SAMPLES/techno_TWHS - Hard Groove Essentials (Vol. 1)/Drum Loops/Kick Loops/TWHS_HGE1_KICK_LOOP_16_145BPM.wav,techno,loop,Drum Loops
SMALL_SAMPLES/techno_TWHS - Hard Groove Essentials (Vol. 1)/Drum Loops/Kick Loops/TWHS_HGE1_KICK_LOOP_19_143BPM.wav,techno,loop,Drum Loops
SMALL_SAMPLES/techno_TWHS - Hard Groove Essentials (Vol. 1)/Drum Loops/Kick Loops/TWHS_HGE1_KICK_LOOP_07_145BPM.wav,techno,loop,Drum Loops
SMALL_SAMPLES/techno_TWHS - Hard Groove Essentials (Vol. 1)/Drum Loops/Kick Loops/TWHS_HGE1_KICK_LOOP_14_143BPM.wav,techno,loop,Drum Loops
SMALL_SAMPLES/techno_TWHS - Hard Groove Essentials (Vol. 1)/Drum Loops/Kick Loops/TWHS_HGE1_KICK_LOOP_09_144BPM.wav,techno,loop,Drum Loops
SMALL_SAMPLES/techno_TWHS - Hard Groove Essentials (Vol. 1)/Drum Loops/Kick Loops/TWHS_HGE1_KICK_LOOP_03_142BPM.wav,techno,loop,Drum Loops
SMALL_SAMPLES/techno_TWHS - Hard Groove Essentials (Vol. 1)/Drum Loops/Kick Loops/TWHS_HGE1_KICK_LOOP_10_144BPM.wav,techno,loop,Drum Loops
SMALL_SAMPLES/techno_TWHS - Hard Groove Essentials (Vol. 1)/Drum Loops/Kick Loops/TWHS_HGE1_KICK_LOOP_17_140BPM.wav,techno,loop,Drum Loops
SMALL_SAMPLES/techno_TWHS - Hard Groove Essentials (Vol. 1)/Drum Loops/Hat Loops/TWHS_HGE1_HAT_LOOP_05_145BPM.wav,techno,loop,Drum Loops
SMALL_SAMPLES/techno_TWHS - Hard Groove Essentials (Vol. 1)/Drum Loops/Hat Loops/TWHS_HGE1_HAT_LOOP_04_144BPM.wav,techno,loop,Drum Loops
SMALL_SAMPLES/techno_TWHS - Hard Groove Essentials (Vol. 1)/Drum Loops/Hat Loops/TWHS_HGE1_HAT_LOOP_03_144BPM.wav,techno,loop,Drum Loops
SMALL_SAMPLES/techno_TWHS - Hard Groove Essentials (Vol. 1)/Drum Loops/Hat Loops/TWHS_HGE1_HAT_LOOP_08_143BPM.wav,techno,loop,Drum Loops
SMALL_SAMPLES/techno_TWHS - Hard Groove Essentials (Vol. 1)/Drum Loops/Hat Loops/TWHS_HGE1_HAT_LOOP_06_144BPM.wav,techno,loop,Drum Loops
SMALL_SAMPLES/techno_TWHS - Hard Groove Essentials (Vol. 1)/Drum Loops/Hat Loops/TWHS_HGE1_HAT_LOOP_02_145BPM.wav,techno,loop,Drum Loops
SMALL_SAMPLES/techno_TWHS - Hard Groove Essentials (Vol. 1)/Drum Loops/Hat Loops/TWHS_HGE1_HAT_LOOP_07_142BPM.wav,techno,loop,Drum Loops
SMALL_SAMPLES/techno_TWHS - Hard Groove Essentials (Vol. 1)/Drum Loops/Hat Loops/TWHS_HGE1_HAT_LOOP_10_145BPM.wav,techno,loop,Drum Loops
SMALL_SAMPLES/techno_TWHS - Hard Groove Essentials (Vol. 1)/Drum Loops/Hat Loops/TWHS_HGE1_HAT_LOOP_01_145BPM.wav,techno,loop,Drum Loops
SMALL_SAMPLES/techno_TWHS - Hard Groove Essentials (Vol. 1)/Drum Loops/Hat Loops/TWHS_HGE1_HAT_LOOP_09_145BPM.wav,techno,loop,Drum Loops
SMALL_SAMPLES/techno_TWHS - Hard Groove Essentials (Vol. 1)/Drum Loops/Top Loops/TWHS_HGE1_TOP_LOOP_05_143BPM.wav,techno,loop,Drum Loops
SMALL_SAMPLES/techno_TWHS - Hard Groove Essentials (Vol. 1)/Drum Loops/Top Loops/TWHS_HGE1_TOP_LOOP_03_144BPM.wav,techno,loop,Drum Loops
SMALL_SAMPLES/techno_TWHS - Hard Groove Essentials (Vol. 1)/Drum Loops/Top Loops/TWHS_HGE1_TOP_LOOP_02_145BPM.wav,techno,loop,Drum Loops
SMALL_SAMPLES/techno_TWHS - Hard Groove Essentials (Vol. 1)/Drum Loops/Top Loops/TWHS_HGE1_TOP_LOOP_13_145BPM.wav,techno,loop,Drum Loops
SMALL_SAMPLES/techno_TWHS - Hard Groove Essentials (Vol. 1)/Drum Loops/Top Loops/TWHS_HGE1_TOP_LOOP_24_145BPM.wav,techno,loop,Drum Loops
SMALL_SAMPLES/techno_TWHS - Hard Groove Essentials (Vol. 1)/Drum Loops/Top Loops/TWHS_HGE1_TOP_LOOP_17_144BPM.wav,techno,loop,Drum Loops
SMALL_SAMPLES/techno_TWHS - Hard Groove Essentials (Vol. 1)/Drum Loops/Top Loops/TWHS_HGE1_TOP_LOOP_10_144BPM.wav,techno,loop,Drum Loops
SMALL_SAMPLES/techno_TWHS - Hard Groove Essentials (Vol. 1)/Drum Loops/Top Loops/TWHS_HGE1_TOP_LOOP_08_145BPM.wav,techno,loop,Drum Loops
SMALL_SAMPLES/techno_TWHS - Hard Groove Essentials (Vol. 1)/Drum Loops/Top Loops/TWHS_HGE1_TOP_LOOP_14_145BPM.wav,techno,loop,Drum Loops
SMALL_SAMPLES/techno_TWHS - Hard Groove Essentials (Vol. 1)/Drum Loops/Top Loops/TWHS_HGE1_TOP_LOOP_19_145BPM.wav,techno,loop,Drum Loops
SMALL_SAMPLES/techno_TWHS - Hard Groove Essentials (Vol. 1)/Drum Loops/Top Loops/TWHS_HGE1_TOP_LOOP_04_144BPM.wav,techno,loop,Drum Loops
SMALL_SAMPLES/techno_TWHS - Hard Groove Essentials (Vol. 1)/Drum Loops/Top Loops/TWHS_HGE1_TOP_LOOP_22_144BPM.wav,techno,loop,Drum Loops
SMALL_SAMPLES/techno_TWHS - Hard Groove Essentials (Vol. 1)/Drum Loops/Top Loops/TWHS_HGE1_TOP_LOOP_09_144BPM.wav,techno,loop,Drum Loops
SMALL_SAMPLES/techno_TWHS - Hard Groove Essentials (Vol. 1)/Drum Loops/Top Loops/TWHS_HGE1_TOP_LOOP_07_144BPM.wav,techno,loop,Drum Loops
SMALL_SAMPLES/techno_TWHS - Hard Groove Essentials (Vol. 1)/Drum Loops/Top Loops/TWHS_HGE1_TOP_LOOP_12_145BPM.wav,techno,loop,Drum Loops
SMALL_SAMPLES/techno_TWHS - Hard Groove Essentials (Vol. 1)/Drum Loops/Top Loops/TWHS_HGE1_TOP_LOOP_25_145BPM.wav,techno,loop,Drum Loops
SMALL_SAMPLES/techno_TWHS - Hard Groove Essentials (Vol. 1)/Drum Loops/Top Loops/TWHS_HGE1_TOP_LOOP_21_144BPM.wav,techno,loop,Drum Loops
SMALL_SAMPLES/techno_TWHS - Hard Groove Essentials (Vol. 1)/Drum Loops/Top Loops/TWHS_HGE1_TOP_LOOP_01_145BPM.wav,techno,loop,Drum Loops
SMALL_SAMPLES/techno_TWHS - Hard Groove Essentials (Vol. 1)/Drum Loops/Top Loops/TWHS_HGE1_TOP_LOOP_16_142BPM.wav,techno,loop,Drum Loops
SMALL_SAMPLES/techno_TWHS - Hard Groove Essentials (Vol. 1)/Drum Loops/Top Loops/TWHS_HGE1_TOP_LOOP_23_144BPM.wav,techno,loop,Drum Loops
SMALL_SAMPLES/techno_TWHS - Hard Groove Essentials (Vol. 1)/Drum Loops/Top Loops/TWHS_HGE1_TOP_LOOP_11_144BPM.wav,techno,loop,Drum Loops
SMALL_SAMPLES/techno_TWHS - Hard Groove Essentials (Vol. 1)/Drum Loops/Top Loops/TWHS_HGE1_TOP_LOOP_06_143BPM.wav,techno,loop,Drum Loops
SMALL_SAMPLES/techno_TWHS - Hard Groove Essentials (Vol. 1)/Drum Loops/Top Loops/TWHS_HGE1_TOP_LOOP_15_145BPM.wav,techno,loop,Drum Loops
SMALL_SAMPLES/techno_TWHS - Hard Groove Essentials (Vol. 1)/Drum Loops/Top Loops/TWHS_HGE1_TOP_LOOP_20_143BPM.wav,techno,loop,Drum Loops
SMALL_SAMPLES/techno_TWHS - Hard Groove Essentials (Vol. 1)/Drum Loops/Top Loops/TWHS_HGE1_TOP_LOOP_18_145BPM.wav,techno,loop,Drum Loops
SMALL_SAMPLES/techno_TWHS - Hard Groove Essentials (Vol. 1)/Drum Loops/Kick & Rumble Loops/TWHS_HGE1_KICK_&_RUMBLE_LOOP_04_144BPM.wav,techno,loop,Drum Loops
SMALL_SAMPLES/techno_TWHS - Hard Groove Essentials (Vol. 1)/Drum Loops/Kick & Rumble Loops/TWHS_HGE1_KICK_&_RUMBLE_LOOP_03_142BPM.wav,techno,loop,Drum Loops
SMALL_SAMPLES/techno_TWHS - Hard Groove Essentials (Vol. 1)/Drum Loops/Kick & Rumble Loops/TWHS_HGE1_KICK_&_RUMBLE_LOOP_07_143BPM.wav,techno,loop,Drum Loops
SMALL_SAMPLES/techno_TWHS - Hard Groove Essentials (Vol. 1)/Drum Loops/Kick & Rumble Loops/TWHS_HGE1_KICK_&_RUMBLE_LOOP_08_143BPM.wav,techno,loop,Drum Loops
SMALL_SAMPLES/techno_TWHS - Hard Groove Essentials (Vol. 1)/Drum Loops/Kick & Rumble Loops/TWHS_HGE1_KICK_&_RUMBLE_LOOP_05_143BPM.wav,techno,loop,Drum Loops
SMALL_SAMPLES/techno_TWHS - Hard Groove Essentials (Vol. 1)/Drum Loops/Kick & Rumble Loops/TWHS_HGE1_KICK_&_RUMBLE_LOOP_06_143BPM.wav,techno,loop,Drum Loops
SMALL_SAMPLES/techno_TWHS - Hard Groove Essentials (Vol. 1)/Drum Loops/Kick & Rumble Loops/TWHS_HGE1_KICK_&_RUMBLE_LOOP_09_145BPM.wav,techno,loop,Drum Loops
SMALL_SAMPLES/techno_TWHS - Hard Groove Essentials (Vol. 1)/Drum Loops/Kick & Rumble Loops/TWHS_HGE1_KICK_&_RUMBLE_LOOP_10_145BPM.wav,techno,loop,Drum Loops
SMALL_SAMPLES/techno_TWHS - Hard Groove Essentials (Vol. 1)/Drum Loops/Kick & Rumble Loops/TWHS_HGE1_KICK_&_RUMBLE_LOOP_02_140BPM.wav,techno,loop,Drum Loops
SMALL_SAMPLES/techno_TWHS - Hard Groove Essentials (Vol. 1)/Drum Loops/Kick & Rumble Loops/TWHS_HGE1_KICK_&_RUMBLE_LOOP_01_145BPM.wav,techno,loop,Drum Loops
SMALL_SAMPLES/techno_TWHS - Hard Groove Essentials (Vol. 1)/FX/Sweeps/TWHS_HGE1_SWEEP_08_145BPM.wav,techno,other,FX
SMALL_SAMPLES/techno_TWHS - Hard Groove Essentials (Vol. 1)/FX/Sweeps/TWHS_HGE1_SWEEP_07_145BPM.wav,techno,other,FX
SMALL_SAMPLES/techno_TWHS - Hard Groove Essentials (Vol. 1)/FX/Sweeps/TWHS_HGE1_SWEEP_02_145BPM.wav,techno,other,FX
SMALL_SAMPLES/techno_TWHS - Hard Groove Essentials (Vol. 1)/FX/Sweeps/TWHS_HGE1_SWEEP_10_145BPM.wav,techno,other,FX
SMALL_SAMPLES/techno_TWHS - Hard Groove Essentials (Vol. 1)/FX/Sweeps/TWHS_HGE1_SWEEP_01_145BPM.wav,techno,other,FX
SMALL_SAMPLES/techno_TWHS - Hard Groove Essentials (Vol. 1)/FX/Sweeps/TWHS_HGE1_SWEEP_05_135BPM.wav,techno,other,FX
SMALL_SAMPLES/techno_TWHS - Hard Groove Essentials (Vol. 1)/FX/Sweeps/TWHS_HGE1_SWEEP_04_145BPM.wav,techno,other,FX
SMALL_SAMPLES/techno_TWHS - Hard Groove Essentials (Vol. 1)/FX/Sweeps/TWHS_HGE1_SWEEP_09_145BPM.wav,techno,other,FX
SMALL_SAMPLES/techno_TWHS - Hard Groove Essentials (Vol. 1)/FX/Sweeps/TWHS_HGE1_SWEEP_03_145BPM.wav,techno,other,FX
SMALL_SAMPLES/techno_TWHS - Hard Groove Essentials (Vol. 1)/FX/Sweeps/TWHS_HGE1_SWEEP_06_145BPM.wav,techno,other,FX
SMALL_SAMPLES/techno_TWHS - Hard Groove Essentials (Vol. 1)/FX/Subdrops/TWHS_HGE1_SUBDROP_08.wav,techno,other,FX
SMALL_SAMPLES/techno_TWHS - Hard Groove Essentials (Vol. 1)/FX/Subdrops/TWHS_HGE1_SUBDROP_09.wav,techno,other,FX
SMALL_SAMPLES/techno_TWHS - Hard Groove Essentials (Vol. 1)/FX/Subdrops/TWHS_HGE1_SUBDROP_04.wav,techno,other,FX
SMALL_SAMPLES/techno_TWHS - Hard Groove Essentials (Vol. 1)/FX/Subdrops/TWHS_HGE1_SUBDROP_10.wav,techno,other,FX
SMALL_SAMPLES/techno_TWHS - Hard Groove Essentials (Vol. 1)/FX/Subdrops/TWHS_HGE1_SUBDROP_05.wav,techno,other,FX
SMALL_SAMPLES/techno_TWHS - Hard Groove Essentials (Vol. 1)/FX/Subdrops/TWHS_HGE1_SUBDROP_07.wav,techno,other,FX
SMALL_SAMPLES/techno_TWHS - Hard Groove Essentials (Vol. 1)/FX/Subdrops/TWHS_HGE1_SUBDROP_06.wav,techno,other,FX
SMALL_SAMPLES/techno_TWHS - Hard Groove Essentials (Vol. 1)/FX/Subdrops/TWHS_HGE1_SUBDROP_02.wav,techno,other,FX
SMALL_SAMPLES/techno_TWHS - Hard Groove Essentials (Vol. 1)/FX/Subdrops/TWHS_HGE1_SUBDROP_03.wav,techno,other,FX
SMALL_SAMPLES/techno_TWHS - Hard Groove Essentials (Vol. 1)/FX/Subdrops/TWHS_HGE1_SUBDROP_01.wav,techno,other,FX
SMALL_SAMPLES/techno_TWHS - Hard Groove Essentials (Vol. 1)/FX/Risers/TWHS_HGE1_RISER_02_144BPM_Gm.wav,techno,other,FX
SMALL_SAMPLES/techno_TWHS - Hard Groove Essentials (Vol. 1)/FX/Risers/TWHS_HGE1_RISER_03_135BPM.wav,techno,other,FX
SMALL_SAMPLES/techno_TWHS - Hard Groove Essentials (Vol. 1)/FX/Risers/TWHS_HGE1_RISER_04_145BPM_C#m.wav,techno,other,FX
SMALL_SAMPLES/techno_TWHS - Hard Groove Essentials (Vol. 1)/FX/Risers/TWHS_HGE1_RISER_07_145BPM.wav,techno,other,FX
SMALL_SAMPLES/techno_TWHS - Hard Groove Essentials (Vol. 1)/FX/Risers/TWHS_HGE1_RISER_05_145BPM_Fm.wav,techno,other,FX
SMALL_SAMPLES/techno_TWHS - Hard Groove Essentials (Vol. 1)/FX/Risers/TWHS_HGE1_RISER_10_145BPM_Fm.wav,techno,other,FX
SMALL_SAMPLES/techno_TWHS - Hard Groove Essentials (Vol. 1)/FX/Risers/TWHS_HGE1_RISER_06_145BPM_Em.wav,techno,other,FX
SMALL_SAMPLES/techno_TWHS - Hard Groove Essentials (Vol. 1)/FX/Risers/TWHS_HGE1_RISER_09_145BPM.wav,techno,other,FX
SMALL_SAMPLES/techno_TWHS - Hard Groove Essentials (Vol. 1)/FX/Risers/TWHS_HGE1_RISER_08_145BPM_Cm.wav,techno,other,FX
SMALL_SAMPLES/techno_TWHS - Hard Groove Essentials (Vol. 1)/FX/Risers/TWHS_HGE1_RISER_01_143BPM.wav,techno,other,FX
SMALL_SAMPLES/techno_TWHS - Hard Groove Essentials (Vol. 1)/Vocals/Chant Loops/TWHS_HGE1_CHANTLOOP_04_145BPM.wav,techno,other,Vocals
SMALL_SAMPLES/techno_TWHS - Hard Groove Essentials (Vol. 1)/Vocals/Chant Loops/TWHS_HGE1_CHANTLOOP_08_144BPM.wav,techno,other,Vocals
SMALL_SAMPLES/techno_TWHS - Hard Groove Essentials (Vol. 1)/Vocals/Chant Loops/TWHS_HGE1_CHANTLOOP_06_145BPM.wav,techno,other,Vocals
SMALL_SAMPLES/techno_TWHS - Hard Groove Essentials (Vol. 1)/Vocals/Chant Loops/TWHS_HGE1_CHANTLOOP_01_143BPM.wav,techno,other,Vocals
SMALL_SAMPLES/techno_TWHS - Hard Groove Essentials (Vol. 1)/Vocals/Chant Loops/TWHS_HGE1_CHANTLOOP_02_143BPM.wav,techno,other,Vocals
SMALL_SAMPLES/techno_TWHS - Hard Groove Essentials (Vol. 1)/Vocals/Chant Loops/TWHS_HGE1_CHANTLOOP_09_144BPM.wav,techno,other,Vocals
SMALL_SAMPLES/techno_TWHS - Hard Groove Essentials (Vol. 1)/Vocals/Chant Loops/TWHS_HGE1_CHANTLOOP_10_144BPM.wav,techno,other,Vocals
SMALL_SAMPLES/techno_TWHS - Hard Groove Essentials (Vol. 1)/Vocals/Chant Loops/TWHS_HGE1_CHANTLOOP_05_145BPM.wav,techno,other,Vocals
SMALL_SAMPLES/techno_TWHS - Hard Groove Essentials (Vol. 1)/Vocals/Chant Loops/TWHS_HGE1_CHANTLOOP_03_144BPM.wav,techno,other,Vocals
SMALL_SAMPLES/techno_TWHS - Hard Groove Essentials (Vol. 1)/Vocals/Chant Loops/TWHS_HGE1_CHANTLOOP_07_145BPM.wav,techno,other,Vocals
SMALL_SAMPLES/techno_TWHS - Hard Groove Essentials (Vol. 1)/Vocals/Phrases/TWHS_HGE1_VOX_ENERGY_HIGH_145.wav,techno,other,Vocals
SMALL_SAMPLES/techno_TWHS - Hard Groove Essentials (Vol. 1)/Vocals/Phrases/TWHS_HGE1_VOX_DROP_THE_SOUND_145.wav,techno,other,Vocals
SMALL_SAMPLES/techno_TWHS - Hard Groove Essentials (Vol. 1)/Vocals/Phrases/TWHS_HGE1_VOX_DANCE_ALL_NIGHT_145.wav,techno,other,Vocals
SMALL_SAMPLES/techno_TWHS - Hard Groove Essentials (Vol. 1)/Vocals/Phrases/TWHS_HGE1_VOX_FEEL_THE_BASS_145.wav,techno,other,Vocals
SMALL_SAMPLES/techno_TWHS - Hard Groove Essentials (Vol. 1)/Vocals/Phrases/TWHS_HGE1_VOX_DROP_THE_BEAT_145.wav,techno,other,Vocals
SMALL_SAMPLES/techno_TWHS - Hard Groove Essentials (Vol. 1)/Vocals/Phrases & Oneshots/TWHS_HGE1_VOX_YEA_LIKE_THAT.wav,techno,other,Vocals
SMALL_SAMPLES/techno_TWHS - Hard Groove Essentials (Vol. 1)/Vocals/Phrases & Oneshots/TWHS_HGE1_VOX_MOVE_IT.wav,techno,other,Vocals
SMALL_SAMPLES/techno_TWHS - Hard Groove Essentials (Vol. 1)/Vocals/Phrases & Oneshots/TWHS_HGE1_VOX_YEA.wav,techno,other,Vocals
SMALL_SAMPLES/techno_TWHS - Hard Groove Essentials (Vol. 1)/Vocals/Phrases & Oneshots/TWHS_HGE1_VOX_MOVE_IT_2.wav,techno,other,Vocals
SMALL_SAMPLES/techno_TWHS - Hard Groove Essentials (Vol. 1)/Vocals/Phrases & Oneshots/TWHS_HGE1_VOX_WE_MAKE_IT_GO.wav,techno,other,Vocals
SMALL_SAMPLES/techno_TWHS - Hard Groove Essentials (Vol. 1)/Vocals/Phrases & Oneshots/TWHS_HGE1_VOX_PRUHG.wav,techno,other,Vocals
SMALL_SAMPLES/techno_TWHS - Hard Groove Essentials (Vol. 1)/Vocals/Phrases & Oneshots/TWHS_HGE1_VOX_INHALEEXHALE.wav,techno,other,Vocals
SMALL_SAMPLES/techno_TWHS - Hard Groove Essentials (Vol. 1)/Vocals/Phrases & Oneshots/TWHS_HGE1_VOX_BOUNCE_TO_THE_RHYTHM.wav,techno,other,Vocals
SMALL_SAMPLES/techno_TWHS - Hard Groove Essentials (Vol. 1)/Vocals/Glitch Loops/TWHS_HGE1_VOX_GLITCH_2_145BPM.wav,techno,other,Vocals
SMALL_SAMPLES/techno_TWHS - Hard Groove Essentials (Vol. 1)/Vocals/Glitch Loops/TWHS_HGE1_VOX_GLITCH_7_145BPM.wav,techno,other,Vocals
SMALL_SAMPLES/techno_TWHS - Hard Groove Essentials (Vol. 1)/Vocals/Glitch Loops/TWHS_HGE1_VOX_GLITCH_8_145BPM.wav,techno,other,Vocals
SMALL_SAMPLES/techno_TWHS - Hard Groove Essentials (Vol. 1)/Vocals/Glitch Loops/TWHS_HGE1_VOX_GLITCH_5_145BPM.wav,techno,other,Vocals
SMALL_SAMPLES/techno_TWHS - Hard Groove Essentials (Vol. 1)/Vocals/Glitch Loops/TWHS_HGE1_VOX_GLITCH_10_145BPM.wav,techno,other,Vocals
SMALL_SAMPLES/techno_TWHS - Hard Groove Essentials (Vol. 1)/Vocals/Glitch Loops/TWHS_HGE1_VOX_GLITCH_6_145BPM.wav,techno,other,Vocals
SMALL_SAMPLES/techno_TWHS - Hard Groove Essentials (Vol. 1)/Vocals/Glitch Loops/TWHS_HGE1_VOX_GLITCH_3_145BPM.wav,techno,other,Vocals
SMALL_SAMPLES/techno_TWHS - Hard Groove Essentials (Vol. 1)/Vocals/Glitch Loops/TWHS_HGE1_VOX_GLITCH_9_145BPM.wav,techno,other,Vocals
SMALL_SAMPLES/techno_TWHS - Hard Groove Essentials (Vol. 1)/Vocals/Glitch Loops/TWHS_HGE1_VOX_GLITCH_1_145BPM.wav,techno,other,Vocals
SMALL_SAMPLES/techno_TWHS - Hard Groove Essentials (Vol. 1)/Melodic Oneshots/Rave Stabs/TWHS_HGE1_RAVESTAB_10_C#.wav,techno,oneshot,Melodic Oneshots
SMALL_SAMPLES/techno_TWHS - Hard Groove Essentials (Vol. 1)/Melodic Oneshots/Rave Stabs/TWHS_HGE1_RAVESTAB_01_F.wav,techno,oneshot,Melodic Oneshots
SMALL_SAMPLES/techno_TWHS - Hard Groove Essentials (Vol. 1)/Melodic Oneshots/Rave Stabs/TWHS_HGE1_RAVESTAB_06_D#.wav,techno,oneshot,Melodic Oneshots
SMALL_SAMPLES/techno_TWHS - Hard Groove Essentials (Vol. 1)/Melodic Oneshots/Rave Stabs/TWHS_HGE1_RAVESTAB_18_E.wav,techno,oneshot,Melodic Oneshots
SMALL_SAMPLES/techno_TWHS - Hard Groove Essentials (Vol. 1)/Melodic Oneshots/Rave Stabs/TWHS_HGE1_RAVESTAB_00_B.wav,techno,oneshot,Melodic Oneshots
SMALL_SAMPLES/techno_TWHS - Hard Groove Essentials (Vol. 1)/Melodic Oneshots/Rave Stabs/TWHS_HGE1_RAVESTAB_17_F#.wav,techno,oneshot,Melodic Oneshots
SMALL_SAMPLES/techno_TWHS - Hard Groove Essentials (Vol. 1)/Melodic Oneshots/Rave Stabs/TWHS_HGE1_RAVESTAB_19_A.wav,techno,oneshot,Melodic Oneshots
SMALL_SAMPLES/techno_TWHS - Hard Groove Essentials (Vol. 1)/Melodic Oneshots/Rave Stabs/TWHS_HGE1_RAVESTAB_20_E.wav,techno,oneshot,Melodic Oneshots
SMALL_SAMPLES/techno_TWHS - Hard Groove Essentials (Vol. 1)/Melodic Oneshots/Rave Stabs/TWHS_HGE1_RAVESTAB_02_G.wav,techno,oneshot,Melodic Oneshots
SMALL_SAMPLES/techno_TWHS - Hard Groove Essentials (Vol. 1)/Melodic Oneshots/Rave Stabs/TWHS_HGE1_RAVESTAB_04_C.wav,techno,oneshot,Melodic Oneshots
SMALL_SAMPLES/techno_TWHS - Hard Groove Essentials (Vol. 1)/Melodic Oneshots/Rave Stabs/TWHS_HGE1_RAVESTAB_07_F#.wav,techno,oneshot,Melodic Oneshots
SMALL_SAMPLES/techno_TWHS - Hard Groove Essentials (Vol. 1)/Melodic Oneshots/Rave Stabs/TWHS_HGE1_RAVESTAB_05_D#.wav,techno,oneshot,Melodic Oneshots
SMALL_SAMPLES/techno_TWHS - Hard Groove Essentials (Vol. 1)/Melodic Oneshots/Rave Stabs/TWHS_HGE1_RAVESTAB_15_A.wav,techno,oneshot,Melodic Oneshots
SMALL_SAMPLES/techno_TWHS - Hard Groove Essentials (Vol. 1)/Melodic Oneshots/Rave Stabs/TWHS_HGE1_RAVESTAB_13_F.wav,techno,oneshot,Melodic Oneshots
SMALL_SAMPLES/techno_TWHS - Hard Groove Essentials (Vol. 1)/Melodic Oneshots/Rave Stabs/TWHS_HGE1_RAVESTAB_11_G.wav,techno,oneshot,Melodic Oneshots
SMALL_SAMPLES/techno_TWHS - Hard Groove Essentials (Vol. 1)/Melodic Oneshots/Rave Stabs/TWHS_HGE1_RAVESTAB_09_A.wav,techno,oneshot,Melodic Oneshots
SMALL_SAMPLES/techno_TWHS - Hard Groove Essentials (Vol. 1)/Melodic Oneshots/Rave Stabs/TWHS_HGE1_RAVESTAB_12_C.wav,techno,oneshot,Melodic Oneshots
SMALL_SAMPLES/techno_TWHS - Hard Groove Essentials (Vol. 1)/Melodic Oneshots/Rave Stabs/TWHS_HGE1_RAVESTAB_03_D#.wav,techno,oneshot,Melodic Oneshots
SMALL_SAMPLES/techno_TWHS - Hard Groove Essentials (Vol. 1)/Melodic Oneshots/Rave Stabs/TWHS_HGE1_RAVESTAB_08_G#.wav,techno,oneshot,Melodic Oneshots
SMALL_SAMPLES/techno_TWHS - Hard Groove Essentials (Vol. 1)/Melodic Oneshots/Rave Stabs/TWHS_HGE1_RAVESTAB_14_A.wav,techno,oneshot,Melodic Oneshots
SMALL_SAMPLES/techno_TWHS - Hard Groove Essentials (Vol. 1)/Melodic Oneshots/Synth Shots/TWHS_HGE1_SYNTHSHOT_03_145BPM_Em.wav,techno,oneshot,Melodic Oneshots
SMALL_SAMPLES/techno_TWHS - Hard Groove Essentials (Vol. 1)/Melodic Oneshots/Synth Shots/TWHS_HGE1_SYNTHSHOT_09_142BPM_Em.wav,techno,oneshot,Melodic Oneshots
SMALL_SAMPLES/techno_TWHS - Hard Groove Essentials (Vol. 1)/Melodic Oneshots/Synth Shots/TWHS_HGE1_SYNTHSHOT_05_145BPM_Gm.wav,techno,oneshot,Melodic Oneshots
SMALL_SAMPLES/techno_TWHS - Hard Groove Essentials (Vol. 1)/Melodic Oneshots/Synth Shots/TWHS_HGE1_SYNTHSHOT_01_144BPM_Gm.wav,techno,oneshot,Melodic Oneshots
SMALL_SAMPLES/techno_TWHS - Hard Groove Essentials (Vol. 1)/Melodic Oneshots/Synth Shots/TWHS_HGE1_SYNTHSHOT_12_140BPM_Cm.wav,techno,oneshot,Melodic Oneshots
SMALL_SAMPLES/techno_TWHS - Hard Groove Essentials (Vol. 1)/Melodic Oneshots/Synth Shots/TWHS_HGE1_SYNTHSHOT_10_142BPM_Em.wav,techno,oneshot,Melodic Oneshots
SMALL_SAMPLES/techno_TWHS - Hard Groove Essentials (Vol. 1)/Melodic Oneshots/Synth Shots/TWHS_HGE1_SYNTHSHOT_07_142BPM_Em.wav,techno,oneshot,Melodic Oneshots
SMALL_SAMPLES/techno_TWHS - Hard Groove Essentials (Vol. 1)/Melodic Oneshots/Synth Shots/TWHS_HGE1_SYNTHSHOT_18_140BPM_G#m.wav,techno,oneshot,Melodic Oneshots
SMALL_SAMPLES/techno_TWHS - Hard Groove Essentials (Vol. 1)/Melodic Oneshots/Synth Shots/TWHS_HGE1_SYNTHSHOT_13_140BPM_Cm.wav,techno,oneshot,Melodic Oneshots
SMALL_SAMPLES/techno_TWHS - Hard Groove Essentials (Vol. 1)/Melodic Oneshots/Synth Shots/TWHS_HGE1_SYNTHSHOT_16_140BPM_C#m.wav,techno,oneshot,Melodic Oneshots
SMALL_SAMPLES/techno_TWHS - Hard Groove Essentials (Vol. 1)/Melodic Oneshots/Synth Shots/TWHS_HGE1_SYNTHSHOT_04_145BPM_C#m.wav,techno,oneshot,Melodic Oneshots
SMALL_SAMPLES/techno_TWHS - Hard Groove Essentials (Vol. 1)/Melodic Oneshots/Synth Shots/TWHS_HGE1_SYNTHSHOT_06_145BPM_D#m.wav,techno,oneshot,Melodic Oneshots
SMALL_SAMPLES/techno_TWHS - Hard Groove Essentials (Vol. 1)/Melodic Oneshots/Synth Shots/TWHS_HGE1_SYNTHSHOT_17_140BPM_Bm.wav,techno,oneshot,Melodic Oneshots
SMALL_SAMPLES/techno_TWHS - Hard Groove Essentials (Vol. 1)/Melodic Oneshots/Synth Shots/TWHS_HGE1_SYNTHSHOT_11_140BPM_G#m.wav,techno,oneshot,Melodic Oneshots
SMALL_SAMPLES/techno_TWHS - Hard Groove Essentials (Vol. 1)/Melodic Oneshots/Synth Shots/TWHS_HGE1_SYNTHSHOT_14_140BPM.wav,techno,oneshot,Melodic Oneshots
SMALL_SAMPLES/techno_TWHS - Hard Groove Essentials (Vol. 1)/Melodic Oneshots/Synth Shots/TWHS_HGE1_SYNTHSHOT_02_145BPM_Em.wav,techno,oneshot,Melodic Oneshots
SMALL_SAMPLES/techno_TWHS - Hard Groove Essentials (Vol. 1)/Melodic Oneshots/Synth Shots/TWHS_HGE1_SYNTHSHOT_20_140BPM_Cm.wav,techno,oneshot,Melodic Oneshots
SMALL_SAMPLES/techno_TWHS - Hard Groove Essentials (Vol. 1)/Melodic Oneshots/Synth Shots/TWHS_HGE1_SYNTHSHOT_19_140BPM.wav,techno,oneshot,Melodic Oneshots
SMALL_SAMPLES/techno_TWHS - Hard Groove Essentials (Vol. 1)/Melodic Oneshots/Synth Shots/TWHS_HGE1_SYNTHSHOT_15_140BPM_Fm.wav,techno,oneshot,Melodic Oneshots
SMALL_SAMPLES/techno_TWHS - Hard Groove Essentials (Vol. 1)/Melodic Oneshots/Synth Shots/TWHS_HGE1_SYNTHSHOT_08_145BPM_Bm.wav,techno,oneshot,Melodic Oneshots
SMALL_SAMPLES/techno_TWHS - Hard Groove Essentials (Vol. 1)/Melodic Oneshots/Chant One Shots/TWHS_HGE1_CHANT_02_145BPM.wav,techno,oneshot,Melodic Oneshots
SMALL_SAMPLES/techno_TWHS - Hard Groove Essentials (Vol. 1)/Melodic Oneshots/Chant One Shots/TWHS_HGE1_CHANT_10_140BPM.wav,techno,oneshot,Melodic Oneshots
SMALL_SAMPLES/techno_TWHS - Hard Groove Essentials (Vol. 1)/Melodic Oneshots/Chant One Shots/TWHS_HGE1_CHANT_15_140BPM.wav,techno,oneshot,Melodic Oneshots
SMALL_SAMPLES/techno_TWHS - Hard Groove Essentials (Vol. 1)/Melodic Oneshots/Chant One Shots/TWHS_HGE1_CHANT_07_145BPM.wav,techno,oneshot,Melodic Oneshots
SMALL_SAMPLES/techno_TWHS - Hard Groove Essentials (Vol. 1)/Melodic Oneshots/Chant One Shots/TWHS_HGE1_CHANT_18_140BPM.wav,techno,oneshot,Melodic Oneshots
SMALL_SAMPLES/techno_TWHS - Hard Groove Essentials (Vol. 1)/Melodic Oneshots/Chant One Shots/TWHS_HGE1_CHANT_12_140BPM.wav,techno,oneshot,Melodic Oneshots
SMALL_SAMPLES/techno_TWHS - Hard Groove Essentials (Vol. 1)/Melodic Oneshots/Chant One Shots/TWHS_HGE1_CHANT_20_140BPM.wav,techno,oneshot,Melodic Oneshots
SMALL_SAMPLES/techno_TWHS - Hard Groove Essentials (Vol. 1)/Melodic Oneshots/Chant One Shots/TWHS_HGE1_CHANT_17_140BPM.wav,techno,oneshot,Melodic Oneshots
SMALL_SAMPLES/techno_TWHS - Hard Groove Essentials (Vol. 1)/Melodic Oneshots/Chant One Shots/TWHS_HGE1_CHANT_05_145BPM.wav,techno,oneshot,Melodic Oneshots
SMALL_SAMPLES/techno_TWHS - Hard Groove Essentials (Vol. 1)/Melodic Oneshots/Chant One Shots/TWHS_HGE1_CHANT_08_145BPM.wav,techno,oneshot,Melodic Oneshots
SMALL_SAMPLES/techno_TWHS - Hard Groove Essentials (Vol. 1)/Melodic Oneshots/Chant One Shots/TWHS_HGE1_CHANT_06_145BPM.wav,techno,oneshot,Melodic Oneshots
SMALL_SAMPLES/techno_TWHS - Hard Groove Essentials (Vol. 1)/Melodic Oneshots/Chant One Shots/TWHS_HGE1_CHANT_14_140BPM.wav,techno,oneshot,Melodic Oneshots
SMALL_SAMPLES/techno_TWHS - Hard Groove Essentials (Vol. 1)/Melodic Oneshots/Chant One Shots/TWHS_HGE1_CHANT_19_140BPM.wav,techno,oneshot,Melodic Oneshots
SMALL_SAMPLES/techno_TWHS - Hard Groove Essentials (Vol. 1)/Melodic Oneshots/Chant One Shots/TWHS_HGE1_CHANT_04_143BPM.wav,techno,oneshot,Melodic Oneshots
SMALL_SAMPLES/techno_TWHS - Hard Groove Essentials (Vol. 1)/Melodic Oneshots/Chant One Shots/TWHS_HGE1_CHANT_11_140BPM.wav,techno,oneshot,Melodic Oneshots
SMALL_SAMPLES/techno_TWHS - Hard Groove Essentials (Vol. 1)/Melodic Oneshots/Chant One Shots/TWHS_HGE1_CHANT_16_140BPM.wav,techno,oneshot,Melodic Oneshots
SMALL_SAMPLES/techno_TWHS - Hard Groove Essentials (Vol. 1)/Melodic Oneshots/Chant One Shots/TWHS_HGE1_CHANT_09_145BPM.wav,techno,oneshot,Melodic Oneshots
SMALL_SAMPLES/techno_TWHS - Hard Groove Essentials (Vol. 1)/Melodic Oneshots/Chant One Shots/TWHS_HGE1_CHANT_03_143BPM.wav,techno,oneshot,Melodic Oneshots
SMALL_SAMPLES/techno_TWHS - Hard Groove Essentials (Vol. 1)/Melodic Oneshots/Chant One Shots/TWHS_HGE1_CHANT_13_140BPM.wav,techno,oneshot,Melodic Oneshots
SMALL_SAMPLES/techno_TWHS - Hard Groove Essentials (Vol. 1)/Melodic Oneshots/Chant One Shots/TWHS_HGE1_CHANT_01_145BPM.wav,techno,oneshot,Melodic Oneshots
SMALL_SAMPLES/techno_TWHS - Hard Groove Essentials (Vol. 1)/Melodic Loops/Inspiration Loops/TWHS_HGE1_INSPIRATION_2_FREEDOM_A_145_145.wav,techno,loop,Melodic Loops
SMALL_SAMPLES/techno_TWHS - Hard Groove Essentials (Vol. 1)/Melodic Loops/Inspiration Loops/TWHS_HGE1_INSPIRATION_5_FINEWINE_F_145_145.wav,techno,loop,Melodic Loops
SMALL_SAMPLES/techno_TWHS - Hard Groove Essentials (Vol. 1)/Melodic Loops/Inspiration Loops/TWHS_HGE1_INSPIRATION_10_SPRING_F_145_145.wav,techno,loop,Melodic Loops
SMALL_SAMPLES/techno_TWHS - Hard Groove Essentials (Vol. 1)/Melodic Loops/Inspiration Loops/TWHS_HGE1_INSPIRATION_6_HAPPYBIRD_G_145_145.wav,techno,loop,Melodic Loops
SMALL_SAMPLES/techno_TWHS - Hard Groove Essentials (Vol. 1)/Melodic Loops/Inspiration Loops/TWHS_HGE1_INSPIRATION_8_BUNKER_D#_145_145.wav,techno,loop,Melodic Loops
SMALL_SAMPLES/techno_TWHS - Hard Groove Essentials (Vol. 1)/Melodic Loops/Inspiration Loops/TWHS_HGE1_INSPIRATION_1_LUSH_E_145_145.wav,techno,loop,Melodic Loops
SMALL_SAMPLES/techno_TWHS - Hard Groove Essentials (Vol. 1)/Melodic Loops/Inspiration Loops/TWHS_HGE1_INSPIRATION_3_ETERNITY_A_145_145.wav,techno,loop,Melodic Loops
SMALL_SAMPLES/techno_TWHS - Hard Groove Essentials (Vol. 1)/Melodic Loops/Inspiration Loops/TWHS_HGE1_INSPIRATION_4_FIRESTORM_D_145_145.wav,techno,loop,Melodic Loops
SMALL_SAMPLES/techno_TWHS - Hard Groove Essentials (Vol. 1)/Melodic Loops/Inspiration Loops/TWHS_HGE1_INSPIRATION_7_BLANKET_A#_145_145.wav,techno,loop,Melodic Loops
SMALL_SAMPLES/techno_TWHS - Hard Groove Essentials (Vol. 1)/Melodic Loops/Inspiration Loops/TWHS_HGE1_INSPIRATION_9_FALLOUT_B_145_145.wav,techno,loop,Melodic Loops
SMALL_SAMPLES/techno_TWHS - Hard Groove Essentials (Vol. 1)/Melodic Loops/Granular Loops/TWHS_HGE1_GRANULARLOOP_07_143BPM.wav,techno,loop,Melodic Loops
SMALL_SAMPLES/techno_TWHS - Hard Groove Essentials (Vol. 1)/Melodic Loops/Granular Loops/TWHS_HGE1_GRANULARLOOP_01_142BPM.wav,techno,loop,Melodic Loops
SMALL_SAMPLES/techno_TWHS - Hard Groove Essentials (Vol. 1)/Melodic Loops/Granular Loops/TWHS_HGE1_GRANULARLOOP_05_143BPM.wav,techno,loop,Melodic Loops
SMALL_SAMPLES/techno_TWHS - Hard Groove Essentials (Vol. 1)/Melodic Loops/Granular Loops/TWHS_HGE1_GRANULARLOOP_08_143BPM.wav,techno,loop,Melodic Loops
SMALL_SAMPLES/techno_TWHS - Hard Groove Essentials (Vol. 1)/Melodic Loops/Granular Loops/TWHS_HGE1_GRANULARLOOP_06_143BPM.wav,techno,loop,Melodic Loops
SMALL_SAMPLES/techno_TWHS - Hard Groove Essentials (Vol. 1)/Melodic Loops/Granular Loops/TWHS_HGE1_GRANULARLOOP_09_145BPM.wav,techno,loop,Melodic Loops
SMALL_SAMPLES/techno_TWHS - Hard Groove Essentials (Vol. 1)/Melodic Loops/Granular Loops/TWHS_HGE1_GRANULARLOOP_02_142BPM.wav,techno,loop,Melodic Loops
SMALL_SAMPLES/techno_TWHS - Hard Groove Essentials (Vol. 1)/Melodic Loops/Granular Loops/TWHS_HGE1_GRANULARLOOP_03_143BPM.wav,techno,loop,Melodic Loops
SMALL_SAMPLES/techno_TWHS - Hard Groove Essentials (Vol. 1)/Melodic Loops/Granular Loops/TWHS_HGE1_GRANULARLOOP_04_143BPM.wav,techno,loop,Melodic Loops
SMALL_SAMPLES/techno_TWHS - Hard Groove Essentials (Vol. 1)/Melodic Loops/Granular Loops/TWHS_HGE1_GRANULARLOOP_10_143BPM.wav,techno,loop,Melodic Loops
SMALL_SAMPLES/techno_TWHS - Hard Groove Essentials (Vol. 1)/Melodic Loops/Synth Loops/TWHS_HGE1_SYNTHLOOP_20_145BPM_Am.wav,techno,loop,Melodic Loops
SMALL_SAMPLES/techno_TWHS - Hard Groove Essentials (Vol. 1)/Melodic Loops/Synth Loops/TWHS_HGE1_SYNTHLOOP_18_143BPM_C#m.wav,techno,loop,Melodic Loops
SMALL_SAMPLES/techno_TWHS - Hard Groove Essentials (Vol. 1)/Melodic Loops/Synth Loops/TWHS_HGE1_SYNTHLOOP_22_145BPM_C#m.wav,techno,loop,Melodic Loops
SMALL_SAMPLES/techno_TWHS - Hard Groove Essentials (Vol. 1)/Melodic Loops/Synth Loops/TWHS_HGE1_SYNTHLOOP_16_142BPM_Dm.wav,techno,loop,Melodic Loops
SMALL_SAMPLES/techno_TWHS - Hard Groove Essentials (Vol. 1)/Melodic Loops/Synth Loops/TWHS_HGE1_SYNTHLOOP_19_145BPM_Gm.wav,techno,loop,Melodic Loops
SMALL_SAMPLES/techno_TWHS - Hard Groove Essentials (Vol. 1)/Melodic Loops/Synth Loops/TWHS_HGE1_SYNTHLOOP_10_140BPM_Bm.wav,techno,loop,Melodic Loops
SMALL_SAMPLES/techno_TWHS - Hard Groove Essentials (Vol. 1)/Melodic Loops/Synth Loops/TWHS_HGE1_SYNTHLOOP_12_142BPM_Dm.wav,techno,loop,Melodic Loops
SMALL_SAMPLES/techno_TWHS - Hard Groove Essentials (Vol. 1)/Melodic Loops/Synth Loops/TWHS_HGE1_SYNTHLOOP_01_144BPM_Em.wav,techno,loop,Melodic Loops
SMALL_SAMPLES/techno_TWHS - Hard Groove Essentials (Vol. 1)/Melodic Loops/Synth Loops/TWHS_HGE1_SYNTHLOOP_08_145BPM_Em.wav,techno,loop,Melodic Loops
SMALL_SAMPLES/techno_TWHS - Hard Groove Essentials (Vol. 1)/Melodic Loops/Synth Loops/TWHS_HGE1_SYNTHLOOP_02_144BPM_Em.wav,techno,loop,Melodic Loops
SMALL_SAMPLES/techno_TWHS - Hard Groove Essentials (Vol. 1)/Melodic Loops/Synth Loops/TWHS_HGE1_SYNTHLOOP_21_145BPM_C#m.wav,techno,loop,Melodic Loops
SMALL_SAMPLES/techno_TWHS - Hard Groove Essentials (Vol. 1)/Melodic Loops/Synth Loops/TWHS_HGE1_SYNTHLOOP_15_142BPM_Dm.wav,techno,loop,Melodic Loops
SMALL_SAMPLES/techno_TWHS - Hard Groove Essentials (Vol. 1)/Melodic Loops/Synth Loops/TWHS_HGE1_SYNTHLOOP_03_144BPM_Em.wav,techno,loop,Melodic Loops
SMALL_SAMPLES/techno_TWHS - Hard Groove Essentials (Vol. 1)/Melodic Loops/Synth Loops/TWHS_HGE1_SYNTHLOOP_05_145BPM_D#m.wav,techno,loop,Melodic Loops
SMALL_SAMPLES/techno_TWHS - Hard Groove Essentials (Vol. 1)/Melodic Loops/Synth Loops/TWHS_HGE1_SYNTHLOOP_25_145BPM_Fm.wav,techno,loop,Melodic Loops
SMALL_SAMPLES/techno_TWHS - Hard Groove Essentials (Vol. 1)/Melodic Loops/Synth Loops/TWHS_HGE1_SYNTHLOOP_14_142BPM_Dm.wav,techno,loop,Melodic Loops
SMALL_SAMPLES/techno_TWHS - Hard Groove Essentials (Vol. 1)/Melodic Loops/Synth Loops/TWHS_HGE1_SYNTHLOOP_13_142BPM_Dm.wav,techno,loop,Melodic Loops
SMALL_SAMPLES/techno_TWHS - Hard Groove Essentials (Vol. 1)/Melodic Loops/Synth Loops/TWHS_HGE1_SYNTHLOOP_17_142BPM_Dm.wav,techno,loop,Melodic Loops
SMALL_SAMPLES/techno_TWHS - Hard Groove Essentials (Vol. 1)/Melodic Loops/Synth Loops/TWHS_HGE1_SYNTHLOOP_11_145BPM_D#m.wav,techno,loop,Melodic Loops
SMALL_SAMPLES/techno_TWHS - Hard Groove Essentials (Vol. 1)/Melodic Loops/Synth Loops/TWHS_HGE1_SYNTHLOOP_09_145BPM_Em.wav,techno,loop,Melodic Loops
SMALL_SAMPLES/techno_TWHS - Hard Groove Essentials (Vol. 1)/Melodic Loops/Synth Loops/TWHS_HGE1_SYNTHLOOP_04_144BPM_Em.wav,techno,loop,Melodic Loops
SMALL_SAMPLES/techno_TWHS - Hard Groove Essentials (Vol. 1)/Melodic Loops/Synth Loops/TWHS_HGE1_SYNTHLOOP_07_145BPM_Em.wav,techno,loop,Melodic Loops
SMALL_SAMPLES/techno_TWHS - Hard Groove Essentials (Vol. 1)/Melodic Loops/Synth Loops/TWHS_HGE1_SYNTHLOOP_23_142BPM_Em.wav,techno,loop,Melodic Loops
SMALL_SAMPLES/techno_TWHS - Hard Groove Essentials (Vol. 1)/Melodic Loops/Synth Loops/TWHS_HGE1_SYNTHLOOP_06_145BPM_D#m.wav,techno,loop,Melodic Loops
SMALL_SAMPLES/techno_TWHS - Hard Groove Essentials (Vol. 1)/Melodic Loops/Synth Loops/TWHS_HGE1_SYNTHLOOP_24_142BPM_Em.wav,techno,loop,Melodic Loops
SMALL_SAMPLES/techno_TWHS - Hard Groove Essentials (Vol. 1)/Melodic Loops/Rave Stab Loops/TWHS_HGE1_RAVESTABLOOP_20_145BPM_Am.wav,techno,loop,Melodic Loops
SMALL_SAMPLES/techno_TWHS - Hard Groove Essentials (Vol. 1)/Melodic Loops/Rave Stab Loops/TWHS_HGE1_RAVESTABLOOP_05_145BPM_D#m.wav,techno,loop,Melodic Loops
SMALL_SAMPLES/techno_TWHS - Hard Groove Essentials (Vol. 1)/Melodic Loops/Rave Stab Loops/TWHS_HGE1_RAVESTABLOOP_13_145BPM_G#m.wav,techno,loop,Melodic Loops
SMALL_SAMPLES/techno_TWHS - Hard Groove Essentials (Vol. 1)/Melodic Loops/Rave Stab Loops/TWHS_HGE1_RAVESTABLOOP_14_145BPM_Gm.wav,techno,loop,Melodic Loops
SMALL_SAMPLES/techno_TWHS - Hard Groove Essentials (Vol. 1)/Melodic Loops/Rave Stab Loops/TWHS_HGE1_RAVESTABLOOP_11_143BPM_Em.wav,techno,loop,Melodic Loops
SMALL_SAMPLES/techno_TWHS - Hard Groove Essentials (Vol. 1)/Melodic Loops/Rave Stab Loops/TWHS_HGE1_RAVESTABLOOP_12_143BPM_Em.wav,techno,loop,Melodic Loops
SMALL_SAMPLES/techno_TWHS - Hard Groove Essentials (Vol. 1)/Melodic Loops/Rave Stab Loops/TWHS_HGE1_RAVESTABLOOP_18_145BPM_Cm.wav,techno,loop,Melodic Loops
SMALL_SAMPLES/techno_TWHS - Hard Groove Essentials (Vol. 1)/Melodic Loops/Rave Stab Loops/TWHS_HGE1_RAVESTABLOOP_09_144BPM_Gm.wav,techno,loop,Melodic Loops
SMALL_SAMPLES/techno_TWHS - Hard Groove Essentials (Vol. 1)/Melodic Loops/Rave Stab Loops/TWHS_HGE1_RAVESTABLOOP_25_144BPM_Em.wav,techno,loop,Melodic Loops
SMALL_SAMPLES/techno_TWHS - Hard Groove Essentials (Vol. 1)/Melodic Loops/Rave Stab Loops/TWHS_HGE1_RAVESTABLOOP_01_145BPM_F#m.wav,techno,loop,Melodic Loops
SMALL_SAMPLES/techno_TWHS - Hard Groove Essentials (Vol. 1)/Melodic Loops/Rave Stab Loops/TWHS_HGE1_RAVESTABLOOP_06_145BPM_F#m.wav,techno,loop,Melodic Loops
SMALL_SAMPLES/techno_TWHS - Hard Groove Essentials (Vol. 1)/Melodic Loops/Rave Stab Loops/TWHS_HGE1_RAVESTABLOOP_07_144BPM_Gm.wav,techno,loop,Melodic Loops
SMALL_SAMPLES/techno_TWHS - Hard Groove Essentials (Vol. 1)/Melodic Loops/Rave Stab Loops/TWHS_HGE1_RAVESTABLOOP_24_145BPM_Gm.wav,techno,loop,Melodic Loops
SMALL_SAMPLES/techno_TWHS - Hard Groove Essentials (Vol. 1)/Melodic Loops/Rave Stab Loops/TWHS_HGE1_RAVESTABLOOP_17_144BPM_Gm.wav,techno,loop,Melodic Loops
SMALL_SAMPLES/techno_TWHS - Hard Groove Essentials (Vol. 1)/Melodic Loops/Rave Stab Loops/TWHS_HGE1_RAVESTABLOOP_23_145BPM_Gm.wav,techno,loop,Melodic Loops
SMALL_SAMPLES/techno_TWHS - Hard Groove Essentials (Vol. 1)/Melodic Loops/Rave Stab Loops/TWHS_HGE1_RAVESTABLOOP_04_144BPM_Gm.wav,techno,loop,Melodic Loops
SMALL_SAMPLES/techno_TWHS - Hard Groove Essentials (Vol. 1)/Melodic Loops/Rave Stab Loops/TWHS_HGE1_RAVESTABLOOP_22_145BPM_Gm.wav,techno,loop,Melodic Loops
SMALL_SAMPLES/techno_TWHS - Hard Groove Essentials (Vol. 1)/Melodic Loops/Rave Stab Loops/TWHS_HGE1_RAVESTABLOOP_16_144BPM_Gm.wav,techno,loop,Melodic Loops
SMALL_SAMPLES/techno_TWHS - Hard Groove Essentials (Vol. 1)/Melodic Loops/Rave Stab Loops/TWHS_HGE1_RAVESTABLOOP_03_144BPM_Em.wav,techno,loop,Melodic Loops
SMALL_SAMPLES/techno_TWHS - Hard Groove Essentials (Vol. 1)/Melodic Loops/Rave Stab Loops/TWHS_HGE1_RAVESTABLOOP_15_144BPM_Gm.wav,techno,loop,Melodic Loops
SMALL_SAMPLES/techno_TWHS - Hard Groove Essentials (Vol. 1)/Melodic Loops/Rave Stab Loops/TWHS_HGE1_RAVESTABLOOP_02_144BPM_Gm.wav,techno,loop,Melodic Loops
SMALL_SAMPLES/techno_TWHS - Hard Groove Essentials (Vol. 1)/Melodic Loops/Rave Stab Loops/TWHS_HGE1_RAVESTABLOOP_08_144BPM_Gm.wav,techno,loop,Melodic Loops
SMALL_SAMPLES/techno_TWHS - Hard Groove Essentials (Vol. 1)/Melodic Loops/Rave Stab Loops/TWHS_HGE1_RAVESTABLOOP_19_145BPM_Cm.wav,techno,loop,Melodic Loops
SMALL_SAMPLES/techno_TWHS - Hard Groove Essentials (Vol. 1)/Melodic Loops/Rave Stab Loops/TWHS_HGE1_RAVESTABLOOP_21_145BPM_Am.wav,techno,loop,Melodic Loops
SMALL_SAMPLES/techno_TWHS - Hard Groove Essentials (Vol. 1)/Melodic Loops/Rave Stab Loops/TWHS_HGE1_RAVESTABLOOP_10_143BPM_Em.wav,techno,loop,Melodic Loops
SMALL_SAMPLES/dnb_KAN Liquid Rollers Vol.1/One Shots/Snares & Claps/KLR1_Clap_09.wav,dnb,oneshot,One Shots
SMALL_SAMPLES/dnb_KAN Liquid Rollers Vol.1/One Shots/Snares & Claps/KLR1_Clap_08.wav,dnb,oneshot,One Shots
SMALL_SAMPLES/dnb_KAN Liquid Rollers Vol.1/One Shots/Snares & Claps/KLR1_Snare_20.wav,dnb,oneshot,One Shots
SMALL_SAMPLES/dnb_KAN Liquid Rollers Vol.1/One Shots/Snares & Claps/KLR1_Snare_08.wav,dnb,oneshot,One Shots
SMALL_SAMPLES/dnb_KAN Liquid Rollers Vol.1/One Shots/Snares & Claps/KLR1_Snare_09.wav,dnb,oneshot,One Shots
SMALL_SAMPLES/dnb_KAN Liquid Rollers Vol.1/One Shots/Snares & Claps/KLR1_Snare_19.wav,dnb,oneshot,One Shots
SMALL_SAMPLES/dnb_KAN Liquid Rollers Vol.1/One Shots/Snares & Claps/KLR1_Snare_18.wav,dnb,oneshot,One Shots
SMALL_SAMPLES/dnb_KAN Liquid Rollers Vol.1/One Shots/Snares & Claps/KLR1_Snare_02.wav,dnb,oneshot,One Shots
SMALL_SAMPLES/dnb_KAN Liquid Rollers Vol.1/One Shots/Snares & Claps/KLR1_Snare_16.wav,dnb,oneshot,One Shots
SMALL_SAMPLES/dnb_KAN Liquid Rollers Vol.1/One Shots/Snares & Claps/KLR1_Snare_17.wav,dnb,oneshot,One Shots
SMALL_SAMPLES/dnb_KAN Liquid Rollers Vol.1/One Shots/Snares & Claps/KLR1_Snare_03.wav,dnb,oneshot,One Shots
SMALL_SAMPLES/dnb_KAN Liquid Rollers Vol.1/One Shots/Snares & Claps/KLR1_Snare_15.wav,dnb,oneshot,One Shots
SMALL_SAMPLES/dnb_KAN Liquid Rollers Vol.1/One Shots/Snares & Claps/KLR1_Snare_01.wav,dnb,oneshot,One Shots
SMALL_SAMPLES/dnb_KAN Liquid Rollers Vol.1/One Shots/Snares & Claps/KLR1_Snare_14.wav,dnb,oneshot,One Shots
SMALL_SAMPLES/dnb_KAN Liquid Rollers Vol.1/One Shots/Snares & Claps/KLR1_Snare_10.wav,dnb,oneshot,One Shots
SMALL_SAMPLES/dnb_KAN Liquid Rollers Vol.1/One Shots/Snares & Claps/KLR1_Snare_04.wav,dnb,oneshot,One Shots
SMALL_SAMPLES/dnb_KAN Liquid Rollers Vol.1/One Shots/Snares & Claps/KLR1_Snare_05.wav,dnb,oneshot,One Shots
SMALL_SAMPLES/dnb_KAN Liquid Rollers Vol.1/One Shots/Snares & Claps/KLR1_Snare_11.wav,dnb,oneshot,One Shots
SMALL_SAMPLES/dnb_KAN Liquid Rollers Vol.1/One Shots/Snares & Claps/KLR1_Snare_07.wav,dnb,oneshot,One Shots
SMALL_SAMPLES/dnb_KAN Liquid Rollers Vol.1/One Shots/Snares & Claps/KLR1_Snare_13.wav,dnb,oneshot,One Shots
SMALL_SAMPLES/dnb_KAN Liquid Rollers Vol.1/One Shots/Snares & Claps/KLR1_Snare_12.wav,dnb,oneshot,One Shots
SMALL_SAMPLES/dnb_KAN Liquid Rollers Vol.1/One Shots/Snares & Claps/KLR1_Snare_06.wav,dnb,oneshot,One Shots
SMALL_SAMPLES/dnb_KAN Liquid Rollers Vol.1/One Shots/Snares & Claps/KLR1_Clap_03.wav,dnb,oneshot,One Shots
SMALL_SAMPLES/dnb_KAN Liquid Rollers Vol.1/One Shots/Snares & Claps/KLR1_Clap_02.wav,dnb,oneshot,One Shots
SMALL_SAMPLES/dnb_KAN Liquid Rollers Vol.1/One Shots/Snares & Claps/KLR1_Clap_01.wav,dnb,oneshot,One Shots
SMALL_SAMPLES/dnb_KAN Liquid Rollers Vol.1/One Shots/Snares & Claps/KLR1_Clap_05.wav,dnb,oneshot,One Shots
SMALL_SAMPLES/dnb_KAN Liquid Rollers Vol.1/One Shots/Snares & Claps/KLR1_Clap_11.wav,dnb,oneshot,One Shots
SMALL_SAMPLES/dnb_KAN Liquid Rollers Vol.1/One Shots/Snares & Claps/KLR1_Clap_10.wav,dnb,oneshot,One Shots
SMALL_SAMPLES/dnb_KAN Liquid Rollers Vol.1/One Shots/Snares & Claps/KLR1_Clap_04.wav,dnb,oneshot,One Shots
SMALL_SAMPLES/dnb_KAN Liquid Rollers Vol.1/One Shots/Snares & Claps/KLR1_Clap_06.wav,dnb,oneshot,One Shots
SMALL_SAMPLES/dnb_KAN Liquid Rollers Vol.1/One Shots/Snares & Claps/KLR1_Clap_07.wav,dnb,oneshot,One Shots
SMALL_SAMPLES/dnb_KAN Liquid Rollers Vol.1/One Shots/Hats/KLR1_Hat_Open_08.wav,dnb,oneshot,One Shots
SMALL_SAMPLES/dnb_KAN Liquid Rollers Vol.1/One Shots/Hats/KLR1_Hat_Open_09.wav,dnb,oneshot,One Shots
SMALL_SAMPLES/dnb_KAN Liquid Rollers Vol.1/One Shots/Hats/KLR1_Hat_Closed_08.wav,dnb,oneshot,One Shots
SMALL_SAMPLES/dnb_KAN Liquid Rollers Vol.1/One Shots/Hats/KLR1_Hat_Closed_20.wav,dnb,oneshot,One Shots
SMALL_SAMPLES/dnb_KAN Liquid Rollers Vol.1/One Shots/Hats/KLR1_Hat_Closed_21.wav,dnb,oneshot,One Shots
SMALL_SAMPLES/dnb_KAN Liquid Rollers Vol.1/One Shots/Hats/KLR1_Hat_Closed_09.wav,dnb,oneshot,One Shots
SMALL_SAMPLES/dnb_KAN Liquid Rollers Vol.1/One Shots/Hats/KLR1_Hat_Closed_23.wav,dnb,oneshot,One Shots
SMALL_SAMPLES/dnb_KAN Liquid Rollers Vol.1/One Shots/Hats/KLR1_Hat_Closed_22.wav,dnb,oneshot,One Shots
SMALL_SAMPLES/dnb_KAN Liquid Rollers Vol.1/One Shots/Hats/KLR1_Hat_Closed_26.wav,dnb,oneshot,One Shots
SMALL_SAMPLES/dnb_KAN Liquid Rollers Vol.1/One Shots/Hats/KLR1_Hat_Closed_27.wav,dnb,oneshot,One Shots
SMALL_SAMPLES/dnb_KAN Liquid Rollers Vol.1/One Shots/Hats/KLR1_Hat_Closed_25.wav,dnb,oneshot,One Shots
SMALL_SAMPLES/dnb_KAN Liquid Rollers Vol.1/One Shots/Hats/KLR1_Hat_Closed_19.wav,dnb,oneshot,One Shots
SMALL_SAMPLES/dnb_KAN Liquid Rollers Vol.1/One Shots/Hats/KLR1_Hat_Closed_18.wav,dnb,oneshot,One Shots
SMALL_SAMPLES/dnb_KAN Liquid Rollers Vol.1/One Shots/Hats/KLR1_Hat_Closed_30.wav,dnb,oneshot,One Shots
SMALL_SAMPLES/dnb_KAN Liquid Rollers Vol.1/One Shots/Hats/KLR1_Hat_Closed_24.wav,dnb,oneshot,One Shots
SMALL_SAMPLES/dnb_KAN Liquid Rollers Vol.1/One Shots/Hats/KLR1_Hat_Closed_29.wav,dnb,oneshot,One Shots
SMALL_SAMPLES/dnb_KAN Liquid Rollers Vol.1/One Shots/Hats/KLR1_Hat_Closed_01.wav,dnb,oneshot,One Shots
SMALL_SAMPLES/dnb_KAN Liquid Rollers Vol.1/One Shots/Hats/KLR1_Hat_Closed_15.wav,dnb,oneshot,One Shots
SMALL_SAMPLES/dnb_KAN Liquid Rollers Vol.1/One Shots/Hats/KLR1_Hat_Closed_14.wav,dnb,oneshot,One Shots
SMALL_SAMPLES/dnb_KAN Liquid Rollers Vol.1/One Shots/Hats/KLR1_Hat_Closed_28.wav,dnb,oneshot,One Shots
SMALL_SAMPLES/dnb_KAN Liquid Rollers Vol.1/One Shots/Hats/KLR1_Hat_Closed_16.wav,dnb,oneshot,One Shots
SMALL_SAMPLES/dnb_KAN Liquid Rollers Vol.1/One Shots/Hats/KLR1_Hat_Closed_02.wav,dnb,oneshot,One Shots
SMALL_SAMPLES/dnb_KAN Liquid Rollers Vol.1/One Shots/Hats/KLR1_Hat_Closed_03.wav,dnb,oneshot,One Shots
SMALL_SAMPLES/dnb_KAN Liquid Rollers Vol.1/One Shots/Hats/KLR1_Hat_Closed_17.wav,dnb,oneshot,One Shots
SMALL_SAMPLES/dnb_KAN Liquid Rollers Vol.1/One Shots/Hats/KLR1_Hat_Closed_13.wav,dnb,oneshot,One Shots
SMALL_SAMPLES/dnb_KAN Liquid Rollers Vol.1/One Shots/Hats/KLR1_Hat_Closed_07.wav,dnb,oneshot,One Shots
SMALL_SAMPLES/dnb_KAN Liquid Rollers Vol.1/One Shots/Hats/KLR1_Hat_Closed_06.wav,dnb,oneshot,One Shots
SMALL_SAMPLES/dnb_KAN Liquid Rollers Vol.1/One Shots/Hats/KLR1_Hat_Closed_12.wav,dnb,oneshot,One Shots
SMALL_SAMPLES/dnb_KAN Liquid Rollers Vol.1/One Shots/Hats/KLR1_Hat_Closed_04.wav,dnb,oneshot,One Shots
SMALL_SAMPLES/dnb_KAN Liquid Rollers Vol.1/One Shots/Hats/KLR1_Hat_Closed_10.wav,dnb,oneshot,One Shots
SMALL_SAMPLES/dnb_KAN Liquid Rollers Vol.1/One Shots/Hats/KLR1_Hat_Closed_11.wav,dnb,oneshot,One Shots
SMALL_SAMPLES/dnb_KAN Liquid Rollers Vol.1/One Shots/Hats/KLR1_Hat_Closed_05.wav,dnb,oneshot,One Shots
SMALL_SAMPLES/dnb_KAN Liquid Rollers Vol.1/One Shots/Hats/KLR1_Hat_Open_07.wav,dnb,oneshot,One Shots
SMALL_SAMPLES/dnb_KAN Liquid Rollers Vol.1/One Shots/Hats/KLR1_Hat_Open_06.wav,dnb,oneshot,One Shots
SMALL_SAMPLES/dnb_KAN Liquid Rollers Vol.1/One Shots/Hats/KLR1_Hat_Open_10.wav,dnb,oneshot,One Shots
SMALL_SAMPLES/dnb_KAN Liquid Rollers Vol.1/One Shots/Hats/KLR1_Hat_Open_04.wav,dnb,oneshot,One Shots
SMALL_SAMPLES/dnb_KAN Liquid Rollers Vol.1/One Shots/Hats/KLR1_Hat_Open_05.wav,dnb,oneshot,One Shots
SMALL_SAMPLES/dnb_KAN Liquid Rollers Vol.1/One Shots/Hats/KLR1_Hat_Open_01.wav,dnb,oneshot,One Shots
SMALL_SAMPLES/dnb_KAN Liquid Rollers Vol.1/One Shots/Hats/KLR1_Hat_Open_02.wav,dnb,oneshot,One Shots
SMALL_SAMPLES/dnb_KAN Liquid Rollers Vol.1/One Shots/Hats/KLR1_Hat_Open_03.wav,dnb,oneshot,One Shots
SMALL_SAMPLES/dnb_KAN Liquid Rollers Vol.1/One Shots/Percussion/KLR1_Perc_11.wav,dnb,oneshot,One Shots
SMALL_SAMPLES/dnb_KAN Liquid Rollers Vol.1/One Shots/Percussion/KLR1_Perc_05.wav,dnb,oneshot,One Shots
SMALL_SAMPLES/dnb_KAN Liquid Rollers Vol.1/One Shots/Percussion/KLR1_Perc_04.wav,dnb,oneshot,One Shots
SMALL_SAMPLES/dnb_KAN Liquid Rollers Vol.1/One Shots/Percussion/KLR1_Perc_10.wav,dnb,oneshot,One Shots
SMALL_SAMPLES/dnb_KAN Liquid Rollers Vol.1/One Shots/Percussion/KLR1_Perc_06.wav,dnb,oneshot,One Shots
SMALL_SAMPLES/dnb_KAN Liquid Rollers Vol.1/One Shots/Percussion/KLR1_Perc_12.wav,dnb,oneshot,One Shots
SMALL_SAMPLES/dnb_KAN Liquid Rollers Vol.1/One Shots/Percussion/KLR1_Perc_13.wav,dnb,oneshot,One Shots
SMALL_SAMPLES/dnb_KAN Liquid Rollers Vol.1/One Shots/Percussion/KLR1_Perc_07.wav,dnb,oneshot,One Shots
SMALL_SAMPLES/dnb_KAN Liquid Rollers Vol.1/One Shots/Percussion/KLR1_Perc_03.wav,dnb,oneshot,One Shots
SMALL_SAMPLES/dnb_KAN Liquid Rollers Vol.1/One Shots/Percussion/KLR1_Perc_17.wav,dnb,oneshot,One Shots
SMALL_SAMPLES/dnb_KAN Liquid Rollers Vol.1/One Shots/Percussion/KLR1_Perc_16.wav,dnb,oneshot,One Shots
SMALL_SAMPLES/dnb_KAN Liquid Rollers Vol.1/One Shots/Percussion/KLR1_Perc_02.wav,dnb,oneshot,One Shots
SMALL_SAMPLES/dnb_KAN Liquid Rollers Vol.1/One Shots/Percussion/KLR1_Perc_14.wav,dnb,oneshot,One Shots
SMALL_SAMPLES/dnb_KAN Liquid Rollers Vol.1/One Shots/Percussion/KLR1_Perc_01.wav,dnb,oneshot,One Shots
SMALL_SAMPLES/dnb_KAN Liquid Rollers Vol.1/One Shots/Percussion/KLR1_Perc_15.wav,dnb,oneshot,One Shots
SMALL_SAMPLES/dnb_KAN Liquid Rollers Vol.1/One Shots/Percussion/KLR1_Perc_18.wav,dnb,oneshot,One Shots
SMALL_SAMPLES/dnb_KAN Liquid Rollers Vol.1/One Shots/Percussion/KLR1_Perc_19.wav,dnb,oneshot,One Shots
SMALL_SAMPLES/dnb_KAN Liquid Rollers Vol.1/One Shots/Percussion/KLR1_Perc_09.wav,dnb,oneshot,One Shots
SMALL_SAMPLES/dnb_KAN Liquid Rollers Vol.1/One Shots/Percussion/KLR1_Perc_08.wav,dnb,oneshot,One Shots
SMALL_SAMPLES/dnb_KAN Liquid Rollers Vol.1/One Shots/Percussion/KLR1_Perc_20.wav,dnb,oneshot,One Shots
SMALL_SAMPLES/dnb_KAN Liquid Rollers Vol.1/One Shots/Bass Hits/KLR1_A_Basshit_02.wav,dnb,oneshot,One Shots
SMALL_SAMPLES/dnb_KAN Liquid Rollers Vol.1/One Shots/Bass Hits/KLR1_A_Basshit_03.wav,dnb,oneshot,One Shots
SMALL_SAMPLES/dnb_KAN Liquid Rollers Vol.1/One Shots/Bass Hits/KLR1_A_Basshit_01.wav,dnb,oneshot,One Shots
SMALL_SAMPLES/dnb_KAN Liquid Rollers Vol.1/One Shots/Bass Hits/KLR1_F_Basshit_38.wav,dnb,oneshot,One Shots
SMALL_SAMPLES/dnb_KAN Liquid Rollers Vol.1/One Shots/Bass Hits/KLR1_F_Basshit_39.wav,dnb,oneshot,One Shots
SMALL_SAMPLES/dnb_KAN Liquid Rollers Vol.1/One Shots/Bass Hits/KLR1_E_Basshit_28.wav,dnb,oneshot,One Shots
SMALL_SAMPLES/dnb_KAN Liquid Rollers Vol.1/One Shots/Bass Hits/KLR1_C_Basshit_13.wav,dnb,oneshot,One Shots
SMALL_SAMPLES/dnb_KAN Liquid Rollers Vol.1/One Shots/Bass Hits/KLR1_C_Basshit_07.wav,dnb,oneshot,One Shots
SMALL_SAMPLES/dnb_KAN Liquid Rollers Vol.1/One Shots/Bass Hits/KLR1_C_Basshit_06.wav,dnb,oneshot,One Shots
SMALL_SAMPLES/dnb_KAN Liquid Rollers Vol.1/One Shots/Bass Hits/KLR1_C_Basshit_12.wav,dnb,oneshot,One Shots
SMALL_SAMPLES/dnb_KAN Liquid Rollers Vol.1/One Shots/Bass Hits/KLR1_E_Basshit_29.wav,dnb,oneshot,One Shots
SMALL_SAMPLES/dnb_KAN Liquid Rollers Vol.1/One Shots/Bass Hits/KLR1_C_Basshit_04.wav,dnb,oneshot,One Shots
SMALL_SAMPLES/dnb_KAN Liquid Rollers Vol.1/One Shots/Bass Hits/KLR1_C_Basshit_10.wav,dnb,oneshot,One Shots
SMALL_SAMPLES/dnb_KAN Liquid Rollers Vol.1/One Shots/Bass Hits/KLR1_C_Basshit_11.wav,dnb,oneshot,One Shots
SMALL_SAMPLES/dnb_KAN Liquid Rollers Vol.1/One Shots/Bass Hits/KLR1_C_Basshit_05.wav,dnb,oneshot,One Shots
SMALL_SAMPLES/dnb_KAN Liquid Rollers Vol.1/One Shots/Bass Hits/KLR1_G_Basshit_48.wav,dnb,oneshot,One Shots
SMALL_SAMPLES/dnb_KAN Liquid Rollers Vol.1/One Shots/Bass Hits/KLR1_C_Basshit_15.wav,dnb,oneshot,One Shots
SMALL_SAMPLES/dnb_KAN Liquid Rollers Vol.1/One Shots/Bass Hits/KLR1_G_Basshit_49.wav,dnb,oneshot,One Shots
SMALL_SAMPLES/dnb_KAN Liquid Rollers Vol.1/One Shots/Bass Hits/KLR1_C_Basshit_14.wav,dnb,oneshot,One Shots
SMALL_SAMPLES/dnb_KAN Liquid Rollers Vol.1/One Shots/Bass Hits/KLR1_C_Basshit_16.wav,dnb,oneshot,One Shots
SMALL_SAMPLES/dnb_KAN Liquid Rollers Vol.1/One Shots/Bass Hits/KLR1_C_Basshit_17.wav,dnb,oneshot,One Shots
SMALL_SAMPLES/dnb_KAN Liquid Rollers Vol.1/One Shots/Bass Hits/KLR1_F_Basshit_43.wav,dnb,oneshot,One Shots
SMALL_SAMPLES/dnb_KAN Liquid Rollers Vol.1/One Shots/Bass Hits/KLR1_E_Basshit_35.wav,dnb,oneshot,One Shots
SMALL_SAMPLES/dnb_KAN Liquid Rollers Vol.1/One Shots/Bass Hits/KLR1_G_Basshit_47.wav,dnb,oneshot,One Shots
SMALL_SAMPLES/dnb_KAN Liquid Rollers Vol.1/One Shots/Bass Hits/KLR1_D_Basshit_19.wav,dnb,oneshot,One Shots
SMALL_SAMPLES/dnb_KAN Liquid Rollers Vol.1/One Shots/Bass Hits/KLR1_D_Basshit_24.wav,dnb,oneshot,One Shots
SMALL_SAMPLES/dnb_KAN Liquid Rollers Vol.1/One Shots/Bass Hits/KLR1_G_Basshit_46.wav,dnb,oneshot,One Shots
SMALL_SAMPLES/dnb_KAN Liquid Rollers Vol.1/One Shots/Bass Hits/KLR1_E_Basshit_34.wav,dnb,oneshot,One Shots
SMALL_SAMPLES/dnb_KAN Liquid Rollers Vol.1/One Shots/Bass Hits/KLR1_F_Basshit_42.wav,dnb,oneshot,One Shots
SMALL_SAMPLES/dnb_KAN Liquid Rollers Vol.1/One Shots/Bass Hits/KLR1_F_Basshit_40.wav,dnb,oneshot,One Shots
SMALL_SAMPLES/dnb_KAN Liquid Rollers Vol.1/One Shots/Bass Hits/KLR1_G_Basshit_50.wav,dnb,oneshot,One Shots
SMALL_SAMPLES/dnb_KAN Liquid Rollers Vol.1/One Shots/Bass Hits/KLR1_G_Basshit_45.wav,dnb,oneshot,One Shots
SMALL_SAMPLES/dnb_KAN Liquid Rollers Vol.1/One Shots/Bass Hits/KLR1_C_Basshit_18.wav,dnb,oneshot,One Shots
SMALL_SAMPLES/dnb_KAN Liquid Rollers Vol.1/One Shots/Bass Hits/KLR1_F_Basshit_41.wav,dnb,oneshot,One Shots
SMALL_SAMPLES/dnb_KAN Liquid Rollers Vol.1/One Shots/Bass Hits/KLR1_E_Basshit_33.wav,dnb,oneshot,One Shots
SMALL_SAMPLES/dnb_KAN Liquid Rollers Vol.1/One Shots/Bass Hits/KLR1_E_Basshit_27.wav,dnb,oneshot,One Shots
SMALL_SAMPLES/dnb_KAN Liquid Rollers Vol.1/One Shots/Bass Hits/KLR1_F#_Basshit_44.wav,dnb,oneshot,One Shots
SMALL_SAMPLES/dnb_KAN Liquid Rollers Vol.1/One Shots/Bass Hits/KLR1_C_Basshit_08.wav,dnb,oneshot,One Shots
SMALL_SAMPLES/dnb_KAN Liquid Rollers Vol.1/One Shots/Bass Hits/KLR1_D_Basshit_23.wav,dnb,oneshot,One Shots
SMALL_SAMPLES/dnb_KAN Liquid Rollers Vol.1/One Shots/Bass Hits/KLR1_D_Basshit_22.wav,dnb,oneshot,One Shots
SMALL_SAMPLES/dnb_KAN Liquid Rollers Vol.1/One Shots/Bass Hits/KLR1_C_Basshit_09.wav,dnb,oneshot,One Shots
SMALL_SAMPLES/dnb_KAN Liquid Rollers Vol.1/One Shots/Bass Hits/KLR1_E_Basshit_26.wav,dnb,oneshot,One Shots
SMALL_SAMPLES/dnb_KAN Liquid Rollers Vol.1/One Shots/Bass Hits/KLR1_E_Basshit_32.wav,dnb,oneshot,One Shots
SMALL_SAMPLES/dnb_KAN Liquid Rollers Vol.1/One Shots/Bass Hits/KLR1_E_Basshit_30.wav,dnb,oneshot,One Shots
SMALL_SAMPLES/dnb_KAN Liquid Rollers Vol.1/One Shots/Bass Hits/KLR1_D_Basshit_20.wav,dnb,oneshot,One Shots
SMALL_SAMPLES/dnb_KAN Liquid Rollers Vol.1/One Shots/Bass Hits/KLR1_D_Basshit_21.wav,dnb,oneshot,One Shots
SMALL_SAMPLES/dnb_KAN Liquid Rollers Vol.1/One Shots/Bass Hits/KLR1_E_Basshit_31.wav,dnb,oneshot,One Shots
SMALL_SAMPLES/dnb_KAN Liquid Rollers Vol.1/One Shots/Bass Hits/KLR1_E_Basshit_25.wav,dnb,oneshot,One Shots
SMALL_SAMPLES/dnb_KAN Liquid Rollers Vol.1/One Shots/Bass Hits/KLR1_F_Basshit_37.wav,dnb,oneshot,One Shots
SMALL_SAMPLES/dnb_KAN Liquid Rollers Vol.1/One Shots/Bass Hits/KLR1_F_Basshit_36.wav,dnb,oneshot,One Shots
SMALL_SAMPLES/dnb_KAN Liquid Rollers Vol.1/One Shots/Music Hits/KLR1_E_Piano_Hit_29.wav,dnb,oneshot,One Shots
SMALL_SAMPLES/dnb_KAN Liquid Rollers Vol.1/One Shots/Music Hits/KLR1_A_Piano_Hit_04.wav,dnb,oneshot,One Shots
SMALL_SAMPLES/dnb_KAN Liquid Rollers Vol.1/One Shots/Music Hits/KLR1_E_Piano_Hit_28.wav,dnb,oneshot,One Shots
SMALL_SAMPLES/dnb_KAN Liquid Rollers Vol.1/One Shots/Music Hits/KLR1_G_Piano_Hit_47.wav,dnb,oneshot,One Shots
SMALL_SAMPLES/dnb_KAN Liquid Rollers Vol.1/One Shots/Music Hits/KLR1_A_Piano_Hit_03.wav,dnb,oneshot,One Shots
SMALL_SAMPLES/dnb_KAN Liquid Rollers Vol.1/One Shots/Music Hits/KLR1_B_Piano_Hit_09.wav,dnb,oneshot,One Shots
SMALL_SAMPLES/dnb_KAN Liquid Rollers Vol.1/One Shots/Music Hits/KLR1_B_Piano_Hit_08.wav,dnb,oneshot,One Shots
SMALL_SAMPLES/dnb_KAN Liquid Rollers Vol.1/One Shots/Music Hits/KLR1_A_Piano_Hit_02.wav,dnb,oneshot,One Shots
SMALL_SAMPLES/dnb_KAN Liquid Rollers Vol.1/One Shots/Music Hits/KLR1_C#_Piano_Hit_19.wav,dnb,oneshot,One Shots
SMALL_SAMPLES/dnb_KAN Liquid Rollers Vol.1/One Shots/Music Hits/KLR1_A_Piano_Hit_01.wav,dnb,oneshot,One Shots
SMALL_SAMPLES/dnb_KAN Liquid Rollers Vol.1/One Shots/Music Hits/KLR1_C#_Piano_Hit_18.wav,dnb,oneshot,One Shots
SMALL_SAMPLES/dnb_KAN Liquid Rollers Vol.1/One Shots/Music Hits/KLR1_F_Piano_Hit_40.wav,dnb,oneshot,One Shots
SMALL_SAMPLES/dnb_KAN Liquid Rollers Vol.1/One Shots/Music Hits/KLR1_D_Rhodes_Hit_23.wav,dnb,oneshot,One Shots
SMALL_SAMPLES/dnb_KAN Liquid Rollers Vol.1/One Shots/Music Hits/KLR1_F_Piano_Hit_41.wav,dnb,oneshot,One Shots
SMALL_SAMPLES/dnb_KAN Liquid Rollers Vol.1/One Shots/Music Hits/KLR1_F_Piano_Hit_43.wav,dnb,oneshot,One Shots
SMALL_SAMPLES/dnb_KAN Liquid Rollers Vol.1/One Shots/Music Hits/KLR1_F_Music_Hit_39.wav,dnb,oneshot,One Shots
SMALL_SAMPLES/dnb_KAN Liquid Rollers Vol.1/One Shots/Music Hits/KLR1_F_Piano_Hit_42.wav,dnb,oneshot,One Shots
SMALL_SAMPLES/dnb_KAN Liquid Rollers Vol.1/One Shots/Music Hits/KLR1_G#_Piano_Hit_50.wav,dnb,oneshot,One Shots
SMALL_SAMPLES/dnb_KAN Liquid Rollers Vol.1/One Shots/Music Hits/KLR1_F#_Piano_Hit_46.wav,dnb,oneshot,One Shots
SMALL_SAMPLES/dnb_KAN Liquid Rollers Vol.1/One Shots/Music Hits/KLR1_D#_Piano_Hit_25.wav,dnb,oneshot,One Shots
SMALL_SAMPLES/dnb_KAN Liquid Rollers Vol.1/One Shots/Music Hits/KLR1_E_Rhodes_Hit_37.wav,dnb,oneshot,One Shots
SMALL_SAMPLES/dnb_KAN Liquid Rollers Vol.1/One Shots/Music Hits/KLR1_E_Rhodes_Hit_36.wav,dnb,oneshot,One Shots
SMALL_SAMPLES/dnb_KAN Liquid Rollers Vol.1/One Shots/Music Hits/KLR1_D_Rhodes_Hit_24.wav,dnb,oneshot,One Shots
SMALL_SAMPLES/dnb_KAN Liquid Rollers Vol.1/One Shots/Music Hits/KLR1_F#_Piano_Hit_45.wav,dnb,oneshot,One Shots
SMALL_SAMPLES/dnb_KAN Liquid Rollers Vol.1/One Shots/Music Hits/KLR1_D#_Piano_Hit_26.wav,dnb,oneshot,One Shots
SMALL_SAMPLES/dnb_KAN Liquid Rollers Vol.1/One Shots/Music Hits/KLR1_E_Rhodes_Hit_34.wav,dnb,oneshot,One Shots
SMALL_SAMPLES/dnb_KAN Liquid Rollers Vol.1/One Shots/Music Hits/KLR1_F_Rhodes_Hit_44.wav,dnb,oneshot,One Shots
SMALL_SAMPLES/dnb_KAN Liquid Rollers Vol.1/One Shots/Music Hits/KLR1_E_Rhodes_Hit_35.wav,dnb,oneshot,One Shots
SMALL_SAMPLES/dnb_KAN Liquid Rollers Vol.1/One Shots/Music Hits/KLR1_D_Piano_Hit_21.wav,dnb,oneshot,One Shots
SMALL_SAMPLES/dnb_KAN Liquid Rollers Vol.1/One Shots/Music Hits/KLR1_E_Rhodes_Hit_38.wav,dnb,oneshot,One Shots
SMALL_SAMPLES/dnb_KAN Liquid Rollers Vol.1/One Shots/Music Hits/KLR1_C_Piano_Hit_13.wav,dnb,oneshot,One Shots
SMALL_SAMPLES/dnb_KAN Liquid Rollers Vol.1/One Shots/Music Hits/KLR1_D_Piano_Hit_20.wav,dnb,oneshot,One Shots
SMALL_SAMPLES/dnb_KAN Liquid Rollers Vol.1/One Shots/Music Hits/KLR1_D_Piano_Hit_22.wav,dnb,oneshot,One Shots
SMALL_SAMPLES/dnb_KAN Liquid Rollers Vol.1/One Shots/Music Hits/KLR1_A#_Piano_Hit_07.wav,dnb,oneshot,One Shots
SMALL_SAMPLES/dnb_KAN Liquid Rollers Vol.1/One Shots/Music Hits/KLR1_C_Piano_Hit_15.wav,dnb,oneshot,One Shots
SMALL_SAMPLES/dnb_KAN Liquid Rollers Vol.1/One Shots/Music Hits/KLR1_C_Piano_Hit_14.wav,dnb,oneshot,One Shots
SMALL_SAMPLES/dnb_KAN Liquid Rollers Vol.1/One Shots/Music Hits/KLR1_A_Rhodes_Hit_06.wav,dnb,oneshot,One Shots
SMALL_SAMPLES/dnb_KAN Liquid Rollers Vol.1/One Shots/Music Hits/KLR1_C_Piano_Hit_16.wav,dnb,oneshot,One Shots
SMALL_SAMPLES/dnb_KAN Liquid Rollers Vol.1/One Shots/Music Hits/KLR1_D#_Rhodes_Hit_27.wav,dnb,oneshot,One Shots
SMALL_SAMPLES/dnb_KAN Liquid Rollers Vol.1/One Shots/Music Hits/KLR1_A_Rhodes_Hit_05.wav,dnb,oneshot,One Shots
SMALL_SAMPLES/dnb_KAN Liquid Rollers Vol.1/One Shots/Music Hits/KLR1_G_Piano_Hit_48.wav,dnb,oneshot,One Shots
SMALL_SAMPLES/dnb_KAN Liquid Rollers Vol.1/One Shots/Music Hits/KLR1_B_Rhodes_Hit_12.wav,dnb,oneshot,One Shots
SMALL_SAMPLES/dnb_KAN Liquid Rollers Vol.1/One Shots/Music Hits/KLR1_G_Piano_Hit_49.wav,dnb,oneshot,One Shots
SMALL_SAMPLES/dnb_KAN Liquid Rollers Vol.1/One Shots/Music Hits/KLR1_B_Piano_Hit_10.wav,dnb,oneshot,One Shots
SMALL_SAMPLES/dnb_KAN Liquid Rollers Vol.1/One Shots/Music Hits/KLR1_B_Rhodes_Hit_11.wav,dnb,oneshot,One Shots
SMALL_SAMPLES/dnb_KAN Liquid Rollers Vol.1/One Shots/Music Hits/KLR1_C#_Piano_Hit_17.wav,dnb,oneshot,One Shots
SMALL_SAMPLES/dnb_KAN Liquid Rollers Vol.1/One Shots/Music Hits/KLR1_E_Piano_Hit_32.wav,dnb,oneshot,One Shots
SMALL_SAMPLES/dnb_KAN Liquid Rollers Vol.1/One Shots/Music Hits/KLR1_E_Piano_Hit_33.wav,dnb,oneshot,One Shots
SMALL_SAMPLES/dnb_KAN Liquid Rollers Vol.1/One Shots/Music Hits/KLR1_E_Piano_Hit_31.wav,dnb,oneshot,One Shots
SMALL_SAMPLES/dnb_KAN Liquid Rollers Vol.1/One Shots/Music Hits/KLR1_E_Piano_Hit_30.wav,dnb,oneshot,One Shots
SMALL_SAMPLES/dnb_KAN Liquid Rollers Vol.1/One Shots/Synth Hits/KLR1_G_Synth_Hit_31.wav,dnb,oneshot,One Shots
SMALL_SAMPLES/dnb_KAN Liquid Rollers Vol.1/One Shots/Synth Hits/KLR1_C_Synth_Hit_09.wav,dnb,oneshot,One Shots
SMALL_SAMPLES/dnb_KAN Liquid Rollers Vol.1/One Shots/Synth Hits/KLR1_C_Synth_Hit_21.wav,dnb,oneshot,One Shots
SMALL_SAMPLES/dnb_KAN Liquid Rollers Vol.1/One Shots/Synth Hits/KLR1_C_Synth_Hit_20.wav,dnb,oneshot,One Shots
SMALL_SAMPLES/dnb_KAN Liquid Rollers Vol.1/One Shots/Synth Hits/KLR1_C_Synth_Hit_08.wav,dnb,oneshot,One Shots
SMALL_SAMPLES/dnb_KAN Liquid Rollers Vol.1/One Shots/Synth Hits/KLR1_C_Synth_Hit_22.wav,dnb,oneshot,One Shots
SMALL_SAMPLES/dnb_KAN Liquid Rollers Vol.1/One Shots/Synth Hits/KLR1_C_Synth_Hit_23.wav,dnb,oneshot,One Shots
SMALL_SAMPLES/dnb_KAN Liquid Rollers Vol.1/One Shots/Synth Hits/KLR1_C_Synth_Hit_18.wav,dnb,oneshot,One Shots
SMALL_SAMPLES/dnb_KAN Liquid Rollers Vol.1/One Shots/Synth Hits/KLR1_C_Synth_Hit_19.wav,dnb,oneshot,One Shots
SMALL_SAMPLES/dnb_KAN Liquid Rollers Vol.1/One Shots/Synth Hits/KLR1_F_Synth_Hit_30.wav,dnb,oneshot,One Shots
SMALL_SAMPLES/dnb_KAN Liquid Rollers Vol.1/One Shots/Synth Hits/KLR1_E_Synth_Hit_27.wav,dnb,oneshot,One Shots
SMALL_SAMPLES/dnb_KAN Liquid Rollers Vol.1/One Shots/Synth Hits/KLR1_F_Synth_Hit_28.wav,dnb,oneshot,One Shots
SMALL_SAMPLES/dnb_KAN Liquid Rollers Vol.1/One Shots/Synth Hits/KLR1_F_Synth_Hit_29.wav,dnb,oneshot,One Shots
SMALL_SAMPLES/dnb_KAN Liquid Rollers Vol.1/One Shots/Synth Hits/KLR1_D_Synth_Hit_26.wav,dnb,oneshot,One Shots
SMALL_SAMPLES/dnb_KAN Liquid Rollers Vol.1/One Shots/Synth Hits/KLR1_C_Synth_Hit_14.wav,dnb,oneshot,One Shots
SMALL_SAMPLES/dnb_KAN Liquid Rollers Vol.1/One Shots/Synth Hits/KLR1_C_Synth_Hit_15.wav,dnb,oneshot,One Shots
SMALL_SAMPLES/dnb_KAN Liquid Rollers Vol.1/One Shots/Synth Hits/KLR1_C_Synth_Hit_01.wav,dnb,oneshot,One Shots
SMALL_SAMPLES/dnb_KAN Liquid Rollers Vol.1/One Shots/Synth Hits/KLR1_D_Synth_Hit_25.wav,dnb,oneshot,One Shots
SMALL_SAMPLES/dnb_KAN Liquid Rollers Vol.1/One Shots/Synth Hits/KLR1_C_Synth_Hit_17.wav,dnb,oneshot,One Shots
SMALL_SAMPLES/dnb_KAN Liquid Rollers Vol.1/One Shots/Synth Hits/KLR1_C_Synth_Hit_03.wav,dnb,oneshot,One Shots
SMALL_SAMPLES/dnb_KAN Liquid Rollers Vol.1/One Shots/Synth Hits/KLR1_C_Synth_Hit_02.wav,dnb,oneshot,One Shots
SMALL_SAMPLES/dnb_KAN Liquid Rollers Vol.1/One Shots/Synth Hits/KLR1_C_Synth_Hit_16.wav,dnb,oneshot,One Shots
SMALL_SAMPLES/dnb_KAN Liquid Rollers Vol.1/One Shots/Synth Hits/KLR1_D_Synth_Hit_24.wav,dnb,oneshot,One Shots
SMALL_SAMPLES/dnb_KAN Liquid Rollers Vol.1/One Shots/Synth Hits/KLR1_C_Synth_Hit_12.wav,dnb,oneshot,One Shots
SMALL_SAMPLES/dnb_KAN Liquid Rollers Vol.1/One Shots/Synth Hits/KLR1_C_Synth_Hit_06.wav,dnb,oneshot,One Shots
SMALL_SAMPLES/dnb_KAN Liquid Rollers Vol.1/One Shots/Synth Hits/KLR1_C_Synth_Hit_07.wav,dnb,oneshot,One Shots
SMALL_SAMPLES/dnb_KAN Liquid Rollers Vol.1/One Shots/Synth Hits/KLR1_C_Synth_Hit_13.wav,dnb,oneshot,One Shots
SMALL_SAMPLES/dnb_KAN Liquid Rollers Vol.1/One Shots/Synth Hits/KLR1_C_Synth_Hit_05.wav,dnb,oneshot,One Shots
SMALL_SAMPLES/dnb_KAN Liquid Rollers Vol.1/One Shots/Synth Hits/KLR1_C_Synth_Hit_11.wav,dnb,oneshot,One Shots
SMALL_SAMPLES/dnb_KAN Liquid Rollers Vol.1/One Shots/Synth Hits/KLR1_C_Synth_Hit_10.wav,dnb,oneshot,One Shots
SMALL_SAMPLES/dnb_KAN Liquid Rollers Vol.1/One Shots/Synth Hits/KLR1_C_Synth_Hit_04.wav,dnb,oneshot,One Shots
SMALL_SAMPLES/dnb_KAN Liquid Rollers Vol.1/One Shots/Kicks/KLR1_Kick_05.wav,dnb,oneshot,One Shots
SMALL_SAMPLES/dnb_KAN Liquid Rollers Vol.1/One Shots/Kicks/KLR1_Kick_11.wav,dnb,oneshot,One Shots
SMALL_SAMPLES/dnb_KAN Liquid Rollers Vol.1/One Shots/Kicks/KLR1_Kick_10.wav,dnb,oneshot,One Shots
SMALL_SAMPLES/dnb_KAN Liquid Rollers Vol.1/One Shots/Kicks/KLR1_Kick_04.wav,dnb,oneshot,One Shots
SMALL_SAMPLES/dnb_KAN Liquid Rollers Vol.1/One Shots/Kicks/KLR1_Kick_12.wav,dnb,oneshot,One Shots
SMALL_SAMPLES/dnb_KAN Liquid Rollers Vol.1/One Shots/Kicks/KLR1_Kick_06.wav,dnb,oneshot,One Shots
SMALL_SAMPLES/dnb_KAN Liquid Rollers Vol.1/One Shots/Kicks/KLR1_Kick_07.wav,dnb,oneshot,One Shots
SMALL_SAMPLES/dnb_KAN Liquid Rollers Vol.1/One Shots/Kicks/KLR1_Kick_13.wav,dnb,oneshot,One Shots
SMALL_SAMPLES/dnb_KAN Liquid Rollers Vol.1/One Shots/Kicks/KLR1_Kick_17.wav,dnb,oneshot,One Shots
SMALL_SAMPLES/dnb_KAN Liquid Rollers Vol.1/One Shots/Kicks/KLR1_Kick_03.wav,dnb,oneshot,One Shots
SMALL_SAMPLES/dnb_KAN Liquid Rollers Vol.1/One Shots/Kicks/KLR1_Kick_02.wav,dnb,oneshot,One Shots
SMALL_SAMPLES/dnb_KAN Liquid Rollers Vol.1/One Shots/Kicks/KLR1_Kick_16.wav,dnb,oneshot,One Shots
SMALL_SAMPLES/dnb_KAN Liquid Rollers Vol.1/One Shots/Kicks/KLR1_Kick_14.wav,dnb,oneshot,One Shots
SMALL_SAMPLES/dnb_KAN Liquid Rollers Vol.1/One Shots/Kicks/KLR1_Kick_28.wav,dnb,oneshot,One Shots
SMALL_SAMPLES/dnb_KAN Liquid Rollers Vol.1/One Shots/Kicks/KLR1_Kick_29.wav,dnb,oneshot,One Shots
SMALL_SAMPLES/dnb_KAN Liquid Rollers Vol.1/One Shots/Kicks/KLR1_Kick_15.wav,dnb,oneshot,One Shots
SMALL_SAMPLES/dnb_KAN Liquid Rollers Vol.1/One Shots/Kicks/KLR1_Kick_01.wav,dnb,oneshot,One Shots
SMALL_SAMPLES/dnb_KAN Liquid Rollers Vol.1/One Shots/Kicks/KLR1_Kick_18.wav,dnb,oneshot,One Shots
SMALL_SAMPLES/dnb_KAN Liquid Rollers Vol.1/One Shots/Kicks/KLR1_Kick_24.wav,dnb,oneshot,One Shots
SMALL_SAMPLES/dnb_KAN Liquid Rollers Vol.1/One Shots/Kicks/KLR1_Kick_30.wav,dnb,oneshot,One Shots
SMALL_SAMPLES/dnb_KAN Liquid Rollers Vol.1/One Shots/Kicks/KLR1_Kick_31.wav,dnb,oneshot,One Shots
SMALL_SAMPLES/dnb_KAN Liquid Rollers Vol.1/One Shots/Kicks/KLR1_Kick_25.wav,dnb,oneshot,One Shots
SMALL_SAMPLES/dnb_KAN Liquid Rollers Vol.1/One Shots/Kicks/KLR1_Kick_19.wav,dnb,oneshot,One Shots
SMALL_SAMPLES/dnb_KAN Liquid Rollers Vol.1/One Shots/Kicks/KLR1_Kick_27.wav,dnb,oneshot,One Shots
SMALL_SAMPLES/dnb_KAN Liquid Rollers Vol.1/One Shots/Kicks/KLR1_Kick_26.wav,dnb,oneshot,One Shots
SMALL_SAMPLES/dnb_KAN Liquid Rollers Vol.1/One Shots/Kicks/KLR1_Kick_32.wav,dnb,oneshot,One Shots
SMALL_SAMPLES/dnb_KAN Liquid Rollers Vol.1/One Shots/Kicks/KLR1_Kick_22.wav,dnb,oneshot,One Shots
SMALL_SAMPLES/dnb_KAN Liquid Rollers Vol.1/One Shots/Kicks/KLR1_Kick_23.wav,dnb,oneshot,One Shots
SMALL_SAMPLES/dnb_KAN Liquid Rollers Vol.1/One Shots/Kicks/KLR1_Kick_21.wav,dnb,oneshot,One Shots
SMALL_SAMPLES/dnb_KAN Liquid Rollers Vol.1/One Shots/Kicks/KLR1_Kick_09.wav,dnb,oneshot,One Shots
SMALL_SAMPLES/dnb_KAN Liquid Rollers Vol.1/One Shots/Kicks/KLR1_Kick_08.wav,dnb,oneshot,One Shots
SMALL_SAMPLES/dnb_KAN Liquid Rollers Vol.1/One Shots/Kicks/KLR1_Kick_20.wav,dnb,oneshot,One Shots
SMALL_SAMPLES/techno_TWHS - Hard Groove Essentials (Vol. 1)/Drum Oneshots/Cymbals/Open Hat/TWHS_HGE1_OPEN_HAT_08.wav,techno,oneshot,Drum Oneshots
SMALL_SAMPLES/techno_TWHS - Hard Groove Essentials (Vol. 1)/Drum Oneshots/Cymbals/Open Hat/TWHS_HGE1_OPEN_HAT_20.wav,techno,oneshot,Drum Oneshots
SMALL_SAMPLES/techno_TWHS - Hard Groove Essentials (Vol. 1)/Drum Oneshots/Cymbals/Open Hat/TWHS_HGE1_OPEN_HAT_09.wav,techno,oneshot,Drum Oneshots
SMALL_SAMPLES/techno_TWHS - Hard Groove Essentials (Vol. 1)/Drum Oneshots/Cymbals/Open Hat/TWHS_HGE1_OPEN_HAT_19.wav,techno,oneshot,Drum Oneshots
SMALL_SAMPLES/techno_TWHS - Hard Groove Essentials (Vol. 1)/Drum Oneshots/Cymbals/Open Hat/TWHS_HGE1_OPEN_HAT_18.wav,techno,oneshot,Drum Oneshots
SMALL_SAMPLES/techno_TWHS - Hard Groove Essentials (Vol. 1)/Drum Oneshots/Cymbals/Open Hat/TWHS_HGE1_OPEN_HAT_02.wav,techno,oneshot,Drum Oneshots
SMALL_SAMPLES/techno_TWHS - Hard Groove Essentials (Vol. 1)/Drum Oneshots/Cymbals/Open Hat/TWHS_HGE1_OPEN_HAT_16.wav,techno,oneshot,Drum Oneshots
SMALL_SAMPLES/techno_TWHS - Hard Groove Essentials (Vol. 1)/Drum Oneshots/Cymbals/Open Hat/TWHS_HGE1_OPEN_HAT_17.wav,techno,oneshot,Drum Oneshots
SMALL_SAMPLES/techno_TWHS - Hard Groove Essentials (Vol. 1)/Drum Oneshots/Cymbals/Open Hat/TWHS_HGE1_OPEN_HAT_03.wav,techno,oneshot,Drum Oneshots
SMALL_SAMPLES/techno_TWHS - Hard Groove Essentials (Vol. 1)/Drum Oneshots/Cymbals/Open Hat/TWHS_HGE1_OPEN_HAT_15.wav,techno,oneshot,Drum Oneshots
SMALL_SAMPLES/techno_TWHS - Hard Groove Essentials (Vol. 1)/Drum Oneshots/Cymbals/Open Hat/TWHS_HGE1_OPEN_HAT_01.wav,techno,oneshot,Drum Oneshots
SMALL_SAMPLES/techno_TWHS - Hard Groove Essentials (Vol. 1)/Drum Oneshots/Cymbals/Open Hat/TWHS_HGE1_OPEN_HAT_14.wav,techno,oneshot,Drum Oneshots
SMALL_SAMPLES/techno_TWHS - Hard Groove Essentials (Vol. 1)/Drum Oneshots/Cymbals/Open Hat/TWHS_HGE1_OPEN_HAT_10.wav,techno,oneshot,Drum Oneshots
SMALL_SAMPLES/techno_TWHS - Hard Groove Essentials (Vol. 1)/Drum Oneshots/Cymbals/Open Hat/TWHS_HGE1_OPEN_HAT_04.wav,techno,oneshot,Drum Oneshots
SMALL_SAMPLES/techno_TWHS - Hard Groove Essentials (Vol. 1)/Drum Oneshots/Cymbals/Open Hat/TWHS_HGE1_OPEN_HAT_05.wav,techno,oneshot,Drum Oneshots
SMALL_SAMPLES/techno_TWHS - Hard Groove Essentials (Vol. 1)/Drum Oneshots/Cymbals/Open Hat/TWHS_HGE1_OPEN_HAT_11.wav,techno,oneshot,Drum Oneshots
SMALL_SAMPLES/techno_TWHS - Hard Groove Essentials (Vol. 1)/Drum Oneshots/Cymbals/Open Hat/TWHS_HGE1_OPEN_HAT_07.wav,techno,oneshot,Drum Oneshots
SMALL_SAMPLES/techno_TWHS - Hard Groove Essentials (Vol. 1)/Drum Oneshots/Cymbals/Open Hat/TWHS_HGE1_OPEN_HAT_13.wav,techno,oneshot,Drum Oneshots
SMALL_SAMPLES/techno_TWHS - Hard Groove Essentials (Vol. 1)/Drum Oneshots/Cymbals/Open Hat/TWHS_HGE1_OPEN_HAT_12.wav,techno,oneshot,Drum Oneshots
SMALL_SAMPLES/techno_TWHS - Hard Groove Essentials (Vol. 1)/Drum Oneshots/Cymbals/Open Hat/TWHS_HGE1_OPEN_HAT_06.wav,techno,oneshot,Drum Oneshots
SMALL_SAMPLES/techno_TWHS - Hard Groove Essentials (Vol. 1)/Drum Oneshots/Cymbals/Rides/TWHS_HGE1_RIDE_02.wav,techno,oneshot,Drum Oneshots
SMALL_SAMPLES/techno_TWHS - Hard Groove Essentials (Vol. 1)/Drum Oneshots/Cymbals/Rides/TWHS_HGE1_RIDE_03.wav,techno,oneshot,Drum Oneshots
SMALL_SAMPLES/techno_TWHS - Hard Groove Essentials (Vol. 1)/Drum Oneshots/Cymbals/Rides/TWHS_HGE1_RIDE_01.wav,techno,oneshot,Drum Oneshots
SMALL_SAMPLES/techno_TWHS - Hard Groove Essentials (Vol. 1)/Drum Oneshots/Cymbals/Rides/TWHS_HGE1_RIDE_04.wav,techno,oneshot,Drum Oneshots
SMALL_SAMPLES/techno_TWHS - Hard Groove Essentials (Vol. 1)/Drum Oneshots/Cymbals/Rides/TWHS_HGE1_RIDE_10.wav,techno,oneshot,Drum Oneshots
SMALL_SAMPLES/techno_TWHS - Hard Groove Essentials (Vol. 1)/Drum Oneshots/Cymbals/Rides/TWHS_HGE1_RIDE_05.wav,techno,oneshot,Drum Oneshots
SMALL_SAMPLES/techno_TWHS - Hard Groove Essentials (Vol. 1)/Drum Oneshots/Cymbals/Rides/TWHS_HGE1_RIDE_07.wav,techno,oneshot,Drum Oneshots
SMALL_SAMPLES/techno_TWHS - Hard Groove Essentials (Vol. 1)/Drum Oneshots/Cymbals/Rides/TWHS_HGE1_RIDE_06.wav,techno,oneshot,Drum Oneshots
SMALL_SAMPLES/techno_TWHS - Hard Groove Essentials (Vol. 1)/Drum Oneshots/Cymbals/Rides/TWHS_HGE1_RIDE_08.wav,techno,oneshot,Drum Oneshots
SMALL_SAMPLES/techno_TWHS - Hard Groove Essentials (Vol. 1)/Drum Oneshots/Cymbals/Rides/TWHS_HGE1_RIDE_09.wav,techno,oneshot,Drum Oneshots
SMALL_SAMPLES/techno_TWHS - Hard Groove Essentials (Vol. 1)/Drum Oneshots/Cymbals/Closed Hat/TWHS_HGE1_CLOSED_HAT_07.wav,techno,oneshot,Drum Oneshots
SMALL_SAMPLES/techno_TWHS - Hard Groove Essentials (Vol. 1)/Drum Oneshots/Cymbals/Closed Hat/TWHS_HGE1_CLOSED_HAT_13.wav,techno,oneshot,Drum Oneshots
SMALL_SAMPLES/techno_TWHS - Hard Groove Essentials (Vol. 1)/Drum Oneshots/Cymbals/Closed Hat/TWHS_HGE1_CLOSED_HAT_12.wav,techno,oneshot,Drum Oneshots
SMALL_SAMPLES/techno_TWHS - Hard Groove Essentials (Vol. 1)/Drum Oneshots/Cymbals/Closed Hat/TWHS_HGE1_CLOSED_HAT_06.wav,techno,oneshot,Drum Oneshots
SMALL_SAMPLES/techno_TWHS - Hard Groove Essentials (Vol. 1)/Drum Oneshots/Cymbals/Closed Hat/TWHS_HGE1_CLOSED_HAT_10.wav,techno,oneshot,Drum Oneshots
SMALL_SAMPLES/techno_TWHS - Hard Groove Essentials (Vol. 1)/Drum Oneshots/Cymbals/Closed Hat/TWHS_HGE1_CLOSED_HAT_04.wav,techno,oneshot,Drum Oneshots
SMALL_SAMPLES/techno_TWHS - Hard Groove Essentials (Vol. 1)/Drum Oneshots/Cymbals/Closed Hat/TWHS_HGE1_CLOSED_HAT_05.wav,techno,oneshot,Drum Oneshots
SMALL_SAMPLES/techno_TWHS - Hard Groove Essentials (Vol. 1)/Drum Oneshots/Cymbals/Closed Hat/TWHS_HGE1_CLOSED_HAT_11.wav,techno,oneshot,Drum Oneshots
SMALL_SAMPLES/techno_TWHS - Hard Groove Essentials (Vol. 1)/Drum Oneshots/Cymbals/Closed Hat/TWHS_HGE1_CLOSED_HAT_15.wav,techno,oneshot,Drum Oneshots
SMALL_SAMPLES/techno_TWHS - Hard Groove Essentials (Vol. 1)/Drum Oneshots/Cymbals/Closed Hat/TWHS_HGE1_CLOSED_HAT_01.wav,techno,oneshot,Drum Oneshots
SMALL_SAMPLES/techno_TWHS - Hard Groove Essentials (Vol. 1)/Drum Oneshots/Cymbals/Closed Hat/TWHS_HGE1_CLOSED_HAT_14.wav,techno,oneshot,Drum Oneshots
SMALL_SAMPLES/techno_TWHS - Hard Groove Essentials (Vol. 1)/Drum Oneshots/Cymbals/Closed Hat/TWHS_HGE1_CLOSED_HAT_02.wav,techno,oneshot,Drum Oneshots
SMALL_SAMPLES/techno_TWHS - Hard Groove Essentials (Vol. 1)/Drum Oneshots/Cymbals/Closed Hat/TWHS_HGE1_CLOSED_HAT_16.wav,techno,oneshot,Drum Oneshots
SMALL_SAMPLES/techno_TWHS - Hard Groove Essentials (Vol. 1)/Drum Oneshots/Cymbals/Closed Hat/TWHS_HGE1_CLOSED_HAT_17.wav,techno,oneshot,Drum Oneshots
SMALL_SAMPLES/techno_TWHS - Hard Groove Essentials (Vol. 1)/Drum Oneshots/Cymbals/Closed Hat/TWHS_HGE1_CLOSED_HAT_03.wav,techno,oneshot,Drum Oneshots
SMALL_SAMPLES/techno_TWHS - Hard Groove Essentials (Vol. 1)/Drum Oneshots/Cymbals/Closed Hat/TWHS_HGE1_CLOSED_HAT_19.wav,techno,oneshot,Drum Oneshots
SMALL_SAMPLES/techno_TWHS - Hard Groove Essentials (Vol. 1)/Drum Oneshots/Cymbals/Closed Hat/TWHS_HGE1_CLOSED_HAT_18.wav,techno,oneshot,Drum Oneshots
SMALL_SAMPLES/techno_TWHS - Hard Groove Essentials (Vol. 1)/Drum Oneshots/Cymbals/Closed Hat/TWHS_HGE1_CLOSED_HAT_20.wav,techno,oneshot,Drum Oneshots
SMALL_SAMPLES/techno_TWHS - Hard Groove Essentials (Vol. 1)/Drum Oneshots/Cymbals/Closed Hat/TWHS_HGE1_CLOSED_HAT_08.wav,techno,oneshot,Drum Oneshots
SMALL_SAMPLES/techno_TWHS - Hard Groove Essentials (Vol. 1)/Drum Oneshots/Cymbals/Closed Hat/TWHS_HGE1_CLOSED_HAT_09.wav,techno,oneshot,Drum Oneshots
SMALL_SAMPLES/techno_TWHS - Hard Groove Essentials (Vol. 1)/Vocals/Phrases/Dry/TWHS_HGE1_VOX_VIBES_ALRIGHT_145.wav,techno,other,Vocals
SMALL_SAMPLES/techno_TWHS - Hard Groove Essentials (Vol. 1)/Vocals/Phrases/Dry/TWHS_HGE1_VOX_ENERGY_HIGH_145.wav,techno,other,Vocals
SMALL_SAMPLES/techno_TWHS - Hard Groove Essentials (Vol. 1)/Vocals/Phrases/Dry/TWHS_HGE1_VOX_FEEL_THE_BEAT_MOVE_YOUR_FEET_145.wav,techno,other,Vocals
SMALL_SAMPLES/techno_TWHS - Hard Groove Essentials (Vol. 1)/Vocals/Phrases/Dry/TWHS_HGE1_VOX_RHYTHMS_HOT_145.wav,techno,other,Vocals
SMALL_SAMPLES/techno_TWHS - Hard Groove Essentials (Vol. 1)/Vocals/Phrases/Dry/TWHS_HGE1_VOX_MUSIC_LOUD_145.wav,techno,other,Vocals
SMALL_SAMPLES/techno_TWHS - Hard Groove Essentials (Vol. 1)/Vocals/Phrases/Dry/TWHS_HGE1_VOX_DROP_THE_SOUND_145.wav,techno,other,Vocals
SMALL_SAMPLES/techno_TWHS - Hard Groove Essentials (Vol. 1)/Vocals/Phrases/Dry/TWHS_HGE1_VOX_DANCE_ALL_NIGHT_145.wav,techno,other,Vocals
SMALL_SAMPLES/techno_TWHS - Hard Groove Essentials (Vol. 1)/Vocals/Phrases/Dry/TWHS_HGE1_VOX_FEEL_THE_BASS_145.wav,techno,other,Vocals
SMALL_SAMPLES/techno_TWHS - Hard Groove Essentials (Vol. 1)/Vocals/Phrases/Dry/TWHS_HGE1_VOX_HANDS_IN_THE_AIR_145.wav,techno,other,Vocals
SMALL_SAMPLES/techno_TWHS - Hard Groove Essentials (Vol. 1)/Vocals/Phrases/Dry/TWHS_HGE1_VOX_FEEL_THE_VIBE_145.wav,techno,other,Vocals
SMALL_SAMPLES/techno_TWHS - Hard Groove Essentials (Vol. 1)/Vocals/Phrases/Dry/TWHS_HGE1_VOX_LET_IT_FLOW_145.wav,techno,other,Vocals
SMALL_SAMPLES/techno_TWHS - Hard Groove Essentials (Vol. 1)/Vocals/Phrases/Dry/TWHS_HGE1_VOX_MOVE_TO_THE_GROOVE_145.wav,techno,other,Vocals
SMALL_SAMPLES/techno_TWHS - Hard Groove Essentials (Vol. 1)/Vocals/Phrases/Dry/TWHS_HGE1_VOX_DROP_THE_BEAT_145.wav,techno,other,Vocals
SMALL_SAMPLES/techno_TWHS - Hard Groove Essentials (Vol. 1)/Vocals/Phrases/Dry/TWHS_HGE1_VOX_FEEL_THE_GROOVE_145.wav,techno,other,Vocals
SMALL_SAMPLES/techno_TWHS - Hard Groove Essentials (Vol. 1)/Vocals/Phrases/Dry/TWHS_HGE1_VOX_TURN_IT_UP_145.wav,techno,other,Vocals
SMALL_SAMPLES/techno_TWHS - Hard Groove Essentials (Vol. 1)/Drum Oneshots/Cymbals/Crashes/Reversed/TWHS_HGE1_REV_CRASH_09_145BPM.wav,techno,oneshot,Drum Oneshots
SMALL_SAMPLES/techno_TWHS - Hard Groove Essentials (Vol. 1)/Drum Oneshots/Cymbals/Crashes/Reversed/TWHS_HGE1_REV_CRASH_15_145BPM.wav,techno,oneshot,Drum Oneshots
SMALL_SAMPLES/techno_TWHS - Hard Groove Essentials (Vol. 1)/Drum Oneshots/Cymbals/Crashes/Reversed/TWHS_HGE1_REV_CRASH_18_145BPM.wav,techno,oneshot,Drum Oneshots
SMALL_SAMPLES/techno_TWHS - Hard Groove Essentials (Vol. 1)/Drum Oneshots/Cymbals/Crashes/Reversed/TWHS_HGE1_REV_CRASH_01_145BPM.wav,techno,oneshot,Drum Oneshots
SMALL_SAMPLES/techno_TWHS - Hard Groove Essentials (Vol. 1)/Drum Oneshots/Cymbals/Crashes/Reversed/TWHS_HGE1_REV_CRASH_10_145BPM.wav,techno,oneshot,Drum Oneshots
SMALL_SAMPLES/techno_TWHS - Hard Groove Essentials (Vol. 1)/Drum Oneshots/Cymbals/Crashes/Reversed/TWHS_HGE1_REV_CRASH_20_145BPM.wav,techno,oneshot,Drum Oneshots
SMALL_SAMPLES/techno_TWHS - Hard Groove Essentials (Vol. 1)/Drum Oneshots/Cymbals/Crashes/Reversed/TWHS_HGE1_REV_CRASH_17_145BPM.wav,techno,oneshot,Drum Oneshots
SMALL_SAMPLES/techno_TWHS - Hard Groove Essentials (Vol. 1)/Drum Oneshots/Cymbals/Crashes/Reversed/TWHS_HGE1_REV_CRASH_02_144BPM.wav,techno,oneshot,Drum Oneshots
SMALL_SAMPLES/techno_TWHS - Hard Groove Essentials (Vol. 1)/Drum Oneshots/Cymbals/Crashes/Reversed/TWHS_HGE1_REV_CRASH_06_145BPM.wav,techno,oneshot,Drum Oneshots
SMALL_SAMPLES/techno_TWHS - Hard Groove Essentials (Vol. 1)/Drum Oneshots/Cymbals/Crashes/Reversed/TWHS_HGE1_REV_CRASH_12_145BPM.wav,techno,oneshot,Drum Oneshots
SMALL_SAMPLES/techno_TWHS - Hard Groove Essentials (Vol. 1)/Drum Oneshots/Cymbals/Crashes/Reversed/TWHS_HGE1_REV_CRASH_04_144BPM.wav,techno,oneshot,Drum Oneshots
SMALL_SAMPLES/techno_TWHS - Hard Groove Essentials (Vol. 1)/Drum Oneshots/Cymbals/Crashes/Reversed/TWHS_HGE1_REV_CRASH_11_145BPM.wav,techno,oneshot,Drum Oneshots
SMALL_SAMPLES/techno_TWHS - Hard Groove Essentials (Vol. 1)/Drum Oneshots/Cymbals/Crashes/Reversed/TWHS_HGE1_REV_CRASH_08_145BPM.wav,techno,oneshot,Drum Oneshots
SMALL_SAMPLES/techno_TWHS - Hard Groove Essentials (Vol. 1)/Drum Oneshots/Cymbals/Crashes/Reversed/TWHS_HGE1_REV_CRASH_14_145BPM.wav,techno,oneshot,Drum Oneshots
SMALL_SAMPLES/techno_TWHS - Hard Groove Essentials (Vol. 1)/Drum Oneshots/Cymbals/Crashes/Reversed/TWHS_HGE1_REV_CRASH_19_145BPM.wav,techno,oneshot,Drum Oneshots
SMALL_SAMPLES/techno_TWHS - Hard Groove Essentials (Vol. 1)/Drum Oneshots/Cymbals/Crashes/Reversed/TWHS_HGE1_REV_CRASH_13_145BPM.wav,techno,oneshot,Drum Oneshots
SMALL_SAMPLES/techno_TWHS - Hard Groove Essentials (Vol. 1)/Drum Oneshots/Cymbals/Crashes/Reversed/TWHS_HGE1_REV_CRASH_16_145BPM.wav,techno,oneshot,Drum Oneshots
SMALL_SAMPLES/techno_TWHS - Hard Groove Essentials (Vol. 1)/Drum Oneshots/Cymbals/Crashes/Reversed/TWHS_HGE1_REV_CRASH_05_143BPM.wav,techno,oneshot,Drum Oneshots
SMALL_SAMPLES/techno_TWHS - Hard Groove Essentials (Vol. 1)/Drum Oneshots/Cymbals/Crashes/Reversed/TWHS_HGE1_REV_CRASH_03_144BPM.wav,techno,oneshot,Drum Oneshots
SMALL_SAMPLES/techno_TWHS - Hard Groove Essentials (Vol. 1)/Drum Oneshots/Cymbals/Crashes/Reversed/TWHS_HGE1_REV_CRASH_07_145BPM.wav,techno,oneshot,Drum Oneshots
SMALL_SAMPLES/techno_TWHS - Hard Groove Essentials (Vol. 1)/Drum Oneshots/Cymbals/Crashes/Normal/TWHS_HGE1_CRASH_01_145BPM.wav,techno,oneshot,Drum Oneshots
SMALL_SAMPLES/techno_TWHS - Hard Groove Essentials (Vol. 1)/Drum Oneshots/Cymbals/Crashes/Normal/TWHS_HGE1_CRASH_10_145BPM.wav,techno,oneshot,Drum Oneshots
SMALL_SAMPLES/techno_TWHS - Hard Groove Essentials (Vol. 1)/Drum Oneshots/Cymbals/Crashes/Normal/TWHS_HGE1_CRASH_09_145BPM.wav,techno,oneshot,Drum Oneshots
SMALL_SAMPLES/techno_TWHS - Hard Groove Essentials (Vol. 1)/Drum Oneshots/Cymbals/Crashes/Normal/TWHS_HGE1_CRASH_15_145BPM.wav,techno,oneshot,Drum Oneshots
SMALL_SAMPLES/techno_TWHS - Hard Groove Essentials (Vol. 1)/Drum Oneshots/Cymbals/Crashes/Normal/TWHS_HGE1_CRASH_18_145BPM.wav,techno,oneshot,Drum Oneshots
SMALL_SAMPLES/techno_TWHS - Hard Groove Essentials (Vol. 1)/Drum Oneshots/Cymbals/Crashes/Normal/TWHS_HGE1_CRASH_12_145BPM.wav,techno,oneshot,Drum Oneshots
SMALL_SAMPLES/techno_TWHS - Hard Groove Essentials (Vol. 1)/Drum Oneshots/Cymbals/Crashes/Normal/TWHS_HGE1_CRASH_20_145BPM.wav,techno,oneshot,Drum Oneshots
SMALL_SAMPLES/techno_TWHS - Hard Groove Essentials (Vol. 1)/Drum Oneshots/Cymbals/Crashes/Normal/TWHS_HGE1_CRASH_17_145BPM.wav,techno,oneshot,Drum Oneshots
SMALL_SAMPLES/techno_TWHS - Hard Groove Essentials (Vol. 1)/Drum Oneshots/Cymbals/Crashes/Normal/TWHS_HGE1_CRASH_02_144BPM.wav,techno,oneshot,Drum Oneshots
SMALL_SAMPLES/techno_TWHS - Hard Groove Essentials (Vol. 1)/Drum Oneshots/Cymbals/Crashes/Normal/TWHS_HGE1_CRASH_06_145BPM.wav,techno,oneshot,Drum Oneshots
SMALL_SAMPLES/techno_TWHS - Hard Groove Essentials (Vol. 1)/Drum Oneshots/Cymbals/Crashes/Normal/TWHS_HGE1_CRASH_08_145BPM.wav,techno,oneshot,Drum Oneshots
SMALL_SAMPLES/techno_TWHS - Hard Groove Essentials (Vol. 1)/Drum Oneshots/Cymbals/Crashes/Normal/TWHS_HGE1_CRASH_14_145BPM.wav,techno,oneshot,Drum Oneshots
SMALL_SAMPLES/techno_TWHS - Hard Groove Essentials (Vol. 1)/Drum Oneshots/Cymbals/Crashes/Normal/TWHS_HGE1_CRASH_19_145BPM.wav,techno,oneshot,Drum Oneshots
SMALL_SAMPLES/techno_TWHS - Hard Groove Essentials (Vol. 1)/Drum Oneshots/Cymbals/Crashes/Normal/TWHS_HGE1_CRASH_04_144BPM.wav,techno,oneshot,Drum Oneshots
SMALL_SAMPLES/techno_TWHS - Hard Groove Essentials (Vol. 1)/Drum Oneshots/Cymbals/Crashes/Normal/TWHS_HGE1_CRASH_11_145BPM.wav,techno,oneshot,Drum Oneshots
SMALL_SAMPLES/techno_TWHS - Hard Groove Essentials (Vol. 1)/Drum Oneshots/Cymbals/Crashes/Normal/TWHS_HGE1_CRASH_16_145BPM.wav,techno,oneshot,Drum Oneshots
SMALL_SAMPLES/techno_TWHS - Hard Groove Essentials (Vol. 1)/Drum Oneshots/Cymbals/Crashes/Normal/TWHS_HGE1_CRASH_05_143BPM.wav,techno,oneshot,Drum Oneshots
SMALL_SAMPLES/techno_TWHS - Hard Groove Essentials (Vol. 1)/Drum Oneshots/Cymbals/Crashes/Normal/TWHS_HGE1_CRASH_03_144BPM.wav,techno,oneshot,Drum Oneshots
SMALL_SAMPLES/techno_TWHS - Hard Groove Essentials (Vol. 1)/Drum Oneshots/Cymbals/Crashes/Normal/TWHS_HGE1_CRASH_07_145BPM.wav,techno,oneshot,Drum Oneshots
SMALL_SAMPLES/techno_TWHS - Hard Groove Essentials (Vol. 1)/Drum Oneshots/Cymbals/Crashes/Normal/TWHS_HGE1_CRASH_13_145BPM.wav,techno,oneshot,Drum Oneshots
SMALL_SAMPLES/dnb_KAN Liquid Rollers Vol.1/Top Loops/KLR1_174_Shakerloop_01 [2024-10-31 171802] Project/Samples/Processed/Crop/KLR1_174_Shakerloop_01 [2024-10-31 171802]-1.wav,dnb,loop,Top Loops
SMALL_SAMPLES/dnb_KAN Liquid Rollers Vol.1/Top Loops/KLR1_174_Shakerloop_01 [2024-10-31 171802] Project/Samples/Processed/Crop/KLR1_174_Shakerloop_01 [2024-10-31 171802].wav,dnb,loop,Top Loops
